classification,corner_near_white,edge_near_white,edge_strict_white,edge_transparent,file_path,has_alpha,height,image_id,is_main,overall_near_white,product_id,sort_order,width
clean_white,1.0,1.0,1.0,0.0,p_6a1453c1990e2.jpg,False,800,56,1,0.65442,121,0,800
review_white,0.90297,0.84103,0.83934,0.0,p_6a1453c1997ae.jpg,False,800,57,0,0.45178,121,1,800
clean_white,1.0,0.98846,0.98798,0.0,p_6a1453c199d1f.jpg,False,800,58,0,0.65823,121,2,800
clean_white,1.0,1.0,1.0,0.0,p_6a1453c19a3bd.jpg,False,800,59,0,0.68066,121,3,800
clean_white,1.0,1.0,1.0,0.0,p_6a1453c19aa7e.jpg,False,800,60,0,0.62427,121,4,800
clean_white,1.0,1.0,1.0,0.0,p_6a1453c19b0cd.jpg,False,800,61,0,0.64877,121,5,800
review_white,0.90992,0.86011,0.85974,0.0,p_6a145ad5475ed.jpg,False,800,62,1,0.55069,444,0,800
clean_white,1.0,0.99401,0.9936,0.0,p_6a145ad547c34.jpg,False,800,63,0,0.68672,444,1,800
clean_white,1.0,1.0,1.0,0.0,p_6a145ad5482c2.jpg,False,800,64,0,0.62593,444,2,800
review_white,0.86844,0.80445,0.79202,0.0,p_6a145ad5488db.jpg,False,800,65,0,0.5284,444,3,800
review_white,1.0,0.84235,0.83555,0.0,p_6a145ad548fa8.jpg,False,800,66,0,0.5434,444,4,800
clean_white,1.0,0.99897,0.99882,0.0,p_6a146380ec4c8.jpg,False,800,67,1,0.62506,506,0,800
clean_white,1.0,0.97272,0.97217,0.0,p_6a146380ecaca.jpg,False,800,68,0,0.57932,506,1,800
clean_white,1.0,1.0,1.0,0.0,p_6a146380ed076.jpg,False,800,69,0,0.65893,506,2,800
clean_white,1.0,0.99886,0.99886,0.0,p_6a146380ed549.jpg,False,800,70,0,0.62067,506,3,800
clean_white,1.0,1.0,1.0,0.0,p_6a146380eda95.jpg,False,800,71,0,0.55699,506,4,800
clean_white,1.0,0.99912,0.99897,0.0,p_6a146380ee066.jpg,False,800,72,0,0.69763,506,5,800
review_white,1.0,0.99931,0.00069,0.0,p_6a1468976365d.jpg,False,188,73,1,0.44476,507,0,268
needs_background,0.0,0.00475,0.0,0.0,p_6a14689763d04.jpg,False,259,74,0,0.00187,507,1,194
review_white,0.99546,0.94637,0.01402,0.0,p_6a146897643b5.jpg,False,208,75,0,0.55054,507,2,242
clean_white,1.0,1.0,1.0,0.0,p_6a146a216fc86.jpg,False,800,76,1,0.64578,508,0,800
clean_white,1.0,1.0,1.0,0.0,p_6a146a21702ab.jpg,False,800,77,0,0.7424,508,1,800
clean_white,1.0,1.0,1.0,0.0,p_6a146a217084b.jpg,False,800,78,0,0.7424,508,2,800
clean_white,1.0,1.0,1.0,0.0,p_6a146a2170fca.jpg,False,800,79,0,0.52823,508,3,800
needs_background,0.0,0.02857,0.0129,0.0,p_6a146a68d5ba9.jpg,False,1920,80,1,0.019,509,0,1920
needs_background,0.0,0.0,0.0,0.0,p_6a146a68d6258.jpg,False,800,81,0,0.03269,509,1,800
needs_background,0.0,0.03897,0.01533,0.0,p_6a146a68d6d88.jpg,False,1920,82,0,0.02623,509,2,1920
needs_background,0.25,0.23092,0.17051,0.0,p_6a146e42f2db9.webp,False,1920,83,1,0.16629,510,0,1920
needs_background,0.0,0.0,0.0,0.0,p_6a146e42f3856.webp,False,1920,84,0,0.00568,510,1,1920
needs_background,0.25637,0.32184,0.09482,0.0,p_6a146e42f3f8e.webp,False,1920,85,0,0.23377,510,2,1920
needs_background,0.0,0.04401,0.00117,0.0,p_6a146f3409f7f.jpg,False,225,86,1,0.02163,511,0,225
review_white,1.0,0.99931,0.00069,0.0,p_6a146f340a73d.jpg,False,188,87,0,0.44476,511,1,268
review_white,0.99546,0.94637,0.01402,0.0,p_6a146f340aea1.jpg,False,208,88,0,0.55054,511,2,242
review_white,1.0,0.99931,0.00069,0.0,p_6a14709ddeed0.jpg,False,188,89,1,0.44476,512,0,268
needs_background,0.0,0.00475,0.0,0.0,p_6a14709ddf5f5.jpg,False,259,90,0,0.00187,512,1,194
review_white,0.99546,0.94637,0.01402,0.0,p_6a14709ddfaf2.jpg,False,208,91,0,0.55054,512,2,242
clean_white,1.0,1.0,1.0,0.0,p_6a1e38472b346.jpg,False,540,92,1,0.88428,513,1,540
clean_white,1.0,1.0,1.0,0.0,p_6a1e38472ba4f.jpg,False,540,93,0,0.91756,513,3,540
clean_white,1.0,1.0,1.0,0.0,p_6a1e38472c05b.jpg,False,540,94,0,0.97275,513,6,540
needs_background,0.25,0.23092,0.17051,0.0,p_6a1472174a2a0.webp,False,1920,95,1,0.16629,514,0,1920
needs_background,0.0,0.0,0.0,0.0,p_6a1472174a7cb.webp,False,1920,96,0,0.00568,514,1,1920
needs_background,0.25637,0.32184,0.09482,0.0,p_6a1472174ad8d.webp,False,1920,97,0,0.23377,514,2,1920
clean_white,1.0,0.99489,0.99471,0.0,p_6a1e41a24eb8b.jpg,False,800,98,1,0.67991,515,1,800
clean_white,1.0,1.0,1.0,0.0,p_6a1e41a24f0ae.jpg,False,800,99,0,0.65742,515,3,800
clean_white,1.0,1.0,1.0,0.0,p_6a1e41a24f59e.jpg,False,800,100,0,0.71068,515,6,800
clean_white,1.0,1.0,1.0,0.0,p_6a1e41a24fad2.jpg,False,800,101,0,0.68583,515,10,800
clean_white,1.0,1.0,1.0,0.0,p_6a1e41a250032.jpg,False,800,102,0,0.64463,515,15,800
clean_white,1.0,1.0,1.0,0.0,p_6a1e41a2507cb.jpg,False,800,103,0,0.64341,515,21,800
clean_white,1.0,1.0,1.0,0.0,p_6a1e33de1b6c5.jpg,False,540,104,1,0.88428,516,1,540
clean_white,1.0,1.0,1.0,0.0,p_6a1e33de1bf0b.jpg,False,540,105,0,0.91756,516,3,540
clean_white,1.0,1.0,1.0,0.0,p_6a1e33de1c5af.jpg,False,540,106,0,0.97275,516,6,540
needs_background,1.0,0.60294,0.60294,0.0,p_6a14745bcc646.jpg,False,800,107,1,0.25022,517,0,800
needs_background,0.0,0.0,0.0,0.0,p_6a14745bccdab.jpg,False,768,108,0,1e-05,517,1,768
review_white,0.99546,0.94637,0.01402,0.0,p_6a14745bcd411.jpg,False,208,109,0,0.55054,517,2,242
needs_background,0.0,0.0,0.0,0.0,p_6a14755434e0c.jpg,False,768,110,1,1e-05,518,0,768
needs_background,0.0,0.04401,0.00117,0.0,p_6a14755435376.jpg,False,225,111,0,0.02163,518,1,225
review_white,0.99546,0.94637,0.01402,0.0,p_6a14755435955.jpg,False,208,112,0,0.55054,518,2,242
review_white,0.9728,0.80217,0.80176,0.0,p_6a14756169916.jpg,False,800,113,1,0.46899,519,0,800
clean_white,1.0,1.0,1.0,0.0,p_6a14756169d6f.jpg,False,800,114,0,0.70084,519,1,800
clean_white,1.0,0.9911,0.98963,0.0,p_6a1475616a271.jpg,False,800,115,0,0.68326,519,2,800
needs_background,0.0,0.0,0.0,0.0,p_6a14763345e8a.jpg,False,768,116,1,1e-05,520,0,768
needs_background,1.0,0.58451,0.58451,0.0,p_6a14763346627.jpg,False,225,117,0,0.22289,520,1,225
review_white,1.0,0.99931,0.00069,0.0,p_6a14763346d27.jpg,False,188,118,0,0.44476,520,2,268
clean_white,1.0,1.0,1.0,0.0,p_6a1c6765d056c.jpg,False,540,119,0,0.88428,520,3,540
clean_white,1.0,1.0,1.0,0.0,p_6a1c6765d0ad7.jpg,False,540,120,0,0.91756,520,5,540
clean_white,1.0,1.0,1.0,0.0,p_6a1c6765d10a7.jpg,False,540,121,0,0.97275,520,8,540
clean_white,1.0,1.0,1.0,0.0,p_6a1c6d9c24c34.jpg,False,540,122,0,0.88428,520,9,540
clean_white,1.0,1.0,1.0,0.0,p_6a1c6d9c25352.jpg,False,540,123,0,0.91756,520,11,540
clean_white,1.0,1.0,1.0,0.0,p_6a1c6d9c259ca.jpg,False,540,124,0,0.97275,520,14,540
needs_background,0.0,0.0,0.0,0.0,p_6a14767571249.webp,False,1920,125,1,0.00568,521,0,1920
needs_background,0.25,0.23092,0.17051,0.0,p_6a14767571af0.webp,False,1920,126,0,0.16629,521,1,1920
needs_background,0.25637,0.32184,0.09482,0.0,p_6a14767571f7b.webp,False,1920,127,0,0.23377,521,2,1920
needs_background,1.0,0.60294,0.60294,0.0,p_6a147717e3159.jpg,False,800,128,1,0.25022,522,0,800
needs_background,0.0,0.0,0.0,0.0,p_6a147717e3765.jpg,False,768,129,0,1e-05,522,1,768
review_white,0.99546,0.94637,0.01402,0.0,p_6a147717e3d1f.jpg,False,208,130,0,0.55054,522,2,242
needs_background,0.25637,0.32184,0.09482,0.0,p_6a14783801e32.webp,False,1920,131,1,0.23377,523,0,1920
needs_background,0.0,0.0,0.0,0.0,p_6a14783802586.webp,False,1920,132,0,0.00568,523,1,1920
needs_background,0.25,0.23092,0.17051,0.0,p_6a14783802ad8.webp,False,1920,133,0,0.16629,523,2,1920
clean_white,1.0,1.0,1.0,0.0,p_6a147b7052fa3.jpg,False,800,134,1,0.70223,524,6,800
clean_white,1.0,1.0,1.0,0.0,p_6a147b7053552.jpg,False,800,135,0,0.66612,524,10,800
clean_white,1.0,1.0,1.0,0.0,p_6a147b7053b0a.jpg,False,800,136,0,0.69439,524,15,800
clean_white,1.0,1.0,1.0,0.0,p_6a1d9e846be73.jpg,False,540,137,1,0.74243,525,1,540
clean_white,1.0,1.0,1.0,0.0,p_6a1d9e846c5fd.jpg,False,540,138,0,0.75324,525,3,540
clean_white,1.0,1.0,1.0,0.0,p_6a1d9e846cd1e.jpg,False,540,139,0,0.83522,525,6,540
clean_white,1.0,1.0,1.0,0.0,p_6a147ea923f46.jpg,False,800,140,1,0.66658,526,3,800
clean_white,1.0,1.0,1.0,0.0,p_6a147ea92453f.jpg,False,800,141,0,0.67579,526,6,800
clean_white,1.0,1.0,1.0,0.0,p_6a147ea924bfe.jpg,False,800,142,0,0.68633,526,10,800
clean_white,1.0,1.0,1.0,0.0,p_6a1480441726c.jpg,False,800,143,1,0.69281,527,6,800
clean_white,1.0,1.0,1.0,0.0,p_6a148044178de.jpg,False,800,144,0,0.69041,527,10,800
clean_white,1.0,0.99776,0.99772,0.0,p_6a14804417f01.jpg,False,800,145,0,0.66999,527,15,800
clean_white,1.0,0.99882,0.99871,0.0,p_6a14fc0027dc5.jpg,False,800,146,1,0.68201,528,6,800
clean_white,1.0,1.0,1.0,0.0,p_6a14fc00283d4.jpg,False,800,147,0,0.63162,528,10,800
clean_white,1.0,0.99739,0.99732,0.0,p_6a14fc00289cd.jpg,False,800,148,0,0.6878,528,15,800
needs_background,0.0,0.0,0.0,0.0,p_6a147b74a83df.webp,False,1920,149,1,0.00568,530,0,1920
needs_background,0.25,0.23092,0.17051,0.0,p_6a147b74a8a6a.webp,False,1920,150,0,0.16629,530,1,1920
needs_background,0.25637,0.32184,0.09482,0.0,p_6a147b74a8fe8.webp,False,1920,151,0,0.23377,530,2,1920
needs_background,0.0,0.0,0.0,0.0,p_6a1e44b6e633a.jpg,False,150,152,1,0.00116,543,1,149
needs_background,0.0,0.04837,0.0,0.0,p_6a1e44b6e6a57.jpg,False,150,153,0,0.16407,543,3,149
review_white,0.87778,0.88358,0.8772,0.0,p_6a1e44b6e713b.jpg,False,150,154,0,0.40196,543,6,150
needs_background,0.0,0.0,0.0,0.0,p_6a1e44b6e76a9.jpg,False,1919,155,0,0.00275,543,10,1917
clean_white,1.0,1.0,1.0,0.0,p_6a1e4402534f2.jpg,False,150,156,1,0.68738,544,1,150
clean_white,1.0,1.0,1.0,0.0,p_6a1e440253a2e.jpg,False,150,157,0,0.6792,544,3,150
clean_white,1.0,1.0,1.0,0.0,p_6a1e440253f67.jpg,False,600,158,0,0.69579,544,6,600
needs_background,0.25,0.25601,0.18124,0.0,p_6a1e4359880ea.png,True,357,159,1,0.17987,546,1,449
needs_background,0.0,0.0,0.0,0.0,p_6a1e435988624.png,True,432,160,0,8e-05,546,3,527
needs_background,0.0,0.0001,0.0,0.0,p_6a1e423f184fe.png,True,356,161,1,0.0018,547,1,434
needs_background,0.0,0.0003,0.0,0.0,p_6a1e423f18de7.png,True,314,162,0,0.00523,547,3,508
clean_white,1.0,0.95074,0.94882,0.0,p_6a1e45d00855e.png,True,505,163,1,0.51876,550,1,500
clean_white,1.0,0.99466,0.99411,0.0,p_6a1e45d008b63.png,True,459,164,0,0.59065,550,3,576
needs_background,0.23694,0.33661,0.04702,0.0,p_6a1e455b0291f.png,True,488,165,1,0.17976,554,1,479
needs_background,0.0,0.08208,0.01553,0.0,p_6a1e455b03092.png,True,422,166,0,0.04053,554,3,564
needs_background,0.0,0.07824,0.00051,0.0,p_6a1e455b03973.png,True,587,167,0,0.05086,554,6,566
clean_white,1.0,0.97129,0.96745,0.0,p_6a1e46418303d.png,True,507,168,1,0.5102,555,1,377
clean_white,1.0,0.98701,0.98605,0.0,p_6a1e4641836d0.png,True,409,169,0,0.47741,555,3,512
review_white,0.99976,0.87887,0.87594,0.0,p_6a1e464183c1c.png,True,451,170,0,0.4682,555,6,514
needs_background,0.0,0.0,0.0,0.0,p_6a17aeccb5e02.png,False,1024,171,1,0.0244,558,1,1024
needs_background,0.27333,0.26012,0.1184,0.0,p_6a17aeccb64ce.jpg,False,150,172,0,0.18182,558,3,150
needs_background,0.0,0.10365,0.02443,0.0,p_6a17aeccb6a91.jpg,False,150,173,0,0.10244,558,6,150
needs_background,0.5,0.40024,0.10904,0.0,p_6a1e4839c0464.png,True,372,174,1,0.21637,559,1,553
review_white,0.89646,0.86422,0.76475,0.0,p_6a1e4839c0b9b.png,True,615,175,0,0.35451,559,3,530
needs_background,0.0,0.00012,0.0,0.0,p_6a1e476f830fb.png,True,544,176,1,0.0009,560,1,555
needs_background,0.0,0.0,0.0,0.0,p_6a1e476f83cd6.png,True,519,177,0,0.00187,560,3,542
needs_background,0.0,0.00012,0.0,0.0,p_6a1e469cbde0e.png,True,544,178,1,0.0009,562,1,555
needs_background,0.0,0.0,0.0,0.0,p_6a1e469cbe502.png,True,519,179,0,0.00187,562,3,542
clean_white,0.98746,0.9421,0.93949,0.0,p_6a1e49e2db21d.png,False,1024,180,1,0.3511,564,1,1024
clean_white,1.0,0.98869,0.98742,0.0,p_6a1e49e2db8d9.png,True,200,181,0,0.74116,564,3,659
clean_white,1.0,0.99939,0.99909,0.0,p_6a1e49e2dbee7.png,True,224,182,0,0.68973,564,6,643
needs_background,0.0,0.0,0.0,0.0,p_6a1e4d0ad0e8e.png,True,431,183,1,5e-05,568,1,575
needs_background,0.0,0.0,0.0,0.0,p_6a1e4d0ad14de.png,True,424,184,0,0.00031,568,3,510
needs_background,0.0,0.0,0.0,0.0,p_6a1e4d0ad1bb1.png,True,451,185,0,0.00017,568,6,540
needs_background,0.0,0.02404,0.00026,0.0,p_6a1e4b3f5834c.jpg,False,600,186,1,0.00756,570,1,600
needs_background,0.08719,0.01853,4e-05,0.0,p_6a1e4b3f58b11.jpg,False,600,187,0,0.00429,570,3,600
needs_background,0.11381,0.12173,0.01772,0.0,p_6a1e4b3f591ee.jpg,False,600,188,0,0.04123,570,6,600
needs_background,0.0,0.0,0.0,0.0,van-tiet-luu-ford-ranger-2018-van-tiet-luu-theo-xe-ranger-2018.jpg,False,1920,189,1,0.00051,571,0,1920
needs_background,0.24961,0.23581,0.00305,0.0,van-tiet-luu-ford-ranger-2018-van-tiet-luu-theo-xe-ranger-2018-2.jpg,False,1920,190,0,0.15478,571,1,1920
needs_background,0.0,0.00614,0.0,0.0,van-tiet-luu-ford-ranger-2018-van-tiet-luu-theo-xe-ranger-2018-3.jpg,False,1920,191,0,0.04394,571,2,1920
needs_background,0.0,0.0,0.0,0.0,van-tiet-luu-bmw-e60-chinh-hang-fujikoki-vde-15qtex-106-van-tiet-luu-bmw-e61-530.jpg,False,1920,192,1,0.00358,572,0,1920
needs_background,0.0,0.0,0.0,0.0,van-tiet-luu-bmw-e60-chinh-hang-fujikoki-vde-15qtex-106-van-tiet-luu-bmw-e61-530-2.jpg,False,1920,193,0,0.07025,572,1,1920
needs_background,0.0,0.0,0.0,0.0,van-tiet-luu-bmw-320i-chinh-hang-fujikoki-vde-15qtex-119.jpg,False,1000,194,1,0.00021,573,0,1000
needs_background,0.0,0.0,0.0,0.0,van-tiet-luu-bmw-320i-chinh-hang-fujikoki-vde-15qtex-119-2.jpg,False,1920,195,0,0.09414,573,1,1920
needs_background,0.0,0.0,0.0,0.0,van-tiet-luu-ford-everest-2020-fujikoki-vde-15qtex-120.jpg,False,1000,196,1,0.00666,575,0,1000
needs_background,0.0,0.0,0.0,0.0,van-tiet-luu-ford-everest-2020-fujikoki-vde-15qtex-120-2.jpg,False,1000,197,0,0.00238,575,1,1000
needs_background,0.0,0.0,0.0,0.0,van-tiet-luu-ford-everest-2020-fujikoki-vde-15qtex-120-3.jpg,False,1000,198,0,0.00359,575,2,1000
needs_background,0.0,0.0,0.0,0.0,van-tiet-luu-ford-everest-2020-fujikoki-vde-15qtex-120-4.jpg,False,1000,199,0,0.01955,575,3,1000
needs_background,0.0,0.0,0.0,0.0,van-tiet-luu-ford-everest-2020-fujikoki-vde-15qtex-120-5.jpg,False,1000,200,0,0.00718,575,4,1000
needs_background,0.00039,0.00026,0.0,0.0,van-tiet-luu-ford-everest-2020-fujikoki-vde-15qtex-120-6.jpg,False,1920,201,0,0.00308,575,5,1920
needs_background,0.0,0.00026,0.0,0.0,van-duoi-loc-dieu-hoa-deawoo-lacetti-van-duoi-...-oem.jpg,False,500,202,1,0.0013,576,0,500
needs_background,0.0,0.01298,0.0,0.0,van-duoi-loc-dieu-hoa-deawoo-lacetti-van-duoi-...-oem-2.jpg,False,500,203,0,0.02096,576,1,500
needs_background,0.0,0.06438,0.0,0.0,van-duoi-loc-dieu-hoa-deawoo-lacetti-van-duoi-...-oem-3.jpg,False,500,204,0,0.08135,576,2,500
needs_background,0.0,0.0,0.0,0.0,p_6a1e4dee60e65.jpg,False,600,205,1,0.00442,584,1,600
needs_background,0.0,7e-05,4e-05,0.0,p_6a1e4dee614c7.jpg,False,600,206,0,0.01883,584,3,600
needs_background,0.0,0.0007,0.00018,0.0,p_6a1e4dee61a3d.jpg,False,600,207,0,0.01292,584,6,600
needs_background,0.0,0.00015,7e-05,0.0,p_6a1e4dee61f94.jpg,False,600,208,0,0.01022,584,10,600
needs_background,0.7255,0.69868,0.69375,0.0,p_6a1e4f26157ea.jpg,False,800,209,1,0.4034,586,1,800
needs_background,1.0,0.71243,0.71202,0.0,p_6a1e4f2615e8f.jpg,False,800,210,0,0.42576,586,3,800
needs_background,0.43673,0.32945,0.32632,0.0,p_6a1e4f26176bc.jpg,False,800,211,0,0.12566,586,6,800
review_white,1.0,0.85882,0.85868,0.0,p_6a1e4f2617cd0.jpg,False,800,212,0,0.55937,586,10,800
clean_white,1.0,0.99985,0.99982,0.0,p_6a1e4fbbd6fa8.jpg,False,800,213,1,0.50262,587,1,800
clean_white,1.0,0.99331,0.9932,0.0,p_6a1e4fbbd7662.jpg,False,800,214,0,0.7543,587,3,800
review_white,1.0,0.91596,0.9157,0.0,p_6a1e4fbbd7d66.jpg,False,800,215,0,0.71174,587,6,800
clean_white,1.0,0.99912,0.99901,0.0,p_6a1e4fbbd8359.jpg,False,800,216,0,0.40841,587,10,800
clean_white,1.0,0.99283,0.99246,0.0,p_6a1e4fbbd89ec.jpg,False,800,217,0,0.70684,587,15,800
clean_white,1.0,0.99419,0.99371,0.0,p_6a1d9b9915b9f.jpg,False,540,218,1,0.82606,589,1,540
clean_white,1.0,0.99963,0.89099,0.0,p_6a1d9b991610b.jpg,False,540,219,0,0.73971,589,3,540
clean_white,1.0,1.0,0.97437,0.0,p_6a1d9b9916706.jpg,False,540,220,0,0.51078,589,6,540
clean_white,1.0,0.99419,0.99371,0.0,p_6a1d9b9b0b63e.jpg,False,540,221,1,0.82606,592,1,540
clean_white,1.0,0.99963,0.89099,0.0,p_6a1d9b9b0bd4d.jpg,False,540,222,0,0.73971,592,3,540
clean_white,1.0,1.0,0.97437,0.0,p_6a1d9b9b0c5d6.jpg,False,540,223,0,0.51078,592,6,540
clean_white,1.0,0.99419,0.99371,0.0,p_6a1d9b9d0abf5.jpg,False,540,224,1,0.82606,594,1,540
clean_white,1.0,0.99963,0.89099,0.0,p_6a1d9b9d0b254.jpg,False,540,225,0,0.73971,594,3,540
clean_white,1.0,1.0,0.97437,0.0,p_6a1d9b9d0b7f0.jpg,False,540,226,0,0.51078,594,6,540
clean_white,1.0,0.99419,0.99371,0.0,p_6a1d9b9ee25db.jpg,False,540,227,1,0.82606,595,1,540
clean_white,1.0,0.99963,0.89099,0.0,p_6a1d9b9ee2acc.jpg,False,540,228,0,0.73971,595,3,540
clean_white,1.0,1.0,0.97437,0.0,p_6a1d9b9ee3132.jpg,False,540,229,0,0.51078,595,6,540
clean_white,1.0,0.99419,0.99371,0.0,p_6a1d9ba11f0f1.jpg,False,540,230,1,0.82606,596,1,540
clean_white,1.0,0.99963,0.89099,0.0,p_6a1d9ba11f810.jpg,False,540,231,0,0.73971,596,3,540
clean_white,1.0,1.0,0.97437,0.0,p_6a1d9ba11fd9f.jpg,False,540,232,0,0.51078,596,6,540
clean_white,1.0,0.99419,0.99371,0.0,p_6a1d9ba294f3a.jpg,False,540,233,1,0.82606,597,1,540
clean_white,1.0,0.99963,0.89099,0.0,p_6a1d9ba29562e.jpg,False,540,234,0,0.73971,597,3,540
clean_white,1.0,1.0,0.97437,0.0,p_6a1d9ba295d4f.jpg,False,540,235,0,0.51078,597,6,540
clean_white,1.0,0.99419,0.99371,0.0,p_6a1d9ba4a0b82.jpg,False,540,236,1,0.82606,598,1,540
clean_white,1.0,0.99963,0.89099,0.0,p_6a1d9ba4a11d4.jpg,False,540,237,0,0.73971,598,3,540
clean_white,1.0,1.0,0.97437,0.0,p_6a1d9ba4a175a.jpg,False,540,238,0,0.51078,598,6,540
clean_white,1.0,0.99419,0.99371,0.0,p_6a1d9ba69a043.jpg,False,540,239,1,0.82606,599,1,540
clean_white,1.0,0.99963,0.89099,0.0,p_6a1d9ba69ac2b.jpg,False,540,240,0,0.73971,599,3,540
clean_white,1.0,1.0,0.97437,0.0,p_6a1d9ba69b332.jpg,False,540,241,0,0.51078,599,6,540
clean_white,1.0,0.99419,0.99371,0.0,p_6a1d9ba888759.jpg,False,540,242,1,0.82606,600,1,540
clean_white,1.0,0.99963,0.89099,0.0,p_6a1d9ba888e0a.jpg,False,540,243,0,0.73971,600,3,540
clean_white,1.0,1.0,0.97437,0.0,p_6a1d9ba889438.jpg,False,540,244,0,0.51078,600,6,540
clean_white,1.0,0.99419,0.99371,0.0,p_6a1d9baae5d48.jpg,False,540,245,1,0.82606,601,1,540
clean_white,1.0,0.99963,0.89099,0.0,p_6a1d9baae6513.jpg,False,540,246,0,0.73971,601,3,540
clean_white,1.0,1.0,0.97437,0.0,p_6a1d9baae6b96.jpg,False,540,247,0,0.51078,601,6,540
clean_white,1.0,0.99419,0.99371,0.0,p_6a1d9bad499d6.jpg,False,540,248,1,0.82606,602,1,540
clean_white,1.0,0.99963,0.89099,0.0,p_6a1d9bad49f7a.jpg,False,540,249,0,0.73971,602,3,540
clean_white,1.0,1.0,0.97437,0.0,p_6a1d9bad4a4fd.jpg,False,540,250,0,0.51078,602,6,540
clean_white,1.0,0.99419,0.99371,0.0,p_6a1d9baf5ff26.jpg,False,540,251,1,0.82606,603,1,540
clean_white,1.0,0.99963,0.89099,0.0,p_6a1d9baf60485.jpg,False,540,252,0,0.73971,603,3,540
clean_white,1.0,1.0,0.97437,0.0,p_6a1d9baf60c85.jpg,False,540,253,0,0.51078,603,6,540
clean_white,1.0,0.99419,0.99371,0.0,p_6a1d9bb1b7e75.jpg,False,540,254,1,0.82606,604,1,540
clean_white,1.0,0.99963,0.89099,0.0,p_6a1d9bb1b8609.jpg,False,540,255,0,0.73971,604,3,540
clean_white,1.0,1.0,0.97437,0.0,p_6a1d9bb1b8bfe.jpg,False,540,256,0,0.51078,604,6,540
clean_white,1.0,0.99419,0.99371,0.0,p_6a1d9bb3d84d3.jpg,False,540,257,1,0.82606,605,1,540
clean_white,1.0,0.99963,0.89099,0.0,p_6a1d9bb3d8c7a.jpg,False,540,258,0,0.73971,605,3,540
clean_white,1.0,1.0,0.97437,0.0,p_6a1d9bb3d9516.jpg,False,540,259,0,0.51078,605,6,540
clean_white,1.0,0.99419,0.99371,0.0,p_6a1d9bb6db05e.jpg,False,540,260,1,0.82606,606,1,540
clean_white,1.0,0.99963,0.89099,0.0,p_6a1d9bb6db7e5.jpg,False,540,261,0,0.73971,606,3,540
clean_white,1.0,1.0,0.97437,0.0,p_6a1d9bb6dbe84.jpg,False,540,262,0,0.51078,606,6,540
clean_white,1.0,0.99419,0.99371,0.0,p_6a1d9bbabd81f.jpg,False,540,263,1,0.82606,607,1,540
clean_white,1.0,0.99963,0.89099,0.0,p_6a1d9bbabde9e.jpg,False,540,264,0,0.73971,607,3,540
clean_white,1.0,1.0,0.97437,0.0,p_6a1d9bbabe4a3.jpg,False,540,265,0,0.51078,607,6,540
clean_white,1.0,0.99419,0.99371,0.0,p_6a1d9bbd0e0cb.jpg,False,540,266,1,0.82606,608,1,540
clean_white,1.0,0.99963,0.89099,0.0,p_6a1d9bbd0e6e7.jpg,False,540,267,0,0.73971,608,3,540
clean_white,1.0,1.0,0.97437,0.0,p_6a1d9bbd0ece6.jpg,False,540,268,0,0.51078,608,6,540
clean_white,1.0,0.99537,0.99434,0.0,p_6a1d9bbfe83ba.jpg,False,540,269,1,0.81427,609,1,540
needs_background,1.0,0.65037,0.61033,0.0,p_6a1d9bbfe8aa5.jpg,False,540,270,0,0.37718,609,3,540
clean_white,1.0,0.98132,0.98033,0.0,p_6a1d9bbfe9114.jpg,False,540,271,0,0.67177,609,6,540
clean_white,1.0,0.99537,0.99434,0.0,p_6a1d9bc1e007a.jpg,False,540,272,1,0.81427,610,1,540
needs_background,1.0,0.65037,0.61033,0.0,p_6a1d9bc1e099f.jpg,False,540,273,0,0.37718,610,3,540
clean_white,1.0,0.98132,0.98033,0.0,p_6a1d9bc1e0ff7.jpg,False,540,274,0,0.67177,610,6,540
clean_white,1.0,0.99537,0.99434,0.0,p_6a1d9bc3ac4e4.jpg,False,540,275,1,0.81427,611,1,540
needs_background,1.0,0.65037,0.61033,0.0,p_6a1d9bc3acafa.jpg,False,540,276,0,0.37718,611,3,540
clean_white,1.0,0.98132,0.98033,0.0,p_6a1d9bc3ad1ee.jpg,False,540,277,0,0.67177,611,6,540
clean_white,1.0,0.99537,0.99434,0.0,p_6a1d9bc56a94a.jpg,False,540,278,1,0.81427,612,1,540
needs_background,1.0,0.65037,0.61033,0.0,p_6a1d9bc56aff2.jpg,False,540,279,0,0.37718,612,3,540
clean_white,1.0,0.98132,0.98033,0.0,p_6a1d9bc56b63f.jpg,False,540,280,0,0.67177,612,6,540
clean_white,1.0,0.99537,0.99434,0.0,p_6a1d9bc75e9de.jpg,False,540,281,1,0.81427,613,1,540
needs_background,1.0,0.65037,0.61033,0.0,p_6a1d9bc75f089.jpg,False,540,282,0,0.37718,613,3,540
clean_white,1.0,0.98132,0.98033,0.0,p_6a1d9bc75f7ad.jpg,False,540,283,0,0.67177,613,6,540
clean_white,1.0,0.99537,0.99434,0.0,p_6a1d9bc93b54f.jpg,False,540,284,1,0.81427,614,1,540
needs_background,1.0,0.65037,0.61033,0.0,p_6a1d9bc93bb24.jpg,False,540,285,0,0.37718,614,3,540
clean_white,1.0,0.98132,0.98033,0.0,p_6a1d9bc93c0e5.jpg,False,540,286,0,0.67177,614,6,540
clean_white,1.0,0.99537,0.99434,0.0,p_6a1d9bcb13627.jpg,False,540,287,1,0.81427,615,1,540
needs_background,1.0,0.65037,0.61033,0.0,p_6a1d9bcb13c7f.jpg,False,540,288,0,0.37718,615,3,540
clean_white,1.0,0.98132,0.98033,0.0,p_6a1d9bcb142a3.jpg,False,540,289,0,0.67177,615,6,540
clean_white,1.0,0.99537,0.99434,0.0,p_6a1d9bcd83653.jpg,False,540,290,1,0.81427,616,1,540
needs_background,1.0,0.65037,0.61033,0.0,p_6a1d9bcd83d4a.jpg,False,540,291,0,0.37718,616,3,540
clean_white,1.0,0.98132,0.98033,0.0,p_6a1d9bcd843d9.jpg,False,540,292,0,0.67177,616,6,540
clean_white,1.0,0.99537,0.99434,0.0,p_6a1d9bcf370fc.jpg,False,540,293,1,0.81427,617,1,540
needs_background,1.0,0.65037,0.61033,0.0,p_6a1d9bcf3774b.jpg,False,540,294,0,0.37718,617,3,540
clean_white,1.0,0.98132,0.98033,0.0,p_6a1d9bcf37ceb.jpg,False,540,295,0,0.67177,617,6,540
clean_white,1.0,0.99537,0.99434,0.0,p_6a1d9bd13b39d.jpg,False,540,296,1,0.81427,618,1,540
needs_background,1.0,0.65037,0.61033,0.0,p_6a1d9bd13ba7a.jpg,False,540,297,0,0.37718,618,3,540
clean_white,1.0,0.98132,0.98033,0.0,p_6a1d9bd13c07a.jpg,False,540,298,0,0.67177,618,6,540
clean_white,1.0,0.99537,0.99434,0.0,p_6a1d9bd306be7.jpg,False,540,299,1,0.81427,619,1,540
needs_background,1.0,0.65037,0.61033,0.0,p_6a1d9bd3072b1.jpg,False,540,300,0,0.37718,619,3,540
clean_white,1.0,0.98132,0.98033,0.0,p_6a1d9bd30797e.jpg,False,540,301,0,0.67177,619,6,540
clean_white,1.0,0.99537,0.99434,0.0,p_6a1d9bd4ef0d8.jpg,False,540,302,1,0.81427,620,1,540
needs_background,1.0,0.65037,0.61033,0.0,p_6a1d9bd4ef76c.jpg,False,540,303,0,0.37718,620,3,540
clean_white,1.0,0.98132,0.98033,0.0,p_6a1d9bd4efd73.jpg,False,540,304,0,0.67177,620,6,540
clean_white,1.0,0.99537,0.99434,0.0,p_6a1d9bd6d8e0b.jpg,False,540,305,1,0.81427,621,1,540
needs_background,1.0,0.65037,0.61033,0.0,p_6a1d9bd6d94a5.jpg,False,540,306,0,0.37718,621,3,540
clean_white,1.0,0.98132,0.98033,0.0,p_6a1d9bd6d9a60.jpg,False,540,307,0,0.67177,621,6,540
clean_white,1.0,0.99537,0.99434,0.0,p_6a1d9bd8f26ee.jpg,False,540,308,1,0.81427,622,1,540
needs_background,1.0,0.65037,0.61033,0.0,p_6a1d9bd8f2c95.jpg,False,540,309,0,0.37718,622,3,540
clean_white,1.0,0.98132,0.98033,0.0,p_6a1d9bd8f3270.jpg,False,540,310,0,0.67177,622,6,540
clean_white,1.0,0.99537,0.99434,0.0,p_6a1d9bdad18ca.jpg,False,540,311,1,0.81427,623,1,540
needs_background,1.0,0.65037,0.61033,0.0,p_6a1d9bdad208b.jpg,False,540,312,0,0.37718,623,3,540
clean_white,1.0,0.98132,0.98033,0.0,p_6a1d9bdad262e.jpg,False,540,313,0,0.67177,623,6,540
clean_white,1.0,0.99537,0.99434,0.0,p_6a1d9bdd12ea6.jpg,False,540,314,1,0.81427,624,1,540
needs_background,1.0,0.65037,0.61033,0.0,p_6a1d9bdd13440.jpg,False,540,315,0,0.37718,624,3,540
clean_white,1.0,0.98132,0.98033,0.0,p_6a1d9bdd13c78.jpg,False,540,316,0,0.67177,624,6,540
clean_white,1.0,0.99537,0.99434,0.0,p_6a1d9bdf8f802.jpg,False,540,317,1,0.81427,625,1,540
needs_background,1.0,0.65037,0.61033,0.0,p_6a1d9bdf8fef8.jpg,False,540,318,0,0.37718,625,3,540
clean_white,1.0,0.98132,0.98033,0.0,p_6a1d9bdf90509.jpg,False,540,319,0,0.67177,625,6,540
clean_white,1.0,0.99537,0.99434,0.0,p_6a1d9be1e6651.jpg,False,540,320,1,0.81427,626,1,540
needs_background,1.0,0.65037,0.61033,0.0,p_6a1d9be1e6dab.jpg,False,540,321,0,0.37718,626,3,540
clean_white,1.0,0.98132,0.98033,0.0,p_6a1d9be1e738d.jpg,False,540,322,0,0.67177,626,6,540
clean_white,1.0,0.99074,0.99018,0.0,p_6a1d9be59d19a.jpg,False,540,323,1,0.8261,627,1,540
clean_white,1.0,1.0,1.0,0.0,p_6a1d9be59d893.jpg,False,540,324,0,0.8588,627,3,540
review_white,1.0,0.91449,0.90029,0.0,p_6a1d9be59dec7.jpg,False,540,325,0,0.66521,627,6,540
clean_white,1.0,0.99074,0.99018,0.0,p_6a1d9be799697.jpg,False,540,326,1,0.8261,628,1,540
clean_white,1.0,1.0,1.0,0.0,p_6a1d9be79a051.jpg,False,540,327,0,0.8588,628,3,540
review_white,1.0,0.91449,0.90029,0.0,p_6a1d9be79a680.jpg,False,540,328,0,0.66521,628,6,540
clean_white,1.0,0.99074,0.99018,0.0,p_6a1d9be98ccc7.jpg,False,540,329,1,0.8261,629,1,540
clean_white,1.0,1.0,1.0,0.0,p_6a1d9be98d235.jpg,False,540,330,0,0.8588,629,3,540
review_white,1.0,0.91449,0.90029,0.0,p_6a1d9be98d7ae.jpg,False,540,331,0,0.66521,629,6,540
clean_white,1.0,0.99074,0.99018,0.0,p_6a1d9beb78c67.jpg,False,540,332,1,0.8261,630,1,540
clean_white,1.0,1.0,1.0,0.0,p_6a1d9beb7956c.jpg,False,540,333,0,0.8588,630,3,540
review_white,1.0,0.91449,0.90029,0.0,p_6a1d9beb79c09.jpg,False,540,334,0,0.66521,630,6,540
clean_white,1.0,0.99074,0.99018,0.0,p_6a1d9bedc06e4.jpg,False,540,335,1,0.8261,631,1,540
clean_white,1.0,1.0,1.0,0.0,p_6a1d9bedc0dd1.jpg,False,540,336,0,0.8588,631,3,540
review_white,1.0,0.91449,0.90029,0.0,p_6a1d9bedc1462.jpg,False,540,337,0,0.66521,631,6,540
clean_white,1.0,0.99074,0.99018,0.0,p_6a1d9befb0e33.jpg,False,540,338,1,0.8261,632,1,540
clean_white,1.0,1.0,1.0,0.0,p_6a1d9befb14fe.jpg,False,540,339,0,0.8588,632,3,540
review_white,1.0,0.91449,0.90029,0.0,p_6a1d9befb1c21.jpg,False,540,340,0,0.66521,632,6,540
clean_white,1.0,0.99074,0.99018,0.0,p_6a1d9bf1cced3.jpg,False,540,341,1,0.8261,633,1,540
clean_white,1.0,1.0,1.0,0.0,p_6a1d9bf1cd517.jpg,False,540,342,0,0.8588,633,3,540
review_white,1.0,0.91449,0.90029,0.0,p_6a1d9bf1cdb38.jpg,False,540,343,0,0.66521,633,6,540
clean_white,1.0,0.98136,0.97963,0.0,p_6a1d9bf4a383c.jpg,False,540,344,1,0.93515,634,1,540
clean_white,1.0,0.98232,0.98103,0.0,p_6a1d9bf4a407c.jpg,False,540,345,0,0.85347,634,3,540
clean_white,1.0,0.98816,0.98768,0.0,p_6a1d9bf4a47c6.jpg,False,540,346,0,0.8576,634,6,540
clean_white,1.0,0.98136,0.97963,0.0,p_6a1d9bf73dc36.jpg,False,540,347,1,0.93515,635,1,540
clean_white,1.0,0.98232,0.98103,0.0,p_6a1d9bf73e2a4.jpg,False,540,348,0,0.85347,635,3,540
clean_white,1.0,0.98816,0.98768,0.0,p_6a1d9bf73e9ec.jpg,False,540,349,0,0.8576,635,6,540
clean_white,1.0,0.99559,0.99544,0.0,p_6a1d9bfa2029b.jpg,False,540,350,1,0.82623,636,1,540
clean_white,1.0,1.0,1.0,0.0,p_6a1d9bfa20a5f.jpg,False,540,351,0,0.97728,636,3,540
clean_white,1.0,1.0,1.0,0.0,p_6a1d9bfa20fb9.jpg,False,540,352,0,0.85683,636,6,540
clean_white,1.0,0.99559,0.99544,0.0,p_6a1d9bfc016b4.jpg,False,540,353,1,0.82623,637,1,540
clean_white,1.0,1.0,1.0,0.0,p_6a1d9bfc01cf2.jpg,False,540,354,0,0.97728,637,3,540
clean_white,1.0,1.0,1.0,0.0,p_6a1d9bfc0240d.jpg,False,540,355,0,0.85683,637,6,540
clean_white,1.0,0.99559,0.99544,0.0,p_6a1d9bfdd6263.jpg,False,540,356,1,0.82623,638,1,540
clean_white,1.0,1.0,1.0,0.0,p_6a1d9bfdd6931.jpg,False,540,357,0,0.97728,638,3,540
clean_white,1.0,1.0,1.0,0.0,p_6a1d9bfdd6fc0.jpg,False,540,358,0,0.85683,638,6,540
clean_white,1.0,0.99559,0.99544,0.0,p_6a1d9c0015cd9.jpg,False,540,359,1,0.82623,639,1,540
clean_white,1.0,1.0,1.0,0.0,p_6a1d9c00163ed.jpg,False,540,360,0,0.97728,639,3,540
clean_white,1.0,1.0,1.0,0.0,p_6a1d9c00169f7.jpg,False,540,361,0,0.85683,639,6,540
clean_white,1.0,0.98327,0.98235,0.0,p_6a1d9c0329e1d.jpg,False,540,362,1,0.79245,640,1,540
clean_white,1.0,1.0,1.0,0.0,p_6a1d9c032a530.jpg,False,540,363,0,0.67905,640,3,540
clean_white,1.0,1.0,1.0,0.0,p_6a1d9c032ab28.jpg,False,540,364,0,0.97463,640,6,540
clean_white,1.0,0.98327,0.98235,0.0,p_6a1d9c053cecc.jpg,False,540,365,1,0.79245,641,1,540
clean_white,1.0,1.0,1.0,0.0,p_6a1d9c053d5ac.jpg,False,540,366,0,0.67905,641,3,540
clean_white,1.0,1.0,1.0,0.0,p_6a1d9c053db4c.jpg,False,540,367,0,0.97463,641,6,540
clean_white,1.0,0.98327,0.98235,0.0,p_6a1d9c0701815.jpg,False,540,368,1,0.79245,642,1,540
clean_white,1.0,1.0,1.0,0.0,p_6a1d9c0701d72.jpg,False,540,369,0,0.67905,642,3,540
clean_white,1.0,1.0,1.0,0.0,p_6a1d9c0702392.jpg,False,540,370,0,0.97463,642,6,540
clean_white,1.0,0.98327,0.98235,0.0,p_6a1d9c0860fe4.jpg,False,540,371,1,0.79245,643,1,540
clean_white,1.0,1.0,1.0,0.0,p_6a1d9c086167c.jpg,False,540,372,0,0.67905,643,3,540
clean_white,1.0,1.0,1.0,0.0,p_6a1d9c0861cdd.jpg,False,540,373,0,0.97463,643,6,540
clean_white,1.0,0.98327,0.98235,0.0,p_6a1d9c0a0bc32.jpg,False,540,374,1,0.79245,644,1,540
clean_white,1.0,1.0,1.0,0.0,p_6a1d9c0a0c2dd.jpg,False,540,375,0,0.67905,644,3,540
clean_white,1.0,1.0,1.0,0.0,p_6a1d9c0a0c8d1.jpg,False,540,376,0,0.97463,644,6,540
clean_white,1.0,0.98327,0.98235,0.0,p_6a1d9c0ba4b0a.jpg,False,540,377,1,0.79245,645,1,540
clean_white,1.0,1.0,1.0,0.0,p_6a1d9c0ba52b1.jpg,False,540,378,0,0.67905,645,3,540
clean_white,1.0,1.0,1.0,0.0,p_6a1d9c0ba58d3.jpg,False,540,379,0,0.97463,645,6,540
clean_white,1.0,0.98327,0.98235,0.0,p_6a1d9c0db13d6.jpg,False,540,380,1,0.79245,646,1,540
clean_white,1.0,1.0,1.0,0.0,p_6a1d9c0db195a.jpg,False,540,381,0,0.67905,646,3,540
clean_white,1.0,1.0,1.0,0.0,p_6a1d9c0db1e72.jpg,False,540,382,0,0.97463,646,6,540
clean_white,1.0,0.98327,0.98235,0.0,p_6a1d9c0fb2804.jpg,False,540,383,1,0.79245,647,1,540
clean_white,1.0,1.0,1.0,0.0,p_6a1d9c0fb2f78.jpg,False,540,384,0,0.67905,647,3,540
clean_white,1.0,1.0,1.0,0.0,p_6a1d9c0fb36b6.jpg,False,540,385,0,0.97463,647,6,540
clean_white,1.0,0.95835,0.95794,0.0,p_6a1d9931125bf.jpg,False,540,386,1,0.89488,648,1,540
clean_white,1.0,0.99776,0.99768,0.0,p_6a1d993112e32.jpg,False,540,387,0,0.75238,648,3,540
clean_white,1.0,1.0,1.0,0.0,p_6a1d99311393d.jpg,False,540,388,0,0.86679,648,6,540
review_white,1.0,0.91353,0.91059,0.0,p_6a1d9933680b6.jpg,False,540,389,1,0.80929,649,1,540
clean_white,1.0,0.95974,0.9568,0.0,p_6a1d9933686ad.jpg,False,540,390,0,0.89903,649,3,540
clean_white,1.0,1.0,1.0,0.0,p_6a1d993368c40.jpg,False,540,391,0,0.82966,649,6,540
clean_white,1.0,0.97313,0.97287,0.0,p_6a1d9935e6c3d.jpg,False,540,392,1,0.85062,650,1,540
clean_white,1.0,0.95949,0.95688,0.0,p_6a1d9935e72ba.jpg,False,540,393,0,0.91344,650,3,540
clean_white,1.0,1.0,1.0,0.0,p_6a1d9935e79c5.jpg,False,540,394,0,0.78936,650,6,540
clean_white,1.0,0.97585,0.97585,0.0,p_6a1d993888b31.jpg,False,540,395,1,0.81529,651,1,540
clean_white,1.0,0.99945,0.99938,0.0,p_6a1d99388914e.jpg,False,540,396,0,0.75826,651,3,540
clean_white,1.0,1.0,1.0,0.0,p_6a1d993889c12.jpg,False,540,397,0,0.87566,651,6,540
clean_white,1.0,0.97956,0.97853,0.0,p_6a1d993b25d6e.jpg,False,540,398,1,0.95934,652,1,540
clean_white,1.0,0.99938,0.9975,0.0,p_6a1d993b26315.jpg,False,540,399,0,0.59614,652,3,540
clean_white,1.0,1.0,1.0,0.0,p_6a1d993b268db.jpg,False,540,400,0,0.7434,652,6,540
clean_white,1.0,0.98456,0.98386,0.0,p_6a1d993da62b2.jpg,False,540,401,1,0.936,653,1,540
clean_white,1.0,1.0,1.0,0.0,p_6a1d993da68ef.jpg,False,540,402,0,0.83606,653,3,540
clean_white,1.0,0.99033,0.98941,0.0,p_6a1d993da6ef0.jpg,False,540,403,0,0.74738,653,6,540
clean_white,1.0,1.0,1.0,0.0,p_6a1e2c6f40614.jpg,False,540,404,1,0.88428,657,1,540
clean_white,1.0,1.0,1.0,0.0,p_6a1e2c6f40dbc.jpg,False,540,405,0,0.91756,657,3,540
clean_white,1.0,1.0,1.0,0.0,p_6a1e2c6f41513.jpg,False,540,406,0,0.97275,657,6,540
clean_white,1.0,1.0,1.0,0.0,p_6a1e2c6fe4a6f.jpg,False,540,407,1,0.88428,658,1,540
clean_white,1.0,1.0,1.0,0.0,p_6a1e2c6fe5128.jpg,False,540,408,0,0.91756,658,3,540
clean_white,1.0,1.0,1.0,0.0,p_6a1e2c6fe56bc.jpg,False,540,409,0,0.97275,658,6,540
clean_white,1.0,1.0,1.0,0.0,p_6a1e2c70959c1.jpg,False,540,410,1,0.88428,659,1,540
clean_white,1.0,1.0,1.0,0.0,p_6a1e2c70960c7.jpg,False,540,411,0,0.91756,659,3,540
clean_white,1.0,1.0,1.0,0.0,p_6a1e2c7096815.jpg,False,540,412,0,0.97275,659,6,540
clean_white,1.0,1.0,1.0,0.0,p_6a1e2c71465b4.jpg,False,540,413,1,0.88428,660,1,540
clean_white,1.0,1.0,1.0,0.0,p_6a1e2c7146b47.jpg,False,540,414,0,0.91756,660,3,540
clean_white,1.0,1.0,1.0,0.0,p_6a1e2c7147171.jpg,False,540,415,0,0.97275,660,6,540
clean_white,1.0,1.0,1.0,0.0,p_6a1e2c71eef97.jpg,False,540,416,1,0.88428,661,1,540
clean_white,1.0,1.0,1.0,0.0,p_6a1e2c71ef57c.jpg,False,540,417,0,0.91756,661,3,540
clean_white,1.0,1.0,1.0,0.0,p_6a1e2c71efc47.jpg,False,540,418,0,0.97275,661,6,540
clean_white,1.0,1.0,1.0,0.0,p_6a1e2c729e393.jpg,False,540,419,1,0.88428,662,1,540
clean_white,1.0,1.0,1.0,0.0,p_6a1e2c729ea5f.jpg,False,540,420,0,0.91756,662,3,540
clean_white,1.0,1.0,1.0,0.0,p_6a1e2c729f17f.jpg,False,540,421,0,0.97275,662,6,540
clean_white,1.0,1.0,1.0,0.0,p_6a1e2c735728a.jpg,False,540,422,1,0.88428,663,1,540
clean_white,1.0,1.0,1.0,0.0,p_6a1e2c7357954.jpg,False,540,423,0,0.91756,663,3,540
clean_white,1.0,1.0,1.0,0.0,p_6a1e2c7357fe9.jpg,False,540,424,0,0.97275,663,6,540
clean_white,1.0,1.0,1.0,0.0,p_6a1e2c740bb4c.jpg,False,540,425,1,0.88428,664,1,540
clean_white,1.0,1.0,1.0,0.0,p_6a1e2c740c12f.jpg,False,540,426,0,0.91756,664,3,540
clean_white,1.0,1.0,1.0,0.0,p_6a1e2c740c6bb.jpg,False,540,427,0,0.97275,664,6,540
clean_white,1.0,1.0,1.0,0.0,p_6a1e2c74af527.jpg,False,540,428,1,0.88428,665,1,540
clean_white,1.0,1.0,1.0,0.0,p_6a1e2c74afba0.jpg,False,540,429,0,0.91756,665,3,540
clean_white,1.0,1.0,1.0,0.0,p_6a1e2c74b01ac.jpg,False,540,430,0,0.97275,665,6,540
clean_white,1.0,1.0,1.0,0.0,p_6a1e2c7563ee0.jpg,False,540,431,1,0.88428,666,1,540
clean_white,1.0,1.0,1.0,0.0,p_6a1e2c75645a6.jpg,False,540,432,0,0.91756,666,3,540
clean_white,1.0,1.0,1.0,0.0,p_6a1e2c7564ae3.jpg,False,540,433,0,0.97275,666,6,540
clean_white,1.0,1.0,1.0,0.0,p_6a1e2c76190a3.jpg,False,540,434,1,0.88428,667,1,540
clean_white,1.0,1.0,1.0,0.0,p_6a1e2c7619844.jpg,False,540,435,0,0.91756,667,3,540
clean_white,1.0,1.0,1.0,0.0,p_6a1e2c7619f36.jpg,False,540,436,0,0.97275,667,6,540
clean_white,1.0,1.0,1.0,0.0,p_6a1e2c76bfa5e.jpg,False,540,437,1,0.88428,668,1,540
clean_white,1.0,1.0,1.0,0.0,p_6a1e2c76c0088.jpg,False,540,438,0,0.91756,668,3,540
clean_white,1.0,1.0,1.0,0.0,p_6a1e2c76c0889.jpg,False,540,439,0,0.97275,668,6,540
clean_white,1.0,1.0,1.0,0.0,p_6a1e2c7776b22.jpg,False,540,440,1,0.88428,669,1,540
clean_white,1.0,1.0,1.0,0.0,p_6a1e2c7777112.jpg,False,540,441,0,0.91756,669,3,540
clean_white,1.0,1.0,1.0,0.0,p_6a1e2c77776be.jpg,False,540,442,0,0.97275,669,6,540
clean_white,1.0,1.0,1.0,0.0,p_6a1e2c782b1fb.jpg,False,540,443,1,0.88428,670,1,540
clean_white,1.0,1.0,1.0,0.0,p_6a1e2c782b8d6.jpg,False,540,444,0,0.91756,670,3,540
clean_white,1.0,1.0,1.0,0.0,p_6a1e2c782bda4.jpg,False,540,445,0,0.97275,670,6,540
clean_white,1.0,1.0,1.0,0.0,p_6a1e2c78cf419.jpg,False,540,446,1,0.88428,671,1,540
clean_white,1.0,1.0,1.0,0.0,p_6a1e2c78cfb0d.jpg,False,540,447,0,0.91756,671,3,540
clean_white,1.0,1.0,1.0,0.0,p_6a1e2c78d0182.jpg,False,540,448,0,0.97275,671,6,540
clean_white,1.0,1.0,1.0,0.0,p_6a1e2c79dd598.jpg,False,540,449,1,0.88428,672,1,540
clean_white,1.0,1.0,1.0,0.0,p_6a1e2c79ddaf4.jpg,False,540,450,0,0.91756,672,3,540
clean_white,1.0,1.0,1.0,0.0,p_6a1e2c79ddfb4.jpg,False,540,451,0,0.97275,672,6,540
clean_white,1.0,1.0,1.0,0.0,p_6a1e2c7a8ed45.jpg,False,540,452,1,0.88428,673,1,540
clean_white,1.0,1.0,1.0,0.0,p_6a1e2c7a8f367.jpg,False,540,453,0,0.91756,673,3,540
clean_white,1.0,1.0,1.0,0.0,p_6a1e2c7a8f9b9.jpg,False,540,454,0,0.97275,673,6,540
clean_white,1.0,1.0,1.0,0.0,p_6a1e2c7b441a4.jpg,False,540,455,1,0.88428,674,1,540
clean_white,1.0,1.0,1.0,0.0,p_6a1e2c7b4478d.jpg,False,540,456,0,0.91756,674,3,540
clean_white,1.0,1.0,1.0,0.0,p_6a1e2c7b44d95.jpg,False,540,457,0,0.97275,674,6,540
clean_white,1.0,1.0,1.0,0.0,p_6a1e2c7bec11d.jpg,False,540,458,1,0.88428,675,1,540
clean_white,1.0,1.0,1.0,0.0,p_6a1e2c7bec713.jpg,False,540,459,0,0.91756,675,3,540
clean_white,1.0,1.0,1.0,0.0,p_6a1e2c7bece78.jpg,False,540,460,0,0.97275,675,6,540
clean_white,1.0,1.0,1.0,0.0,p_6a1e2c7c9fb47.jpg,False,540,461,1,0.88428,676,1,540
clean_white,1.0,1.0,1.0,0.0,p_6a1e2c7ca015f.jpg,False,540,462,0,0.91756,676,3,540
clean_white,1.0,1.0,1.0,0.0,p_6a1e2c7ca0860.jpg,False,540,463,0,0.97275,676,6,540
clean_white,1.0,1.0,1.0,0.0,p_6a1e2c7d58dae.jpg,False,540,464,1,0.88428,677,1,540
clean_white,1.0,1.0,1.0,0.0,p_6a1e2c7d5933c.jpg,False,540,465,0,0.91756,677,3,540
clean_white,1.0,1.0,1.0,0.0,p_6a1e2c7d5981d.jpg,False,540,466,0,0.97275,677,6,540
clean_white,1.0,1.0,1.0,0.0,p_6a1e2c7e072b4.jpg,False,540,467,1,0.88428,678,1,540
clean_white,1.0,1.0,1.0,0.0,p_6a1e2c7e07948.jpg,False,540,468,0,0.91756,678,3,540
clean_white,1.0,1.0,1.0,0.0,p_6a1e2c7e07ecd.jpg,False,540,469,0,0.97275,678,6,540
clean_white,1.0,1.0,1.0,0.0,p_6a1e2c7eaf512.jpg,False,540,470,1,0.88428,679,1,540
clean_white,1.0,1.0,1.0,0.0,p_6a1e2c7eafa3b.jpg,False,540,471,0,0.91756,679,3,540
clean_white,1.0,1.0,1.0,0.0,p_6a1e2c7eb007a.jpg,False,540,472,0,0.97275,679,6,540
clean_white,1.0,1.0,1.0,0.0,p_6a1e2c7f615ac.jpg,False,540,473,1,0.88428,680,1,540
clean_white,1.0,1.0,1.0,0.0,p_6a1e2c7f61cbc.jpg,False,540,474,0,0.91756,680,3,540
clean_white,1.0,1.0,1.0,0.0,p_6a1e2c7f62220.jpg,False,540,475,0,0.97275,680,6,540
clean_white,1.0,1.0,1.0,0.0,p_6a1e2c801372f.jpg,False,540,476,1,0.88428,681,1,540
clean_white,1.0,1.0,1.0,0.0,p_6a1e2c8013d7a.jpg,False,540,477,0,0.91756,681,3,540
clean_white,1.0,1.0,1.0,0.0,p_6a1e2c8014397.jpg,False,540,478,0,0.97275,681,6,540
clean_white,1.0,1.0,1.0,0.0,p_6a1e2c80b9369.jpg,False,540,479,1,0.88428,682,1,540
clean_white,1.0,1.0,1.0,0.0,p_6a1e2c80b9a8e.jpg,False,540,480,0,0.91756,682,3,540
clean_white,1.0,1.0,1.0,0.0,p_6a1e2c80ba1a0.jpg,False,540,481,0,0.97275,682,6,540
clean_white,1.0,1.0,1.0,0.0,p_6a1e2c81726a0.jpg,False,540,482,1,0.88428,683,1,540
clean_white,1.0,1.0,1.0,0.0,p_6a1e2c8172d49.jpg,False,540,483,0,0.91756,683,3,540
clean_white,1.0,1.0,1.0,0.0,p_6a1e2c817337a.jpg,False,540,484,0,0.97275,683,6,540
clean_white,1.0,1.0,1.0,0.0,p_6a1e2c8220992.jpg,False,540,485,1,0.88428,684,1,540
clean_white,1.0,1.0,1.0,0.0,p_6a1e2c822166e.jpg,False,540,486,0,0.91756,684,3,540
clean_white,1.0,1.0,1.0,0.0,p_6a1e2c8228186.jpg,False,540,487,0,0.97275,684,6,540
clean_white,1.0,1.0,1.0,0.0,p_6a1e2c82d0554.jpg,False,540,488,1,0.88428,685,1,540
clean_white,1.0,1.0,1.0,0.0,p_6a1e2c82d0be8.jpg,False,540,489,0,0.91756,685,3,540
clean_white,1.0,1.0,1.0,0.0,p_6a1e2c82d11f6.jpg,False,540,490,0,0.97275,685,6,540
clean_white,1.0,1.0,1.0,0.0,p_6a1e2c838a99f.jpg,False,540,491,1,0.88428,686,1,540
clean_white,1.0,1.0,1.0,0.0,p_6a1e2c838af9e.jpg,False,540,492,0,0.91756,686,3,540
clean_white,1.0,1.0,1.0,0.0,p_6a1e2c838b61c.jpg,False,540,493,0,0.97275,686,6,540
clean_white,1.0,1.0,1.0,0.0,p_6a1e2c849271f.jpg,False,540,494,1,0.88428,687,1,540
clean_white,1.0,1.0,1.0,0.0,p_6a1e2c8492df4.jpg,False,540,495,0,0.91756,687,3,540
clean_white,1.0,1.0,1.0,0.0,p_6a1e2c8493416.jpg,False,540,496,0,0.97275,687,6,540
clean_white,1.0,1.0,1.0,0.0,p_6a1e2c85450e7.jpg,False,540,497,1,0.88428,688,1,540
clean_white,1.0,1.0,1.0,0.0,p_6a1e2c8545aa5.jpg,False,540,498,0,0.91756,688,3,540
clean_white,1.0,1.0,1.0,0.0,p_6a1e2c85460a5.jpg,False,540,499,0,0.97275,688,6,540
clean_white,1.0,1.0,1.0,0.0,p_6a1e2c85f0a70.jpg,False,540,500,1,0.88428,689,1,540
clean_white,1.0,1.0,1.0,0.0,p_6a1e2c85f1160.jpg,False,540,501,0,0.91756,689,3,540
clean_white,1.0,1.0,1.0,0.0,p_6a1e2c85f1905.jpg,False,540,502,0,0.97275,689,6,540
clean_white,1.0,1.0,1.0,0.0,p_6a1e2c86a5f77.jpg,False,540,503,1,0.88428,690,1,540
clean_white,1.0,1.0,1.0,0.0,p_6a1e2c86a65d0.jpg,False,540,504,0,0.91756,690,3,540
clean_white,1.0,1.0,1.0,0.0,p_6a1e2c86a6af2.jpg,False,540,505,0,0.97275,690,6,540
clean_white,1.0,1.0,1.0,0.0,p_6a1e2c875de98.jpg,False,540,506,1,0.88428,691,1,540
clean_white,1.0,1.0,1.0,0.0,p_6a1e2c875e689.jpg,False,540,507,0,0.91756,691,3,540
clean_white,1.0,1.0,1.0,0.0,p_6a1e2c875ee88.jpg,False,540,508,0,0.97275,691,6,540
clean_white,1.0,1.0,1.0,0.0,p_6a1e2c8809cee.jpg,False,540,509,1,0.88428,692,1,540
clean_white,1.0,1.0,1.0,0.0,p_6a1e2c880a264.jpg,False,540,510,0,0.91756,692,3,540
clean_white,1.0,1.0,1.0,0.0,p_6a1e2c880a844.jpg,False,540,511,0,0.97275,692,6,540
clean_white,1.0,1.0,1.0,0.0,p_6a1e2c88adc3e.jpg,False,540,512,1,0.88428,693,1,540
clean_white,1.0,1.0,1.0,0.0,p_6a1e2c88ae2e4.jpg,False,540,513,0,0.91756,693,3,540
clean_white,1.0,1.0,1.0,0.0,p_6a1e2c88ae97f.jpg,False,540,514,0,0.97275,693,6,540
clean_white,1.0,1.0,1.0,0.0,p_6a1e2c895abcc.jpg,False,540,515,1,0.88428,694,1,540
clean_white,1.0,1.0,1.0,0.0,p_6a1e2c895b302.jpg,False,540,516,0,0.91756,694,3,540
clean_white,1.0,1.0,1.0,0.0,p_6a1e2c895b976.jpg,False,540,517,0,0.97275,694,6,540
clean_white,1.0,1.0,1.0,0.0,p_6a1e2c8a0928c.jpg,False,540,518,1,0.88428,695,1,540
clean_white,1.0,1.0,1.0,0.0,p_6a1e2c8a099f9.jpg,False,540,519,0,0.91756,695,3,540
clean_white,1.0,1.0,1.0,0.0,p_6a1e2c8a09fff.jpg,False,540,520,0,0.97275,695,6,540
clean_white,1.0,1.0,1.0,0.0,p_6a1e2c8aae071.jpg,False,540,521,1,0.88428,696,1,540
clean_white,1.0,1.0,1.0,0.0,p_6a1e2c8aae68a.jpg,False,540,522,0,0.91756,696,3,540
clean_white,1.0,1.0,1.0,0.0,p_6a1e2c8aaecdf.jpg,False,540,523,0,0.97275,696,6,540
clean_white,1.0,1.0,1.0,0.0,p_6a1e2c8b5ad7e.jpg,False,540,524,1,0.88428,697,1,540
clean_white,1.0,1.0,1.0,0.0,p_6a1e2c8b5b4a7.jpg,False,540,525,0,0.91756,697,3,540
clean_white,1.0,1.0,1.0,0.0,p_6a1e2c8b5bb38.jpg,False,540,526,0,0.97275,697,6,540
clean_white,1.0,1.0,1.0,0.0,p_6a1e2c8c1298d.jpg,False,540,527,1,0.88428,698,1,540
clean_white,1.0,1.0,1.0,0.0,p_6a1e2c8c12f22.jpg,False,540,528,0,0.91756,698,3,540
clean_white,1.0,1.0,1.0,0.0,p_6a1e2c8c13472.jpg,False,540,529,0,0.97275,698,6,540
clean_white,1.0,1.0,1.0,0.0,p_6a1e2c8cb94b6.jpg,False,540,530,1,0.88428,699,1,540
clean_white,1.0,1.0,1.0,0.0,p_6a1e2c8cb9afe.jpg,False,540,531,0,0.91756,699,3,540
clean_white,1.0,1.0,1.0,0.0,p_6a1e2c8cba302.jpg,False,540,532,0,0.97275,699,6,540
clean_white,1.0,1.0,1.0,0.0,p_6a1e2c8d73168.jpg,False,540,533,1,0.88428,700,1,540
clean_white,1.0,1.0,1.0,0.0,p_6a1e2c8d737ac.jpg,False,540,534,0,0.91756,700,3,540
clean_white,1.0,1.0,1.0,0.0,p_6a1e2c8d73e64.jpg,False,540,535,0,0.97275,700,6,540
clean_white,1.0,1.0,1.0,0.0,p_6a1e2c8e28c31.jpg,False,540,536,1,0.88428,701,1,540
clean_white,1.0,1.0,1.0,0.0,p_6a1e2c8e292be.jpg,False,540,537,0,0.91756,701,3,540
clean_white,1.0,1.0,1.0,0.0,p_6a1e2c8e298ac.jpg,False,540,538,0,0.97275,701,6,540
clean_white,1.0,1.0,1.0,0.0,p_6a1e2c8f30e6a.jpg,False,540,539,1,0.88428,702,1,540
clean_white,1.0,1.0,1.0,0.0,p_6a1e2c8f3151d.jpg,False,540,540,0,0.91756,702,3,540
clean_white,1.0,1.0,1.0,0.0,p_6a1e2c8f31c03.jpg,False,540,541,0,0.97275,702,6,540
clean_white,1.0,1.0,1.0,0.0,p_6a1e2c8fd6634.jpg,False,540,542,1,0.88428,703,1,540
clean_white,1.0,1.0,1.0,0.0,p_6a1e2c8fd6c48.jpg,False,540,543,0,0.91756,703,3,540
clean_white,1.0,1.0,1.0,0.0,p_6a1e2c8fd7282.jpg,False,540,544,0,0.97275,703,6,540
clean_white,1.0,1.0,1.0,0.0,p_6a1e2c9088f9c.jpg,False,540,545,1,0.88428,704,1,540
clean_white,1.0,1.0,1.0,0.0,p_6a1e2c90895ed.jpg,False,540,546,0,0.91756,704,3,540
clean_white,1.0,1.0,1.0,0.0,p_6a1e2c9089cb5.jpg,False,540,547,0,0.97275,704,6,540
clean_white,1.0,1.0,1.0,0.0,p_6a1e2c914ee54.jpg,False,540,548,1,0.88428,705,1,540
clean_white,1.0,1.0,1.0,0.0,p_6a1e2c914f49d.jpg,False,540,549,0,0.91756,705,3,540
clean_white,1.0,1.0,1.0,0.0,p_6a1e2c914fad2.jpg,False,540,550,0,0.97275,705,6,540
clean_white,1.0,1.0,1.0,0.0,p_6a1e2c9201039.jpg,False,540,551,1,0.88428,706,1,540
clean_white,1.0,1.0,1.0,0.0,p_6a1e2c92015f1.jpg,False,540,552,0,0.91756,706,3,540
clean_white,1.0,1.0,1.0,0.0,p_6a1e2c9201b48.jpg,False,540,553,0,0.97275,706,6,540
clean_white,1.0,1.0,1.0,0.0,p_6a1e2c92ab8e2.jpg,False,540,554,1,0.88428,707,1,540
clean_white,1.0,1.0,1.0,0.0,p_6a1e2c92abf52.jpg,False,540,555,0,0.91756,707,3,540
clean_white,1.0,1.0,1.0,0.0,p_6a1e2c92ac4b5.jpg,False,540,556,0,0.97275,707,6,540
clean_white,1.0,1.0,1.0,0.0,p_6a1e2c93616fe.jpg,False,540,557,1,0.88428,708,1,540
clean_white,1.0,1.0,1.0,0.0,p_6a1e2c9361c60.jpg,False,540,558,0,0.91756,708,3,540
clean_white,1.0,1.0,1.0,0.0,p_6a1e2c936222f.jpg,False,540,559,0,0.97275,708,6,540
clean_white,1.0,1.0,1.0,0.0,p_6a1e2c9411462.jpg,False,540,560,1,0.88428,709,1,540
clean_white,1.0,1.0,1.0,0.0,p_6a1e2c9411a66.jpg,False,540,561,0,0.91756,709,3,540
clean_white,1.0,1.0,1.0,0.0,p_6a1e2c941207a.jpg,False,540,562,0,0.97275,709,6,540
clean_white,1.0,1.0,1.0,0.0,p_6a1e2c94baf33.jpg,False,540,563,1,0.88428,710,1,540
clean_white,1.0,1.0,1.0,0.0,p_6a1e2c94bb544.jpg,False,540,564,0,0.91756,710,3,540
clean_white,1.0,1.0,1.0,0.0,p_6a1e2c94bba7e.jpg,False,540,565,0,0.97275,710,6,540
clean_white,1.0,1.0,1.0,0.0,p_6a1e2c956db9e.jpg,False,540,566,1,0.88428,711,1,540
clean_white,1.0,1.0,1.0,0.0,p_6a1e2c956e1e5.jpg,False,540,567,0,0.91756,711,3,540
clean_white,1.0,1.0,1.0,0.0,p_6a1e2c956e78c.jpg,False,540,568,0,0.97275,711,6,540
clean_white,1.0,1.0,1.0,0.0,p_6a1e2c9620e2a.jpg,False,540,569,1,0.88428,712,1,540
clean_white,1.0,1.0,1.0,0.0,p_6a1e2c96213ae.jpg,False,540,570,0,0.91756,712,3,540
clean_white,1.0,1.0,1.0,0.0,p_6a1e2c9624cdf.jpg,False,540,571,0,0.97275,712,6,540
clean_white,1.0,1.0,1.0,0.0,p_6a1e2c96cb1fc.jpg,False,540,572,1,0.88428,713,1,540
clean_white,1.0,1.0,1.0,0.0,p_6a1e2c96cb913.jpg,False,540,573,0,0.91756,713,3,540
clean_white,1.0,1.0,1.0,0.0,p_6a1e2c96cbe5c.jpg,False,540,574,0,0.97275,713,6,540
clean_white,1.0,1.0,1.0,0.0,p_6a1e507fc8383.jpg,False,3024,575,1,0.67408,714,1,3024
clean_white,1.0,1.0,1.0,0.0,p_6a1e507fc8b07.jpg,False,3024,576,0,0.63077,714,3,3024
needs_background,0.7772,0.68188,0.66147,0.0,p_6a1e507fc9156.jpg,False,3024,577,0,0.5005,714,6,3024
clean_white,1.0,1.0,1.0,0.0,p_6a1e507fc9882.jpg,False,3024,578,0,0.73015,714,10,3024
clean_white,1.0,1.0,1.0,0.0,p_6a1e507fc9e9a.jpg,False,3024,579,0,0.68479,714,15,3024
needs_background,0.93692,0.61265,0.61103,0.0,p_6a1e5115a702b.jpg,False,4000,580,1,0.20265,715,1,4000
clean_white,1.0,0.93376,0.93157,0.0,p_6a1e5115a774e.jpg,False,4000,581,0,0.48797,715,3,4311
clean_white,1.0,1.0,1.0,0.0,p_6a1e5115a7f55.jpg,False,4000,582,0,0.5531,715,6,6000
clean_white,1.0,1.0,1.0,0.0,p_6a1e5115a87a7.jpg,False,4000,583,0,0.63074,715,10,6000
clean_white,1.0,0.99987,0.99987,0.0,p_6a1e5115a8eb5.jpg,False,4000,584,0,0.58575,715,15,6000
clean_white,1.0,0.99346,0.99324,0.0,p_6a1e51b4bfcb6.png,True,2000,585,1,0.55883,716,1,2000
clean_white,1.0,0.99331,0.99327,0.0,p_6a1e51b4c0241.png,True,2000,586,0,0.79877,716,3,2000
clean_white,1.0,0.99243,0.99199,0.0,p_6a1e51b4c07a7.png,True,2000,587,0,0.70197,716,6,2000
review_white,1.0,0.87691,0.87585,0.0,p_6a1e51b4c0d4d.png,True,2000,588,0,0.42625,716,10,2000
clean_white,1.0,1.0,1.0,0.0,p_6a1e51b4c1272.png,True,2000,589,0,0.55308,716,15,2000
clean_white,1.0,0.99287,0.99257,0.0,p_6a1e520d3fa3f.jpg,False,2000,590,1,0.70589,717,1,2000
clean_white,1.0,0.9896,0.98934,0.0,p_6a1e520d4030e.jpg,False,2000,591,0,0.66032,717,3,2000
clean_white,1.0,0.99346,0.99324,0.0,p_6a1e520d40ab1.png,True,2000,592,0,0.55883,717,6,2000
clean_white,1.0,0.9896,0.98934,0.0,p_6a1e520d4110d.jpg,False,2000,593,0,0.66032,717,10,2000
clean_white,1.0,0.97026,0.96967,0.0,p_6a1e520d41781.png,True,2000,594,0,0.83691,717,15,2000
needs_background,0.0583,0.06278,0.00039,0.0,p_6a1e548e5af61.jpg,False,1200,595,1,0.01691,719,1,1600
needs_background,0.0,7e-05,0.0,0.0,p_6a1e548e5b6ca.png,True,285,596,0,0.0003,719,3,447
clean_white,1.0,1.0,1.0,0.0,p_6a1e2c459c88e.jpg,False,540,597,1,0.88428,720,1,540
clean_white,1.0,1.0,1.0,0.0,p_6a1e2c459cec8.jpg,False,540,598,0,0.91756,720,3,540
clean_white,1.0,1.0,1.0,0.0,p_6a1e2c459d46e.jpg,False,540,599,0,0.97275,720,6,540
clean_white,1.0,1.0,1.0,0.0,p_6a1e2c464ad13.jpg,False,540,600,1,0.88428,721,1,540
clean_white,1.0,1.0,1.0,0.0,p_6a1e2c464b2be.jpg,False,540,601,0,0.91756,721,3,540
clean_white,1.0,1.0,1.0,0.0,p_6a1e2c464b94c.jpg,False,540,602,0,0.97275,721,6,540
clean_white,1.0,1.0,1.0,0.0,p_6a1e2c46f31b7.jpg,False,540,603,1,0.88428,722,1,540
clean_white,1.0,1.0,1.0,0.0,p_6a1e2c46f3811.jpg,False,540,604,0,0.91756,722,3,540
clean_white,1.0,1.0,1.0,0.0,p_6a1e2c46f3e89.jpg,False,540,605,0,0.97275,722,6,540
clean_white,1.0,1.0,1.0,0.0,p_6a1e2c47a3f2d.jpg,False,540,606,1,0.88428,723,1,540
clean_white,1.0,1.0,1.0,0.0,p_6a1e2c47a45c2.jpg,False,540,607,0,0.91756,723,3,540
clean_white,1.0,1.0,1.0,0.0,p_6a1e2c47a4c55.jpg,False,540,608,0,0.97275,723,6,540
clean_white,1.0,1.0,1.0,0.0,p_6a1e2c4857b63.jpg,False,540,609,1,0.88428,724,1,540
clean_white,1.0,1.0,1.0,0.0,p_6a1e2c485827a.jpg,False,540,610,0,0.91756,724,3,540
clean_white,1.0,1.0,1.0,0.0,p_6a1e2c48588bb.jpg,False,540,611,0,0.97275,724,6,540
clean_white,1.0,1.0,1.0,0.0,p_6a1e2c4905f12.jpg,False,540,612,1,0.88428,725,1,540
clean_white,1.0,1.0,1.0,0.0,p_6a1e2c49065ea.jpg,False,540,613,0,0.91756,725,3,540
clean_white,1.0,1.0,1.0,0.0,p_6a1e2c4906c6f.jpg,False,540,614,0,0.97275,725,6,540
clean_white,1.0,1.0,1.0,0.0,p_6a1e2c49ac8ff.jpg,False,540,615,1,0.88428,726,1,540
clean_white,1.0,1.0,1.0,0.0,p_6a1e2c49acf02.jpg,False,540,616,0,0.91756,726,3,540
clean_white,1.0,1.0,1.0,0.0,p_6a1e2c49ad4b9.jpg,False,540,617,0,0.97275,726,6,540
clean_white,1.0,1.0,1.0,0.0,p_6a1e2c4a5d728.jpg,False,540,618,1,0.88428,727,1,540
clean_white,1.0,1.0,1.0,0.0,p_6a1e2c4a5df0c.jpg,False,540,619,0,0.91756,727,3,540
clean_white,1.0,1.0,1.0,0.0,p_6a1e2c4a5e463.jpg,False,540,620,0,0.97275,727,6,540
clean_white,1.0,1.0,1.0,0.0,p_6a1e2c4b0f0aa.jpg,False,540,621,1,0.88428,728,1,540
clean_white,1.0,1.0,1.0,0.0,p_6a1e2c4b0f845.jpg,False,540,622,0,0.91756,728,3,540
clean_white,1.0,1.0,1.0,0.0,p_6a1e2c4b0fd82.jpg,False,540,623,0,0.97275,728,6,540
clean_white,1.0,1.0,1.0,0.0,p_6a1e2c4bb35f3.jpg,False,540,624,1,0.88428,729,1,540
clean_white,1.0,1.0,1.0,0.0,p_6a1e2c4bb3c88.jpg,False,540,625,0,0.91756,729,3,540
clean_white,1.0,1.0,1.0,0.0,p_6a1e2c4bb41bf.jpg,False,540,626,0,0.97275,729,6,540
clean_white,1.0,1.0,1.0,0.0,p_6a1e2c4c5b42d.jpg,False,540,627,1,0.88428,730,1,540
clean_white,1.0,1.0,1.0,0.0,p_6a1e2c4c5badc.jpg,False,540,628,0,0.91756,730,3,540
clean_white,1.0,1.0,1.0,0.0,p_6a1e2c4c5c085.jpg,False,540,629,0,0.97275,730,6,540
clean_white,1.0,1.0,1.0,0.0,p_6a1e2c4d09164.jpg,False,540,630,1,0.88428,731,1,540
clean_white,1.0,1.0,1.0,0.0,p_6a1e2c4d097ee.jpg,False,540,631,0,0.91756,731,3,540
clean_white,1.0,1.0,1.0,0.0,p_6a1e2c4d09e04.jpg,False,540,632,0,0.97275,731,6,540
clean_white,1.0,1.0,1.0,0.0,p_6a1e2c4daf713.jpg,False,540,633,1,0.88428,732,1,540
clean_white,1.0,1.0,1.0,0.0,p_6a1e2c4dafd6a.jpg,False,540,634,0,0.91756,732,3,540
clean_white,1.0,1.0,1.0,0.0,p_6a1e2c4db0341.jpg,False,540,635,0,0.97275,732,6,540
clean_white,1.0,1.0,1.0,0.0,p_6a1e2c4e5ec4e.jpg,False,540,636,1,0.88428,733,1,540
clean_white,1.0,1.0,1.0,0.0,p_6a1e2c4e5f336.jpg,False,540,637,0,0.91756,733,3,540
clean_white,1.0,1.0,1.0,0.0,p_6a1e2c4e5f970.jpg,False,540,638,0,0.97275,733,6,540
clean_white,1.0,1.0,1.0,0.0,p_6a1e2c4f0f350.jpg,False,540,639,1,0.88428,734,1,540
clean_white,1.0,1.0,1.0,0.0,p_6a1e2c4f0f992.jpg,False,540,640,0,0.91756,734,3,540
clean_white,1.0,1.0,1.0,0.0,p_6a1e2c4f0feb0.jpg,False,540,641,0,0.97275,734,6,540
clean_white,1.0,1.0,1.0,0.0,p_6a1e2c501269e.jpg,False,540,642,1,0.88428,735,1,540
clean_white,1.0,1.0,1.0,0.0,p_6a1e2c5012cb1.jpg,False,540,643,0,0.91756,735,3,540
clean_white,1.0,1.0,1.0,0.0,p_6a1e2c50132e4.jpg,False,540,644,0,0.97275,735,6,540
clean_white,1.0,1.0,1.0,0.0,p_6a1e2c50b8486.jpg,False,540,645,1,0.88428,736,1,540
clean_white,1.0,1.0,1.0,0.0,p_6a1e2c50b8c74.jpg,False,540,646,0,0.91756,736,3,540
clean_white,1.0,1.0,1.0,0.0,p_6a1e2c50b9365.jpg,False,540,647,0,0.97275,736,6,540
clean_white,1.0,1.0,1.0,0.0,p_6a1e2c5166146.jpg,False,540,648,1,0.88428,737,1,540
clean_white,1.0,1.0,1.0,0.0,p_6a1e2c5166769.jpg,False,540,649,0,0.91756,737,3,540
clean_white,1.0,1.0,1.0,0.0,p_6a1e2c5166daa.jpg,False,540,650,0,0.97275,737,6,540
clean_white,1.0,1.0,1.0,0.0,p_6a1e2c521a70e.jpg,False,540,651,1,0.88428,738,1,540
clean_white,1.0,1.0,1.0,0.0,p_6a1e2c521adf6.jpg,False,540,652,0,0.91756,738,3,540
clean_white,1.0,1.0,1.0,0.0,p_6a1e2c521b50e.jpg,False,540,653,0,0.97275,738,6,540
clean_white,1.0,1.0,1.0,0.0,p_6a1e2c52b8bc6.jpg,False,540,654,1,0.88428,739,1,540
clean_white,1.0,1.0,1.0,0.0,p_6a1e2c52b9248.jpg,False,540,655,0,0.91756,739,3,540
clean_white,1.0,1.0,1.0,0.0,p_6a1e2c52b9864.jpg,False,540,656,0,0.97275,739,6,540
clean_white,1.0,1.0,1.0,0.0,p_6a1e2c53663f6.jpg,False,540,657,1,0.88428,740,1,540
clean_white,1.0,1.0,1.0,0.0,p_6a1e2c5366aca.jpg,False,540,658,0,0.91756,740,3,540
clean_white,1.0,1.0,1.0,0.0,p_6a1e2c53671fe.jpg,False,540,659,0,0.97275,740,6,540
clean_white,1.0,1.0,1.0,0.0,p_6a1e2c5417145.jpg,False,540,660,1,0.88428,741,1,540
clean_white,1.0,1.0,1.0,0.0,p_6a1e2c5417726.jpg,False,540,661,0,0.91756,741,3,540
clean_white,1.0,1.0,1.0,0.0,p_6a1e2c5417d74.jpg,False,540,662,0,0.97275,741,6,540
clean_white,1.0,1.0,1.0,0.0,p_6a1e2c54b8ae8.jpg,False,540,663,1,0.88428,742,1,540
clean_white,1.0,1.0,1.0,0.0,p_6a1e2c54b9251.jpg,False,540,664,0,0.91756,742,3,540
clean_white,1.0,1.0,1.0,0.0,p_6a1e2c54b9854.jpg,False,540,665,0,0.97275,742,6,540
clean_white,1.0,1.0,1.0,0.0,p_6a1e2c556322d.jpg,False,540,666,1,0.88428,743,1,540
clean_white,1.0,1.0,1.0,0.0,p_6a1e2c55637db.jpg,False,540,667,0,0.91756,743,3,540
clean_white,1.0,1.0,1.0,0.0,p_6a1e2c5563ebf.jpg,False,540,668,0,0.97275,743,6,540
clean_white,1.0,1.0,1.0,0.0,p_6a1e2c561195b.jpg,False,540,669,1,0.88428,744,1,540
clean_white,1.0,1.0,1.0,0.0,p_6a1e2c5611f5d.jpg,False,540,670,0,0.91756,744,3,540
clean_white,1.0,1.0,1.0,0.0,p_6a1e2c5612532.jpg,False,540,671,0,0.97275,744,6,540
clean_white,1.0,1.0,1.0,0.0,p_6a1e2c56b8415.jpg,False,540,672,1,0.88428,745,1,540
clean_white,1.0,1.0,1.0,0.0,p_6a1e2c56b8974.jpg,False,540,673,0,0.91756,745,3,540
clean_white,1.0,1.0,1.0,0.0,p_6a1e2c56b8eef.jpg,False,540,674,0,0.97275,745,6,540
clean_white,1.0,1.0,1.0,0.0,p_6a1e2c5769977.jpg,False,540,675,1,0.88428,746,1,540
clean_white,1.0,1.0,1.0,0.0,p_6a1e2c5769f39.jpg,False,540,676,0,0.91756,746,3,540
clean_white,1.0,1.0,1.0,0.0,p_6a1e2c576a4e2.jpg,False,540,677,0,0.97275,746,6,540
clean_white,1.0,1.0,1.0,0.0,p_6a1e2c58161cd.jpg,False,540,678,1,0.88428,747,1,540
clean_white,1.0,1.0,1.0,0.0,p_6a1e2c581685b.jpg,False,540,679,0,0.91756,747,3,540
clean_white,1.0,1.0,1.0,0.0,p_6a1e2c5816d66.jpg,False,540,680,0,0.97275,747,6,540
clean_white,1.0,1.0,1.0,0.0,p_6a1e2c58bbf70.jpg,False,540,681,1,0.88428,748,1,540
clean_white,1.0,1.0,1.0,0.0,p_6a1e2c58bc9e6.jpg,False,540,682,0,0.91756,748,3,540
clean_white,1.0,1.0,1.0,0.0,p_6a1e2c58bd05d.jpg,False,540,683,0,0.97275,748,6,540
clean_white,1.0,1.0,1.0,0.0,p_6a1e2c5968394.jpg,False,540,684,1,0.88428,749,1,540
clean_white,1.0,1.0,1.0,0.0,p_6a1e2c5968a57.jpg,False,540,685,0,0.91756,749,3,540
clean_white,1.0,1.0,1.0,0.0,p_6a1e2c596921a.jpg,False,540,686,0,0.97275,749,6,540
clean_white,1.0,1.0,1.0,0.0,p_6a1e2c5a67351.jpg,False,540,687,1,0.88428,750,1,540
clean_white,1.0,1.0,1.0,0.0,p_6a1e2c5a679c3.jpg,False,540,688,0,0.91756,750,3,540
clean_white,1.0,1.0,1.0,0.0,p_6a1e2c5a6804f.jpg,False,540,689,0,0.97275,750,6,540
clean_white,1.0,1.0,1.0,0.0,p_6a1e2c5b15598.jpg,False,540,690,1,0.88428,751,1,540
clean_white,1.0,1.0,1.0,0.0,p_6a1e2c5b15c7a.jpg,False,540,691,0,0.91756,751,3,540
clean_white,1.0,1.0,1.0,0.0,p_6a1e2c5b162d8.jpg,False,540,692,0,0.97275,751,6,540
clean_white,1.0,1.0,1.0,0.0,p_6a1e2c5bb8801.jpg,False,540,693,1,0.88428,752,1,540
clean_white,1.0,1.0,1.0,0.0,p_6a1e2c5bb8e8a.jpg,False,540,694,0,0.91756,752,3,540
clean_white,1.0,1.0,1.0,0.0,p_6a1e2c5bb9427.jpg,False,540,695,0,0.97275,752,6,540
clean_white,1.0,1.0,1.0,0.0,p_6a1e2c5c661c1.jpg,False,540,696,1,0.88428,753,1,540
clean_white,1.0,1.0,1.0,0.0,p_6a1e2c5c66925.jpg,False,540,697,0,0.91756,753,3,540
clean_white,1.0,1.0,1.0,0.0,p_6a1e2c5c66f5a.jpg,False,540,698,0,0.97275,753,6,540
clean_white,1.0,1.0,1.0,0.0,p_6a1e2c5d12266.jpg,False,540,699,1,0.88428,754,1,540
clean_white,1.0,1.0,1.0,0.0,p_6a1e2c5d12889.jpg,False,540,700,0,0.91756,754,3,540
clean_white,1.0,1.0,1.0,0.0,p_6a1e2c5d12f65.jpg,False,540,701,0,0.97275,754,6,540
clean_white,1.0,1.0,1.0,0.0,p_6a1e2c5db7599.jpg,False,540,702,1,0.88428,755,1,540
clean_white,1.0,1.0,1.0,0.0,p_6a1e2c5db7c75.jpg,False,540,703,0,0.91756,755,3,540
clean_white,1.0,1.0,1.0,0.0,p_6a1e2c5db8350.jpg,False,540,704,0,0.97275,755,6,540
clean_white,1.0,1.0,1.0,0.0,p_6a1e2c5e68a37.jpg,False,540,705,1,0.88428,756,1,540
clean_white,1.0,1.0,1.0,0.0,p_6a1e2c5e69001.jpg,False,540,706,0,0.91756,756,3,540
clean_white,1.0,1.0,1.0,0.0,p_6a1e2c5e69702.jpg,False,540,707,0,0.97275,756,6,540
clean_white,1.0,1.0,1.0,0.0,p_6a1e2c5f14ba4.jpg,False,540,708,1,0.88428,757,1,540
clean_white,1.0,1.0,1.0,0.0,p_6a1e2c5f1514b.jpg,False,540,709,0,0.91756,757,3,540
clean_white,1.0,1.0,1.0,0.0,p_6a1e2c5f15654.jpg,False,540,710,0,0.97275,757,6,540
clean_white,1.0,1.0,1.0,0.0,p_6a1e2c5fb662b.jpg,False,540,711,1,0.88428,758,1,540
clean_white,1.0,1.0,1.0,0.0,p_6a1e2c5fb6cec.jpg,False,540,712,0,0.91756,758,3,540
clean_white,1.0,1.0,1.0,0.0,p_6a1e2c5fb733f.jpg,False,540,713,0,0.97275,758,6,540
clean_white,1.0,1.0,1.0,0.0,p_6a1e2c6066141.jpg,False,540,714,1,0.88428,759,1,540
clean_white,1.0,1.0,1.0,0.0,p_6a1e2c6066793.jpg,False,540,715,0,0.91756,759,3,540
clean_white,1.0,1.0,1.0,0.0,p_6a1e2c6066e7b.jpg,False,540,716,0,0.97275,759,6,540
clean_white,1.0,1.0,1.0,0.0,p_6a1e2c6115797.jpg,False,540,717,1,0.88428,760,1,540
clean_white,1.0,1.0,1.0,0.0,p_6a1e2c6115d73.jpg,False,540,718,0,0.91756,760,3,540
clean_white,1.0,1.0,1.0,0.0,p_6a1e2c6116549.jpg,False,540,719,0,0.97275,760,6,540
clean_white,1.0,1.0,1.0,0.0,p_6a1e2c61bb7ba.jpg,False,540,720,1,0.88428,761,1,540
clean_white,1.0,1.0,1.0,0.0,p_6a1e2c61bbe8c.jpg,False,540,721,0,0.91756,761,3,540
clean_white,1.0,1.0,1.0,0.0,p_6a1e2c61bc4fa.jpg,False,540,722,0,0.97275,761,6,540
clean_white,1.0,1.0,1.0,0.0,p_6a1e2c6272551.jpg,False,540,723,1,0.88428,762,1,540
clean_white,1.0,1.0,1.0,0.0,p_6a1e2c6272c08.jpg,False,540,724,0,0.91756,762,3,540
clean_white,1.0,1.0,1.0,0.0,p_6a1e2c6273289.jpg,False,540,725,0,0.97275,762,6,540
clean_white,1.0,1.0,1.0,0.0,p_6a1e2c632c36a.jpg,False,540,726,1,0.88428,763,1,540
clean_white,1.0,1.0,1.0,0.0,p_6a1e2c632cb5b.jpg,False,540,727,0,0.91756,763,3,540
clean_white,1.0,1.0,1.0,0.0,p_6a1e2c632d268.jpg,False,540,728,0,0.97275,763,6,540
clean_white,1.0,1.0,1.0,0.0,p_6a1e2c63c8613.jpg,False,540,729,1,0.88428,764,1,540
clean_white,1.0,1.0,1.0,0.0,p_6a1e2c63c8d09.jpg,False,540,730,0,0.91756,764,3,540
clean_white,1.0,1.0,1.0,0.0,p_6a1e2c63c93ad.jpg,False,540,731,0,0.97275,764,6,540
clean_white,1.0,1.0,1.0,0.0,p_6a1e2c64c6b08.jpg,False,540,732,1,0.88428,765,1,540
clean_white,1.0,1.0,1.0,0.0,p_6a1e2c64c71a7.jpg,False,540,733,0,0.91756,765,3,540
clean_white,1.0,1.0,1.0,0.0,p_6a1e2c64c77fd.jpg,False,540,734,0,0.97275,765,6,540
clean_white,1.0,1.0,1.0,0.0,p_6a1e2c6575376.jpg,False,540,735,1,0.88428,766,1,540
clean_white,1.0,1.0,1.0,0.0,p_6a1e2c6575b33.jpg,False,540,736,0,0.91756,766,3,540
clean_white,1.0,1.0,1.0,0.0,p_6a1e2c6576286.jpg,False,540,737,0,0.97275,766,6,540
clean_white,1.0,1.0,1.0,0.0,p_6a1e2c661cdde.jpg,False,540,738,1,0.88428,767,1,540
clean_white,1.0,1.0,1.0,0.0,p_6a1e2c661d3c6.jpg,False,540,739,0,0.91756,767,3,540
clean_white,1.0,1.0,1.0,0.0,p_6a1e2c661da5a.jpg,False,540,740,0,0.97275,767,6,540
clean_white,1.0,1.0,1.0,0.0,p_6a1e2c66c002b.jpg,False,540,741,1,0.88428,768,1,540
clean_white,1.0,1.0,1.0,0.0,p_6a1e2c66c0759.jpg,False,540,742,0,0.91756,768,3,540
clean_white,1.0,1.0,1.0,0.0,p_6a1e2c66c0d6d.jpg,False,540,743,0,0.97275,768,6,540
clean_white,1.0,1.0,1.0,0.0,p_6a1e2c676fcb7.jpg,False,540,744,1,0.88428,769,1,540
clean_white,1.0,1.0,1.0,0.0,p_6a1e2c67703b8.jpg,False,540,745,0,0.91756,769,3,540
clean_white,1.0,1.0,1.0,0.0,p_6a1e2c6770a4f.jpg,False,540,746,0,0.97275,769,6,540
clean_white,1.0,1.0,1.0,0.0,p_6a1e2c6820425.jpg,False,540,747,1,0.88428,770,1,540
clean_white,1.0,1.0,1.0,0.0,p_6a1e2c6820cc1.jpg,False,540,748,0,0.91756,770,3,540
clean_white,1.0,1.0,1.0,0.0,p_6a1e2c6821359.jpg,False,540,749,0,0.97275,770,6,540
clean_white,1.0,1.0,1.0,0.0,p_6a1e2c68c7fbc.jpg,False,540,750,1,0.88428,771,1,540
clean_white,1.0,1.0,1.0,0.0,p_6a1e2c68c86e1.jpg,False,540,751,0,0.91756,771,3,540
clean_white,1.0,1.0,1.0,0.0,p_6a1e2c68c8d29.jpg,False,540,752,0,0.97275,771,6,540
clean_white,1.0,1.0,1.0,0.0,p_6a1e2c69799e6.jpg,False,540,753,1,0.88428,772,1,540
clean_white,1.0,1.0,1.0,0.0,p_6a1e2c697a025.jpg,False,540,754,0,0.91756,772,3,540
clean_white,1.0,1.0,1.0,0.0,p_6a1e2c697a7d0.jpg,False,540,755,0,0.97275,772,6,540
clean_white,1.0,1.0,1.0,0.0,p_6a1e2c6a2838c.jpg,False,540,756,1,0.88428,773,1,540
clean_white,1.0,1.0,1.0,0.0,p_6a1e2c6a28886.jpg,False,540,757,0,0.91756,773,3,540
clean_white,1.0,1.0,1.0,0.0,p_6a1e2c6a28d3d.jpg,False,540,758,0,0.97275,773,6,540
clean_white,1.0,1.0,1.0,0.0,p_6a1e2c6ac930d.jpg,False,540,759,1,0.88428,774,1,540
clean_white,1.0,1.0,1.0,0.0,p_6a1e2c6ac98db.jpg,False,540,760,0,0.91756,774,3,540
clean_white,1.0,1.0,1.0,0.0,p_6a1e2c6ac9e0c.jpg,False,540,761,0,0.97275,774,6,540
clean_white,1.0,1.0,1.0,0.0,p_6a1e2c6b767a1.jpg,False,540,762,1,0.88428,775,1,540
clean_white,1.0,1.0,1.0,0.0,p_6a1e2c6b76de3.jpg,False,540,763,0,0.91756,775,3,540
clean_white,1.0,1.0,1.0,0.0,p_6a1e2c6b7742e.jpg,False,540,764,0,0.97275,775,6,540
clean_white,1.0,1.0,1.0,0.0,p_6a1e2c6c2ad5b.jpg,False,540,765,1,0.88428,776,1,540
clean_white,1.0,1.0,1.0,0.0,p_6a1e2c6c2b398.jpg,False,540,766,0,0.91756,776,3,540
clean_white,1.0,1.0,1.0,0.0,p_6a1e2c6c2b90c.jpg,False,540,767,0,0.97275,776,6,540
clean_white,1.0,1.0,1.0,0.0,p_6a1e2c6ccfd36.jpg,False,540,768,1,0.88428,777,1,540
clean_white,1.0,1.0,1.0,0.0,p_6a1e2c6cd05d1.jpg,False,540,769,0,0.91756,777,3,540
clean_white,1.0,1.0,1.0,0.0,p_6a1e2c6cd0e64.jpg,False,540,770,0,0.97275,777,6,540
clean_white,1.0,1.0,1.0,0.0,p_6a1e2c6d87a94.jpg,False,540,771,1,0.88428,778,1,540
clean_white,1.0,1.0,1.0,0.0,p_6a1e2c6d881d6.jpg,False,540,772,0,0.91756,778,3,540
clean_white,1.0,1.0,1.0,0.0,p_6a1e2c6d88897.jpg,False,540,773,0,0.97275,778,6,540
clean_white,1.0,1.0,1.0,0.0,p_6a1e2c6e3c350.jpg,False,540,774,1,0.88428,779,1,540
clean_white,1.0,1.0,1.0,0.0,p_6a1e2c6e3ca01.jpg,False,540,775,0,0.91756,779,3,540
clean_white,1.0,1.0,1.0,0.0,p_6a1e2c6e3d022.jpg,False,540,776,0,0.97275,779,6,540
clean_white,1.0,1.0,1.0,0.0,p_6a1e2c146c4b6.jpg,False,540,777,1,0.88428,780,1,540
clean_white,1.0,1.0,1.0,0.0,p_6a1e2c146cc4d.jpg,False,540,778,0,0.91756,780,3,540
clean_white,1.0,1.0,1.0,0.0,p_6a1e2c146d2c9.jpg,False,540,779,0,0.97275,780,6,540
clean_white,1.0,1.0,1.0,0.0,p_6a1e2c1519b50.jpg,False,540,780,1,0.88428,781,1,540
clean_white,1.0,1.0,1.0,0.0,p_6a1e2c151a151.jpg,False,540,781,0,0.91756,781,3,540
clean_white,1.0,1.0,1.0,0.0,p_6a1e2c151a6d7.jpg,False,540,782,0,0.97275,781,6,540
clean_white,1.0,1.0,1.0,0.0,p_6a1e2c15ba80e.jpg,False,540,783,1,0.88428,782,1,540
clean_white,1.0,1.0,1.0,0.0,p_6a1e2c15baea3.jpg,False,540,784,0,0.91756,782,3,540
clean_white,1.0,1.0,1.0,0.0,p_6a1e2c15bb445.jpg,False,540,785,0,0.97275,782,6,540
clean_white,1.0,1.0,1.0,0.0,p_6a1e2c1668330.jpg,False,540,786,1,0.88428,783,1,540
clean_white,1.0,1.0,1.0,0.0,p_6a1e2c166899b.jpg,False,540,787,0,0.91756,783,3,540
clean_white,1.0,1.0,1.0,0.0,p_6a1e2c1668f6b.jpg,False,540,788,0,0.97275,783,6,540
clean_white,1.0,1.0,1.0,0.0,p_6a1e2c1716aa3.jpg,False,540,789,1,0.88428,784,1,540
clean_white,1.0,1.0,1.0,0.0,p_6a1e2c171702c.jpg,False,540,790,0,0.91756,784,3,540
clean_white,1.0,1.0,1.0,0.0,p_6a1e2c171752f.jpg,False,540,791,0,0.97275,784,6,540
clean_white,1.0,1.0,1.0,0.0,p_6a1e2c17babf3.jpg,False,540,792,1,0.88428,785,1,540
clean_white,1.0,1.0,1.0,0.0,p_6a1e2c17bb28a.jpg,False,540,793,0,0.91756,785,3,540
clean_white,1.0,1.0,1.0,0.0,p_6a1e2c17bb977.jpg,False,540,794,0,0.97275,785,6,540
clean_white,1.0,1.0,1.0,0.0,p_6a1e2c186a3cc.jpg,False,540,795,1,0.88428,786,1,540
clean_white,1.0,1.0,1.0,0.0,p_6a1e2c186aa88.jpg,False,540,796,0,0.91756,786,3,540
clean_white,1.0,1.0,1.0,0.0,p_6a1e2c186b11c.jpg,False,540,797,0,0.97275,786,6,540
clean_white,1.0,1.0,1.0,0.0,p_6a1e2c191c6d0.jpg,False,540,798,1,0.88428,787,1,540
clean_white,1.0,1.0,1.0,0.0,p_6a1e2c191cd5f.jpg,False,540,799,0,0.91756,787,3,540
clean_white,1.0,1.0,1.0,0.0,p_6a1e2c191d2df.jpg,False,540,800,0,0.97275,787,6,540
clean_white,1.0,1.0,1.0,0.0,p_6a1e2c19bec2c.jpg,False,540,801,1,0.88428,788,1,540
clean_white,1.0,1.0,1.0,0.0,p_6a1e2c19bf2ce.jpg,False,540,802,0,0.91756,788,3,540
clean_white,1.0,1.0,1.0,0.0,p_6a1e2c19bf8ab.jpg,False,540,803,0,0.97275,788,6,540
clean_white,1.0,1.0,1.0,0.0,p_6a1e2c1a68901.jpg,False,540,804,1,0.88428,789,1,540
clean_white,1.0,1.0,1.0,0.0,p_6a1e2c1a68ead.jpg,False,540,805,0,0.91756,789,3,540
clean_white,1.0,1.0,1.0,0.0,p_6a1e2c1a69491.jpg,False,540,806,0,0.97275,789,6,540
clean_white,1.0,1.0,1.0,0.0,p_6a1e2c1b1306b.jpg,False,540,807,1,0.88428,790,1,540
clean_white,1.0,1.0,1.0,0.0,p_6a1e2c1b13737.jpg,False,540,808,0,0.91756,790,3,540
clean_white,1.0,1.0,1.0,0.0,p_6a1e2c1b13c78.jpg,False,540,809,0,0.97275,790,6,540
clean_white,1.0,1.0,1.0,0.0,p_6a1e2c1bb5d1a.jpg,False,540,810,1,0.88428,791,1,540
clean_white,1.0,1.0,1.0,0.0,p_6a1e2c1bb62e3.jpg,False,540,811,0,0.91756,791,3,540
clean_white,1.0,1.0,1.0,0.0,p_6a1e2c1bb6877.jpg,False,540,812,0,0.97275,791,6,540
clean_white,1.0,1.0,1.0,0.0,p_6a1e2c1c650f1.jpg,False,540,813,1,0.88428,792,1,540
clean_white,1.0,1.0,1.0,0.0,p_6a1e2c1c6570c.jpg,False,540,814,0,0.91756,792,3,540
clean_white,1.0,1.0,1.0,0.0,p_6a1e2c1c65c4a.jpg,False,540,815,0,0.97275,792,6,540
clean_white,1.0,1.0,1.0,0.0,p_6a1e2c1d13061.jpg,False,540,816,1,0.88428,793,1,540
clean_white,1.0,1.0,1.0,0.0,p_6a1e2c1d13643.jpg,False,540,817,0,0.91756,793,3,540
clean_white,1.0,1.0,1.0,0.0,p_6a1e2c1d13c12.jpg,False,540,818,0,0.97275,793,6,540
clean_white,1.0,1.0,1.0,0.0,p_6a1e2c1dbbe79.jpg,False,540,819,1,0.88428,794,1,540
clean_white,1.0,1.0,1.0,0.0,p_6a1e2c1dbc426.jpg,False,540,820,0,0.91756,794,3,540
clean_white,1.0,1.0,1.0,0.0,p_6a1e2c1dbca1f.jpg,False,540,821,0,0.97275,794,6,540
clean_white,1.0,1.0,1.0,0.0,p_6a1e2c1ec5865.jpg,False,540,822,1,0.88428,795,1,540
clean_white,1.0,1.0,1.0,0.0,p_6a1e2c1ec5e56.jpg,False,540,823,0,0.91756,795,3,540
clean_white,1.0,1.0,1.0,0.0,p_6a1e2c1ec63ad.jpg,False,540,824,0,0.97275,795,6,540
clean_white,1.0,1.0,1.0,0.0,p_6a1e2c1f7cfe6.jpg,False,540,825,1,0.88428,796,1,540
clean_white,1.0,1.0,1.0,0.0,p_6a1e2c1f7d64f.jpg,False,540,826,0,0.91756,796,3,540
clean_white,1.0,1.0,1.0,0.0,p_6a1e2c1f7dccd.jpg,False,540,827,0,0.97275,796,6,540
clean_white,1.0,1.0,1.0,0.0,p_6a1e2c202b7d7.jpg,False,540,828,1,0.88428,797,1,540
clean_white,1.0,1.0,1.0,0.0,p_6a1e2c202bddf.jpg,False,540,829,0,0.91756,797,3,540
clean_white,1.0,1.0,1.0,0.0,p_6a1e2c202c373.jpg,False,540,830,0,0.97275,797,6,540
clean_white,1.0,1.0,1.0,0.0,p_6a1e2c20cdf74.jpg,False,540,831,1,0.88428,798,1,540
clean_white,1.0,1.0,1.0,0.0,p_6a1e2c20ce59f.jpg,False,540,832,0,0.91756,798,3,540
clean_white,1.0,1.0,1.0,0.0,p_6a1e2c20ceabe.jpg,False,540,833,0,0.97275,798,6,540
clean_white,1.0,1.0,1.0,0.0,p_6a1e2c217b316.jpg,False,540,834,1,0.88428,799,1,540
clean_white,1.0,1.0,1.0,0.0,p_6a1e2c217bb4a.jpg,False,540,835,0,0.91756,799,3,540
clean_white,1.0,1.0,1.0,0.0,p_6a1e2c217c3e8.jpg,False,540,836,0,0.97275,799,6,540
clean_white,1.0,1.0,1.0,0.0,p_6a1e2c222bb97.jpg,False,540,837,1,0.88428,800,1,540
clean_white,1.0,1.0,1.0,0.0,p_6a1e2c222c299.jpg,False,540,838,0,0.91756,800,3,540
clean_white,1.0,1.0,1.0,0.0,p_6a1e2c222c9b2.jpg,False,540,839,0,0.97275,800,6,540
clean_white,1.0,1.0,1.0,0.0,p_6a1e2c22d1414.jpg,False,540,840,1,0.88428,801,1,540
clean_white,1.0,1.0,1.0,0.0,p_6a1e2c22d1a58.jpg,False,540,841,0,0.91756,801,3,540
clean_white,1.0,1.0,1.0,0.0,p_6a1e2c22d1fbc.jpg,False,540,842,0,0.97275,801,6,540
clean_white,1.0,1.0,1.0,0.0,p_6a1e2c2381bb0.jpg,False,540,843,1,0.88428,802,1,540
clean_white,1.0,1.0,1.0,0.0,p_6a1e2c23821f5.jpg,False,540,844,0,0.91756,802,3,540
clean_white,1.0,1.0,1.0,0.0,p_6a1e2c2382894.jpg,False,540,845,0,0.97275,802,6,540
clean_white,1.0,1.0,1.0,0.0,p_6a1e2c2432cf6.jpg,False,540,846,1,0.88428,803,1,540
clean_white,1.0,1.0,1.0,0.0,p_6a1e2c24332dd.jpg,False,540,847,0,0.91756,803,3,540
clean_white,1.0,1.0,1.0,0.0,p_6a1e2c243399b.jpg,False,540,848,0,0.97275,803,6,540
clean_white,1.0,1.0,1.0,0.0,p_6a1e2c24dc4e2.jpg,False,540,849,1,0.88428,804,1,540
clean_white,1.0,1.0,1.0,0.0,p_6a1e2c24dcbad.jpg,False,540,850,0,0.91756,804,3,540
clean_white,1.0,1.0,1.0,0.0,p_6a1e2c24dd24e.jpg,False,540,851,0,0.97275,804,6,540
clean_white,1.0,1.0,1.0,0.0,p_6a1e2c258af97.jpg,False,540,852,1,0.88428,805,1,540
clean_white,1.0,1.0,1.0,0.0,p_6a1e2c258b696.jpg,False,540,853,0,0.91756,805,3,540
clean_white,1.0,1.0,1.0,0.0,p_6a1e2c258bd6b.jpg,False,540,854,0,0.97275,805,6,540
clean_white,1.0,1.0,1.0,0.0,p_6a1e2c263763f.jpg,False,540,855,1,0.88428,806,1,540
clean_white,1.0,1.0,1.0,0.0,p_6a1e2c2637d34.jpg,False,540,856,0,0.91756,806,3,540
clean_white,1.0,1.0,1.0,0.0,p_6a1e2c26382ae.jpg,False,540,857,0,0.97275,806,6,540
clean_white,1.0,1.0,1.0,0.0,p_6a1e2c26d9534.jpg,False,540,858,1,0.88428,807,1,540
clean_white,1.0,1.0,1.0,0.0,p_6a1e2c26d9b70.jpg,False,540,859,0,0.91756,807,3,540
clean_white,1.0,1.0,1.0,0.0,p_6a1e2c26da186.jpg,False,540,860,0,0.97275,807,6,540
clean_white,1.0,1.0,1.0,0.0,p_6a1e2c2787014.jpg,False,540,861,1,0.88428,808,1,540
clean_white,1.0,1.0,1.0,0.0,p_6a1e2c27875d0.jpg,False,540,862,0,0.91756,808,3,540
clean_white,1.0,1.0,1.0,0.0,p_6a1e2c2787b43.jpg,False,540,863,0,0.97275,808,6,540
clean_white,1.0,1.0,1.0,0.0,p_6a1e2c28396b9.jpg,False,540,864,1,0.88428,809,1,540
clean_white,1.0,1.0,1.0,0.0,p_6a1e2c2839d2b.jpg,False,540,865,0,0.91756,809,3,540
clean_white,1.0,1.0,1.0,0.0,p_6a1e2c283a3bc.jpg,False,540,866,0,0.97275,809,6,540
clean_white,1.0,1.0,1.0,0.0,p_6a1e2c2940c90.jpg,False,540,867,1,0.88428,810,1,540
clean_white,1.0,1.0,1.0,0.0,p_6a1e2c294123c.jpg,False,540,868,0,0.91756,810,3,540
clean_white,1.0,1.0,1.0,0.0,p_6a1e2c2941856.jpg,False,540,869,0,0.97275,810,6,540
clean_white,1.0,1.0,1.0,0.0,p_6a1e2c29e5e76.jpg,False,540,870,1,0.88428,811,1,540
clean_white,1.0,1.0,1.0,0.0,p_6a1e2c29e651e.jpg,False,540,871,0,0.91756,811,3,540
clean_white,1.0,1.0,1.0,0.0,p_6a1e2c29e6ac6.jpg,False,540,872,0,0.97275,811,6,540
clean_white,1.0,1.0,1.0,0.0,p_6a1e2c2a9882e.jpg,False,540,873,1,0.88428,812,1,540
clean_white,1.0,1.0,1.0,0.0,p_6a1e2c2a9905b.jpg,False,540,874,0,0.91756,812,3,540
clean_white,1.0,1.0,1.0,0.0,p_6a1e2c2a997c6.jpg,False,540,875,0,0.97275,812,6,540
clean_white,1.0,1.0,1.0,0.0,p_6a1e2c2b4945a.jpg,False,540,876,1,0.88428,813,1,540
clean_white,1.0,1.0,1.0,0.0,p_6a1e2c2b49acd.jpg,False,540,877,0,0.91756,813,3,540
clean_white,1.0,1.0,1.0,0.0,p_6a1e2c2b4a0cb.jpg,False,540,878,0,0.97275,813,6,540
clean_white,1.0,1.0,1.0,0.0,p_6a1e2c2bead13.jpg,False,540,879,1,0.88428,814,1,540
clean_white,1.0,1.0,1.0,0.0,p_6a1e2c2beb36e.jpg,False,540,880,0,0.91756,814,3,540
clean_white,1.0,1.0,1.0,0.0,p_6a1e2c2beb9e4.jpg,False,540,881,0,0.97275,814,6,540
clean_white,1.0,1.0,1.0,0.0,p_6a1e2c2c9bfc1.jpg,False,540,882,1,0.88428,815,1,540
clean_white,1.0,1.0,1.0,0.0,p_6a1e2c2c9c6cf.jpg,False,540,883,0,0.91756,815,3,540
clean_white,1.0,1.0,1.0,0.0,p_6a1e2c2c9cc19.jpg,False,540,884,0,0.97275,815,6,540
clean_white,1.0,1.0,1.0,0.0,p_6a1e2c2d4ab99.jpg,False,540,885,1,0.88428,816,1,540
clean_white,1.0,1.0,1.0,0.0,p_6a1e2c2d4b3ea.jpg,False,540,886,0,0.91756,816,3,540
clean_white,1.0,1.0,1.0,0.0,p_6a1e2c2d4ba84.jpg,False,540,887,0,0.97275,816,6,540
clean_white,1.0,1.0,1.0,0.0,p_6a1e2c2df084d.jpg,False,540,888,1,0.88428,817,1,540
clean_white,1.0,1.0,1.0,0.0,p_6a1e2c2df0f04.jpg,False,540,889,0,0.91756,817,3,540
clean_white,1.0,1.0,1.0,0.0,p_6a1e2c2df155a.jpg,False,540,890,0,0.97275,817,6,540
clean_white,1.0,1.0,1.0,0.0,p_6a1e2c2ea1981.jpg,False,540,891,1,0.88428,818,1,540
clean_white,1.0,1.0,1.0,0.0,p_6a1e2c2ea1f12.jpg,False,540,892,0,0.91756,818,3,540
clean_white,1.0,1.0,1.0,0.0,p_6a1e2c2ea2501.jpg,False,540,893,0,0.97275,818,6,540
clean_white,1.0,1.0,1.0,0.0,p_6a1e2c2f585a6.jpg,False,540,894,1,0.88428,819,1,540
clean_white,1.0,1.0,1.0,0.0,p_6a1e2c2f58c38.jpg,False,540,895,0,0.91756,819,3,540
clean_white,1.0,1.0,1.0,0.0,p_6a1e2c2f593cb.jpg,False,540,896,0,0.97275,819,6,540
clean_white,1.0,1.0,1.0,0.0,p_6a1e2c300fd99.jpg,False,540,897,1,0.88428,820,1,540
clean_white,1.0,1.0,1.0,0.0,p_6a1e2c30102fd.jpg,False,540,898,0,0.91756,820,3,540
clean_white,1.0,1.0,1.0,0.0,p_6a1e2c30107f2.jpg,False,540,899,0,0.97275,820,6,540
clean_white,1.0,1.0,1.0,0.0,p_6a1e2c30b555b.jpg,False,540,900,1,0.88428,821,1,540
clean_white,1.0,1.0,1.0,0.0,p_6a1e2c30b5b4f.jpg,False,540,901,0,0.91756,821,3,540
clean_white,1.0,1.0,1.0,0.0,p_6a1e2c30b606e.jpg,False,540,902,0,0.97275,821,6,540
clean_white,1.0,1.0,1.0,0.0,p_6a1e2c31c1bd9.jpg,False,540,903,1,0.88428,822,1,540
clean_white,1.0,1.0,1.0,0.0,p_6a1e2c31c2242.jpg,False,540,904,0,0.91756,822,3,540
clean_white,1.0,1.0,1.0,0.0,p_6a1e2c31c28b7.jpg,False,540,905,0,0.97275,822,6,540
clean_white,1.0,1.0,1.0,0.0,p_6a1e2c32b508b.jpg,False,540,906,1,0.88428,823,1,540
clean_white,1.0,1.0,1.0,0.0,p_6a1e2c32b575b.jpg,False,540,907,0,0.91756,823,3,540
clean_white,1.0,1.0,1.0,0.0,p_6a1e2c32b67e0.jpg,False,540,908,0,0.97275,823,6,540
clean_white,1.0,1.0,1.0,0.0,p_6a1e2c33afa22.jpg,False,540,909,1,0.88428,824,1,540
clean_white,1.0,1.0,1.0,0.0,p_6a1e2c33affdf.jpg,False,540,910,0,0.91756,824,3,540
clean_white,1.0,1.0,1.0,0.0,p_6a1e2c33b054f.jpg,False,540,911,0,0.97275,824,6,540
clean_white,1.0,1.0,1.0,0.0,p_6a1e2c359fbb1.jpg,False,540,912,1,0.88428,825,1,540
clean_white,1.0,1.0,1.0,0.0,p_6a1e2c35a015d.jpg,False,540,913,0,0.91756,825,3,540
clean_white,1.0,1.0,1.0,0.0,p_6a1e2c35a0765.jpg,False,540,914,0,0.97275,825,6,540
clean_white,1.0,1.0,1.0,0.0,p_6a1e2c3697fc2.jpg,False,540,915,1,0.88428,826,1,540
clean_white,1.0,1.0,1.0,0.0,p_6a1e2c36988eb.jpg,False,540,916,0,0.91756,826,3,540
clean_white,1.0,1.0,1.0,0.0,p_6a1e2c3698f76.jpg,False,540,917,0,0.97275,826,6,540
clean_white,1.0,1.0,1.0,0.0,p_6a1e2c37958f1.jpg,False,540,918,1,0.88428,827,1,540
clean_white,1.0,1.0,1.0,0.0,p_6a1e2c3795fbc.jpg,False,540,919,0,0.91756,827,3,540
clean_white,1.0,1.0,1.0,0.0,p_6a1e2c3796642.jpg,False,540,920,0,0.97275,827,6,540
clean_white,1.0,1.0,1.0,0.0,p_6a1e2c388beb6.jpg,False,540,921,1,0.88428,828,1,540
clean_white,1.0,1.0,1.0,0.0,p_6a1e2c388c4e5.jpg,False,540,922,0,0.91756,828,3,540
clean_white,1.0,1.0,1.0,0.0,p_6a1e2c388c9f7.jpg,False,540,923,0,0.97275,828,6,540
clean_white,1.0,1.0,1.0,0.0,p_6a1e2c397f6fa.jpg,False,540,924,1,0.88428,829,1,540
clean_white,1.0,1.0,1.0,0.0,p_6a1e2c397fed6.jpg,False,540,925,0,0.91756,829,3,540
clean_white,1.0,1.0,1.0,0.0,p_6a1e2c3980470.jpg,False,540,926,0,0.97275,829,6,540
clean_white,1.0,1.0,1.0,0.0,p_6a1e2c3a7b2e1.jpg,False,540,927,1,0.88428,830,1,540
clean_white,1.0,1.0,1.0,0.0,p_6a1e2c3a7ba12.jpg,False,540,928,0,0.91756,830,3,540
clean_white,1.0,1.0,1.0,0.0,p_6a1e2c3a7c1c3.jpg,False,540,929,0,0.97275,830,6,540
clean_white,1.0,1.0,1.0,0.0,p_6a1e2c3b6fc50.jpg,False,540,930,1,0.88428,831,1,540
clean_white,1.0,1.0,1.0,0.0,p_6a1e2c3b702cd.jpg,False,540,931,0,0.91756,831,3,540
clean_white,1.0,1.0,1.0,0.0,p_6a1e2c3b7083c.jpg,False,540,932,0,0.97275,831,6,540
clean_white,1.0,1.0,1.0,0.0,p_6a1e2c3c6a5b5.jpg,False,540,933,1,0.88428,832,1,540
clean_white,1.0,1.0,1.0,0.0,p_6a1e2c3c6adce.jpg,False,540,934,0,0.91756,832,3,540
clean_white,1.0,1.0,1.0,0.0,p_6a1e2c3c6b429.jpg,False,540,935,0,0.97275,832,6,540
clean_white,1.0,1.0,1.0,0.0,p_6a1e2c3d5bf0d.jpg,False,540,936,1,0.88428,833,1,540
clean_white,1.0,1.0,1.0,0.0,p_6a1e2c3d5c5a9.jpg,False,540,937,0,0.91756,833,3,540
clean_white,1.0,1.0,1.0,0.0,p_6a1e2c3d5cb73.jpg,False,540,938,0,0.97275,833,6,540
clean_white,1.0,1.0,1.0,0.0,p_6a1e2c3e55682.jpg,False,540,939,1,0.88428,834,1,540
clean_white,1.0,1.0,1.0,0.0,p_6a1e2c3e5897e.jpg,False,540,940,0,0.91756,834,3,540
clean_white,1.0,1.0,1.0,0.0,p_6a1e2c3e591a3.jpg,False,540,941,0,0.97275,834,6,540
clean_white,1.0,1.0,1.0,0.0,p_6a1e2c3f4b7df.jpg,False,540,942,1,0.88428,835,1,540
clean_white,1.0,1.0,1.0,0.0,p_6a1e2c3f4bd91.jpg,False,540,943,0,0.91756,835,3,540
clean_white,1.0,1.0,1.0,0.0,p_6a1e2c3f4c32c.jpg,False,540,944,0,0.97275,835,6,540
clean_white,1.0,1.0,1.0,0.0,p_6a1e2c403fa5a.jpg,False,540,945,1,0.88428,836,1,540
clean_white,1.0,1.0,1.0,0.0,p_6a1e2c404008a.jpg,False,540,946,0,0.91756,836,3,540
clean_white,1.0,1.0,1.0,0.0,p_6a1e2c4040656.jpg,False,540,947,0,0.97275,836,6,540
clean_white,1.0,1.0,1.0,0.0,p_6a1e2c42a80ea.jpg,False,540,948,1,0.75153,837,1,540
clean_white,1.0,1.0,1.0,0.0,p_6a1e2c42a8974.jpg,False,540,949,0,0.82373,837,3,540
clean_white,1.0,1.0,1.0,0.0,p_6a1e2c42a93e7.jpg,False,540,950,0,0.98286,837,6,540
clean_white,1.0,0.99184,0.99077,0.0,p_6a1e2c43a0993.jpg,False,540,951,1,0.79576,838,1,540
clean_white,1.0,0.99169,0.99114,0.0,p_6a1e2c43a0ef7.jpg,False,540,952,0,0.63782,838,3,540
clean_white,1.0,1.0,1.0,0.0,p_6a1e2c43a149b.jpg,False,540,953,0,0.75032,838,6,540
clean_white,1.0,0.99184,0.99077,0.0,p_6a1e2c449c1d0.jpg,False,540,954,1,0.79576,839,1,540
clean_white,1.0,0.99169,0.99114,0.0,p_6a1e2c449c8b4.jpg,False,540,955,0,0.63782,839,3,540
clean_white,1.0,1.0,1.0,0.0,p_6a1e2c449ce2a.jpg,False,540,956,0,0.75032,839,6,540
clean_white,1.0,0.95349,0.95191,0.0,p_6a1e2bcd2c0b2.jpg,False,540,957,1,0.63616,840,0,540
clean_white,1.0,1.0,1.0,0.0,p_6a1e2bcd2b9f8.jpg,False,540,958,0,0.68858,840,1,540
clean_white,1.0,0.95397,0.95393,0.0,p_6a1e2bcd2c717.jpg,False,540,959,0,0.78227,840,2,540
clean_white,1.0,0.99184,0.99077,0.0,p_6a1e2bce1d919.jpg,False,540,960,1,0.79576,841,1,540
clean_white,1.0,0.99169,0.99114,0.0,p_6a1e2bce1df00.jpg,False,540,961,0,0.63782,841,3,540
clean_white,1.0,1.0,1.0,0.0,p_6a1e2bce1e635.jpg,False,540,962,0,0.75032,841,6,540
clean_white,1.0,0.99184,0.99077,0.0,p_6a1e2bcf1551e.jpg,False,540,963,1,0.79576,842,1,540
clean_white,1.0,0.99169,0.99114,0.0,p_6a1e2bcf15b76.jpg,False,540,964,0,0.63782,842,3,540
clean_white,1.0,1.0,1.0,0.0,p_6a1e2bcf160cb.jpg,False,540,965,0,0.75032,842,6,540
clean_white,1.0,0.99184,0.99077,0.0,p_6a1e2bd009163.jpg,False,540,966,1,0.79576,843,1,540
clean_white,1.0,0.99169,0.99114,0.0,p_6a1e2bd0096e0.jpg,False,540,967,0,0.63782,843,3,540
clean_white,1.0,1.0,1.0,0.0,p_6a1e2bd009d38.jpg,False,540,968,0,0.75032,843,6,540
review_white,1.0,0.90048,0.89801,0.0,p_6a1e2bd272106.jpg,False,540,969,1,0.89637,844,1,540
clean_white,1.0,0.94474,0.9232,0.0,p_6a1e2bd272687.jpg,False,540,970,0,0.81934,844,3,540
clean_white,1.0,0.99993,0.99533,0.0,p_6a1e2bd272cfd.jpg,False,540,971,0,0.59816,844,6,540
clean_white,1.0,1.0,1.0,0.0,p_6a1e2bd5044d9.jpg,False,540,972,1,0.79198,845,1,540
clean_white,1.0,1.0,1.0,0.0,p_6a1e2bd504be1.jpg,False,540,973,0,0.85916,845,3,540
clean_white,1.0,1.0,1.0,0.0,p_6a1e2bd50518d.jpg,False,540,974,0,0.98541,845,6,540
clean_white,1.0,1.0,1.0,0.0,p_6a1e2bd780c9d.jpg,False,540,975,1,0.85075,846,1,540
clean_white,1.0,0.98717,0.98445,0.0,p_6a1e2bd781413.jpg,False,540,976,0,0.61752,846,3,540
clean_white,1.0,0.98938,0.98235,0.0,p_6a1e2bd7819aa.jpg,False,540,977,0,0.62087,846,6,540
clean_white,1.0,0.95732,0.95651,0.0,p_6a1e2bda20d69.jpg,False,540,978,1,0.57218,847,1,540
clean_white,1.0,0.99364,0.99309,0.0,p_6a1e2bda2133a.jpg,False,540,979,0,0.51407,847,3,540
clean_white,1.0,1.0,1.0,0.0,p_6a1e2bda21958.jpg,False,540,980,0,0.60978,847,6,540
clean_white,1.0,0.99184,0.99077,0.0,p_6a1e2bdb1a592.jpg,False,540,981,1,0.79576,848,1,540
clean_white,1.0,0.99169,0.99114,0.0,p_6a1e2bdb1ac22.jpg,False,540,982,0,0.63782,848,3,540
clean_white,1.0,1.0,1.0,0.0,p_6a1e2bdb1b390.jpg,False,540,983,0,0.75032,848,6,540
clean_white,1.0,0.97596,0.97482,0.0,p_6a1e2bdd78239.jpg,False,540,984,1,0.9195,849,1,540
clean_white,1.0,0.94831,0.94452,0.0,p_6a1e2bdd787f5.jpg,False,540,985,0,0.91596,849,3,540
clean_white,1.0,0.94349,0.93971,0.0,p_6a1e2bdd78e76.jpg,False,540,986,0,0.75917,849,6,540
clean_white,1.0,1.0,1.0,0.0,p_6a1e2bdfa7272.jpg,False,540,987,1,0.91562,850,1,540
clean_white,1.0,0.98349,0.965,0.0,p_6a1e2bdfa7851.jpg,False,540,988,0,0.52844,850,3,540
clean_white,1.0,1.0,1.0,0.0,p_6a1e2bdfa7e39.jpg,False,540,989,0,0.81948,850,6,540
clean_white,1.0,0.99184,0.99077,0.0,p_6a1e2be09bcaa.jpg,False,540,990,1,0.79576,851,1,540
clean_white,1.0,0.99169,0.99114,0.0,p_6a1e2be09c29c.jpg,False,540,991,0,0.63782,851,3,540
clean_white,1.0,1.0,1.0,0.0,p_6a1e2be09c908.jpg,False,540,992,0,0.75032,851,6,540
review_white,1.0,0.8257,0.78232,0.0,p_6a1e2be302a7b.jpg,False,540,993,1,0.51499,852,1,540
clean_white,1.0,1.0,1.0,0.0,p_6a1e2be30386f.jpg,False,540,994,0,0.92933,852,3,540
clean_white,1.0,1.0,1.0,0.0,p_6a1e2be303f8e.jpg,False,540,995,0,0.91708,852,6,540
clean_white,1.0,1.0,1.0,0.0,p_6a1e2be4493a5.jpg,False,540,996,1,0.90461,853,1,540
clean_white,1.0,0.93338,0.93239,0.0,p_6a1e2be449b0f.jpg,False,540,997,0,0.82054,853,3,540
clean_white,1.0,0.98338,0.98243,0.0,p_6a1e2be44a271.jpg,False,540,998,0,0.92095,853,6,540
clean_white,1.0,1.0,1.0,0.0,p_6a1e2be53ccb6.jpg,False,540,999,1,0.90461,854,1,540
clean_white,1.0,0.93338,0.93239,0.0,p_6a1e2be53d3ee.jpg,False,540,1000,0,0.82054,854,3,540
clean_white,1.0,0.98338,0.98243,0.0,p_6a1e2be53dbc2.jpg,False,540,1001,0,0.92095,854,6,540
clean_white,1.0,1.0,1.0,0.0,p_6a1e2be63829c.jpg,False,540,1002,1,0.90461,855,1,540
clean_white,1.0,0.93338,0.93239,0.0,p_6a1e2be638881.jpg,False,540,1003,0,0.82054,855,3,540
clean_white,1.0,0.98338,0.98243,0.0,p_6a1e2be638e28.jpg,False,540,1004,0,0.92095,855,6,540
clean_white,1.0,1.0,1.0,0.0,p_6a1e2be7293ac.jpg,False,540,1005,1,0.90461,856,1,540
clean_white,1.0,0.93338,0.93239,0.0,p_6a1e2be729c0d.jpg,False,540,1006,0,0.82054,856,3,540
clean_white,1.0,0.98338,0.98243,0.0,p_6a1e2be72a2aa.jpg,False,540,1007,0,0.92095,856,6,540
clean_white,1.0,1.0,1.0,0.0,p_6a1e2be821502.jpg,False,540,1008,1,0.90461,857,1,540
clean_white,1.0,0.93338,0.93239,0.0,p_6a1e2be821b67.jpg,False,540,1009,0,0.82054,857,3,540
clean_white,1.0,0.98338,0.98243,0.0,p_6a1e2be8221f8.jpg,False,540,1010,0,0.92095,857,6,540
clean_white,1.0,1.0,1.0,0.0,p_6a1e2be91507b.jpg,False,540,1011,1,0.90461,858,1,540
clean_white,1.0,0.93338,0.93239,0.0,p_6a1e2be915838.jpg,False,540,1012,0,0.82054,858,3,540
clean_white,1.0,0.98338,0.98243,0.0,p_6a1e2be915f2e.jpg,False,540,1013,0,0.92095,858,6,540
clean_white,1.0,1.0,1.0,0.0,p_6a1e2bea08586.jpg,False,540,1014,1,0.90461,859,1,540
clean_white,1.0,0.93338,0.93239,0.0,p_6a1e2bea08b5b.jpg,False,540,1015,0,0.82054,859,3,540
clean_white,1.0,0.98338,0.98243,0.0,p_6a1e2bea0911c.jpg,False,540,1016,0,0.92095,859,6,540
clean_white,1.0,1.0,1.0,0.0,p_6a1e2beaef9c5.jpg,False,540,1017,1,0.90461,860,1,540
clean_white,1.0,0.93338,0.93239,0.0,p_6a1e2beaf0100.jpg,False,540,1018,0,0.82054,860,3,540
clean_white,1.0,0.98338,0.98243,0.0,p_6a1e2beaf0875.jpg,False,540,1019,0,0.92095,860,6,540
clean_white,1.0,0.95496,0.95434,0.0,p_6a1e2bed7203c.jpg,False,540,1020,1,0.87626,861,1,540
clean_white,1.0,0.96037,0.95893,0.0,p_6a1e2bed72722.jpg,False,540,1021,0,0.94319,861,3,540
clean_white,1.0,0.97897,0.92033,0.0,p_6a1e2bed72df1.jpg,False,540,1022,0,0.80741,861,6,540
clean_white,1.0,0.97585,0.97585,0.0,p_6a1e2bf0108db.jpg,False,540,1023,1,0.87117,862,1,540
clean_white,1.0,1.0,1.0,0.0,p_6a1e2bf01106a.jpg,False,540,1024,0,0.93026,862,3,540
clean_white,1.0,1.0,1.0,0.0,p_6a1e2bf0115bd.jpg,False,540,1025,0,0.87988,862,6,540
clean_white,1.0,0.97585,0.97585,0.0,p_6a1e2bf2bc2d2.jpg,False,540,1026,1,0.86185,863,1,540
clean_white,1.0,1.0,1.0,0.0,p_6a1e2bf2bc8cb.jpg,False,540,1027,0,0.92178,863,3,540
clean_white,1.0,0.99897,0.92982,0.0,p_6a1e2bf2bcf60.jpg,False,540,1028,0,0.80517,863,6,540
clean_white,1.0,1.0,1.0,0.0,p_6a1e2bf3b0d97.jpg,False,540,1029,1,0.90461,864,1,540
clean_white,1.0,0.93338,0.93239,0.0,p_6a1e2bf3b133b.jpg,False,540,1030,0,0.82054,864,3,540
clean_white,1.0,0.98338,0.98243,0.0,p_6a1e2bf3b18ac.jpg,False,540,1031,0,0.92095,864,6,540
clean_white,1.0,0.93721,0.93643,0.0,p_6a1e2bf4a4250.jpg,False,540,1032,1,0.52382,865,1,540
clean_white,1.0,1.0,1.0,0.0,p_6a1e2bf4a4819.jpg,False,540,1033,0,0.63819,865,3,540
review_white,1.0,0.89993,0.89853,0.0,p_6a1e2bf4a4def.jpg,False,540,1034,0,0.55247,865,6,540
clean_white,1.0,0.93721,0.93643,0.0,p_6a1e2bf59ba67.jpg,False,540,1035,1,0.52382,866,1,540
clean_white,1.0,1.0,1.0,0.0,p_6a1e2bf59c210.jpg,False,540,1036,0,0.63819,866,3,540
review_white,1.0,0.89993,0.89853,0.0,p_6a1e2bf59c8ec.jpg,False,540,1037,0,0.55247,866,6,540
clean_white,1.0,0.93812,0.93717,0.0,p_6a1e2bf803d7e.jpg,False,540,1038,1,0.50719,867,1,540
clean_white,1.0,1.0,1.0,0.0,p_6a1e2bf8044c7.jpg,False,540,1039,0,0.58167,867,3,540
clean_white,1.0,1.0,1.0,0.0,p_6a1e2bf804a63.jpg,False,540,1040,0,0.67873,867,6,540
clean_white,1.0,0.93721,0.93643,0.0,p_6a1e2bf9528d1.jpg,False,540,1041,1,0.52382,868,1,540
clean_white,1.0,1.0,1.0,0.0,p_6a1e2bf952ee6.jpg,False,540,1042,0,0.63819,868,3,540
review_white,1.0,0.89993,0.89853,0.0,p_6a1e2bf9534b1.jpg,False,540,1043,0,0.55247,868,6,540
clean_white,1.0,0.93721,0.93643,0.0,p_6a1e2bfa478cb.jpg,False,540,1044,1,0.52382,869,1,540
clean_white,1.0,1.0,1.0,0.0,p_6a1e2bfa47f55.jpg,False,540,1045,0,0.63819,869,3,540
review_white,1.0,0.89993,0.89853,0.0,p_6a1e2bfa4866e.jpg,False,540,1046,0,0.55247,869,6,540
clean_white,1.0,0.93721,0.93643,0.0,p_6a1e2bfb3d8e4.jpg,False,540,1047,1,0.52382,870,1,540
clean_white,1.0,1.0,1.0,0.0,p_6a1e2bfb3decf.jpg,False,540,1048,0,0.63819,870,3,540
review_white,1.0,0.89993,0.89853,0.0,p_6a1e2bfb3e4ee.jpg,False,540,1049,0,0.55247,870,6,540
clean_white,1.0,0.93721,0.93643,0.0,p_6a1e2bfc3118a.jpg,False,540,1050,1,0.52382,871,1,540
clean_white,1.0,1.0,1.0,0.0,p_6a1e2bfc317db.jpg,False,540,1051,0,0.63819,871,3,540
review_white,1.0,0.89993,0.89853,0.0,p_6a1e2bfc31cb4.jpg,False,540,1052,0,0.55247,871,6,540
clean_white,1.0,0.93721,0.93643,0.0,p_6a1e2bfd2d056.jpg,False,540,1053,1,0.52382,872,1,540
clean_white,1.0,1.0,1.0,0.0,p_6a1e2bfd2d63a.jpg,False,540,1054,0,0.63819,872,3,540
review_white,1.0,0.89993,0.89853,0.0,p_6a1e2bfd2dab2.jpg,False,540,1055,0,0.55247,872,6,540
clean_white,1.0,0.93721,0.93643,0.0,p_6a1e2bfe2148a.jpg,False,540,1056,1,0.52382,873,1,540
clean_white,1.0,1.0,1.0,0.0,p_6a1e2bfe21bc2.jpg,False,540,1057,0,0.63819,873,3,540
review_white,1.0,0.89993,0.89853,0.0,p_6a1e2bfe22263.jpg,False,540,1058,0,0.55247,873,6,540
clean_white,1.0,0.93721,0.93643,0.0,p_6a1e2bff188d6.jpg,False,540,1059,1,0.52382,874,1,540
clean_white,1.0,1.0,1.0,0.0,p_6a1e2bff18f7b.jpg,False,540,1060,0,0.63819,874,3,540
review_white,1.0,0.89993,0.89853,0.0,p_6a1e2bff19901.jpg,False,540,1061,0,0.55247,874,6,540
clean_white,1.0,0.93721,0.93643,0.0,p_6a1e2c00103c1.jpg,False,540,1062,1,0.52382,875,1,540
clean_white,1.0,1.0,1.0,0.0,p_6a1e2c0010966.jpg,False,540,1063,0,0.63819,875,3,540
review_white,1.0,0.89993,0.89853,0.0,p_6a1e2c0010eb9.jpg,False,540,1064,0,0.55247,875,6,540
clean_white,1.0,0.9521,0.95136,0.0,p_6a1e2c02a351b.jpg,False,540,1065,1,0.53487,876,1,540
clean_white,1.0,0.95989,0.94963,0.0,p_6a1e2c02a3d5b.jpg,False,540,1066,0,0.57335,876,3,540
clean_white,1.0,0.93305,0.93232,0.0,p_6a1e2c02a4322.jpg,False,540,1067,0,0.81975,876,6,540
clean_white,1.0,1.0,1.0,0.0,p_6a1e2c0506f5e.jpg,False,540,1068,1,0.67604,877,1,540
review_white,1.0,0.9061,0.90393,0.0,p_6a1e2c0507433.jpg,False,540,1069,0,0.58937,877,3,540
clean_white,1.0,1.0,1.0,0.0,p_6a1e2c0507a85.jpg,False,540,1070,0,0.92702,877,6,540
clean_white,1.0,0.93721,0.93643,0.0,p_6a1e2c05f021b.jpg,False,540,1071,1,0.52382,878,1,540
clean_white,1.0,1.0,1.0,0.0,p_6a1e2c05f0836.jpg,False,540,1072,0,0.63819,878,3,540
review_white,1.0,0.89993,0.89853,0.0,p_6a1e2c05f0f44.jpg,False,540,1073,0,0.55247,878,6,540
clean_white,1.0,0.93721,0.93643,0.0,p_6a1e2c06e6923.jpg,False,540,1074,1,0.52382,879,1,540
clean_white,1.0,1.0,1.0,0.0,p_6a1e2c06e6e65.jpg,False,540,1075,0,0.63819,879,3,540
review_white,1.0,0.89993,0.89853,0.0,p_6a1e2c06e736c.jpg,False,540,1076,0,0.55247,879,6,540
clean_white,1.0,1.0,1.0,0.0,p_6a1e2c07917f4.jpg,False,540,1077,1,0.88428,880,1,540
clean_white,1.0,1.0,1.0,0.0,p_6a1e2c0791e9a.jpg,False,540,1078,0,0.91756,880,3,540
clean_white,1.0,1.0,1.0,0.0,p_6a1e2c079253f.jpg,False,540,1079,0,0.97275,880,6,540
clean_white,1.0,1.0,1.0,0.0,p_6a1e2c083c901.jpg,False,540,1080,1,0.88428,881,1,540
clean_white,1.0,1.0,1.0,0.0,p_6a1e2c083d03b.jpg,False,540,1081,0,0.91756,881,3,540
clean_white,1.0,1.0,1.0,0.0,p_6a1e2c083d70e.jpg,False,540,1082,0,0.97275,881,6,540
clean_white,1.0,1.0,1.0,0.0,p_6a1e2c08dedd2.jpg,False,540,1083,1,0.88428,882,1,540
clean_white,1.0,1.0,1.0,0.0,p_6a1e2c08df47f.jpg,False,540,1084,0,0.91756,882,3,540
clean_white,1.0,1.0,1.0,0.0,p_6a1e2c08dfa87.jpg,False,540,1085,0,0.97275,882,6,540
clean_white,1.0,1.0,1.0,0.0,p_6a1e2c09def7a.jpg,False,540,1086,1,0.88428,883,1,540
clean_white,1.0,1.0,1.0,0.0,p_6a1e2c09df515.jpg,False,540,1087,0,0.91756,883,3,540
clean_white,1.0,1.0,1.0,0.0,p_6a1e2c09dfa64.jpg,False,540,1088,0,0.97275,883,6,540
clean_white,1.0,1.0,1.0,0.0,p_6a1e2c0a8a56f.jpg,False,540,1089,1,0.88428,884,1,540
clean_white,1.0,1.0,1.0,0.0,p_6a1e2c0a8ac3e.jpg,False,540,1090,0,0.91756,884,3,540
clean_white,1.0,1.0,1.0,0.0,p_6a1e2c0a8b242.jpg,False,540,1091,0,0.97275,884,6,540
clean_white,1.0,1.0,1.0,0.0,p_6a1e2c0b387a7.jpg,False,540,1092,1,0.88428,885,1,540
clean_white,1.0,1.0,1.0,0.0,p_6a1e2c0b38d17.jpg,False,540,1093,0,0.91756,885,3,540
clean_white,1.0,1.0,1.0,0.0,p_6a1e2c0b393b5.jpg,False,540,1094,0,0.97275,885,6,540
clean_white,1.0,1.0,1.0,0.0,p_6a1e2c0bd6a67.jpg,False,540,1095,1,0.88428,886,1,540
clean_white,1.0,1.0,1.0,0.0,p_6a1e2c0bd7068.jpg,False,540,1096,0,0.91756,886,3,540
clean_white,1.0,1.0,1.0,0.0,p_6a1e2c0bd7588.jpg,False,540,1097,0,0.97275,886,6,540
clean_white,1.0,1.0,1.0,0.0,p_6a1e2c0c88612.jpg,False,540,1098,1,0.88428,887,1,540
clean_white,1.0,1.0,1.0,0.0,p_6a1e2c0c88c61.jpg,False,540,1099,0,0.91756,887,3,540
clean_white,1.0,1.0,1.0,0.0,p_6a1e2c0c892a1.jpg,False,540,1100,0,0.97275,887,6,540
clean_white,1.0,0.9996,0.99949,0.0,p_6a1e2c0d39183.jpg,False,540,1101,1,0.97228,888,1,540
clean_white,1.0,0.93338,0.93239,0.0,p_6a1e2c0d3983f.jpg,False,540,1102,0,0.82054,888,3,540
clean_white,1.0,0.98338,0.98243,0.0,p_6a1e2c0d3a00d.jpg,False,540,1103,0,0.92095,888,6,540
clean_white,1.0,0.9996,0.99949,0.0,p_6a1e2c0ddb74b.jpg,False,540,1104,1,0.97228,889,1,540
clean_white,1.0,0.93338,0.93239,0.0,p_6a1e2c0ddbde5.jpg,False,540,1105,0,0.82054,889,3,540
clean_white,1.0,0.98338,0.98243,0.0,p_6a1e2c0ddc42a.jpg,False,540,1106,0,0.92095,889,6,540
clean_white,1.0,0.9996,0.99949,0.0,p_6a1e2c0e91632.jpg,False,540,1107,1,0.97228,890,1,540
clean_white,1.0,0.93338,0.93239,0.0,p_6a1e2c0e91d4c.jpg,False,540,1108,0,0.82054,890,3,540
clean_white,1.0,0.98338,0.98243,0.0,p_6a1e2c0e923e2.jpg,False,540,1109,0,0.92095,890,6,540
clean_white,1.0,0.9996,0.99949,0.0,p_6a1e2c0f47b57.jpg,False,540,1110,1,0.97228,891,1,540
clean_white,1.0,0.93338,0.93239,0.0,p_6a1e2c0f48222.jpg,False,540,1111,0,0.82054,891,3,540
clean_white,1.0,0.98338,0.98243,0.0,p_6a1e2c0f486d5.jpg,False,540,1112,0,0.92095,891,6,540
clean_white,1.0,0.9996,0.99949,0.0,p_6a1e2c0feee96.jpg,False,540,1113,1,0.97228,892,1,540
clean_white,1.0,0.93338,0.93239,0.0,p_6a1e2c0fef471.jpg,False,540,1114,0,0.82054,892,3,540
clean_white,1.0,0.98338,0.98243,0.0,p_6a1e2c0fef9f8.jpg,False,540,1115,0,0.92095,892,6,540
clean_white,1.0,0.9996,0.99949,0.0,p_6a1e2c10a3a39.jpg,False,540,1116,1,0.97228,893,1,540
clean_white,1.0,0.93338,0.93239,0.0,p_6a1e2c10a419e.jpg,False,540,1117,0,0.82054,893,3,540
clean_white,1.0,0.98338,0.98243,0.0,p_6a1e2c10a48f5.jpg,False,540,1118,0,0.92095,893,6,540
clean_white,1.0,0.9996,0.99949,0.0,p_6a1e2c1153fcc.jpg,False,540,1119,1,0.97228,894,1,540
clean_white,1.0,0.93338,0.93239,0.0,p_6a1e2c115468b.jpg,False,540,1120,0,0.82054,894,3,540
clean_white,1.0,0.98338,0.98243,0.0,p_6a1e2c1154eaf.jpg,False,540,1121,0,0.92095,894,6,540
clean_white,1.0,0.9996,0.99949,0.0,p_6a1e2c12028ec.jpg,False,540,1122,1,0.97228,895,1,540
clean_white,1.0,0.93338,0.93239,0.0,p_6a1e2c1202f5d.jpg,False,540,1123,0,0.82054,895,3,540
clean_white,1.0,0.98338,0.98243,0.0,p_6a1e2c1203530.jpg,False,540,1124,0,0.92095,895,6,540
clean_white,1.0,0.9996,0.99949,0.0,p_6a1e2c12b6864.jpg,False,540,1125,1,0.97228,896,1,540
clean_white,1.0,0.93338,0.93239,0.0,p_6a1e2c12b6f35.jpg,False,540,1126,0,0.82054,896,3,540
clean_white,1.0,0.98338,0.98243,0.0,p_6a1e2c12b749f.jpg,False,540,1127,0,0.92095,896,6,540
clean_white,1.0,0.9996,0.99949,0.0,p_6a1e2c13658d6.jpg,False,540,1128,1,0.97228,897,1,540
clean_white,1.0,0.93338,0.93239,0.0,p_6a1e2c136602f.jpg,False,540,1129,0,0.82054,897,3,540
clean_white,1.0,0.98338,0.98243,0.0,p_6a1e2c1366739.jpg,False,540,1130,0,0.92095,897,6,540
clean_white,1.0,1.0,1.0,0.0,p_6a1e54ecb6753.png,True,2000,1131,1,0.72775,898,1,2000
clean_white,1.0,0.99982,0.99974,0.0,p_6a1e54ecb6d48.png,True,2000,1132,0,0.70207,898,3,2000
clean_white,1.0,1.0,1.0,0.0,p_6a1e54ecb7401.png,True,2000,1133,0,0.7184,898,6,2000
clean_white,1.0,1.0,1.0,0.0,p_6a1e54ecb7971.png,True,2000,1134,0,0.78329,898,10,2000
clean_white,1.0,0.99923,0.99919,0.0,p_6a1e54ecb7ebc.png,True,2000,1135,0,0.66831,898,15,2000
clean_white,1.0,1.0,1.0,0.0,p_6a1e2b912c508.jpg,False,540,1136,1,0.88428,899,1,540
clean_white,1.0,1.0,1.0,0.0,p_6a1e2b912cc5b.jpg,False,540,1137,0,0.91756,899,3,540
clean_white,1.0,1.0,1.0,0.0,p_6a1e2b912d2f9.jpg,False,540,1138,0,0.97275,899,6,540
clean_white,1.0,1.0,1.0,0.0,p_6a1e2b927ce41.jpg,False,540,1139,1,0.91756,900,0,540
clean_white,1.0,1.0,1.0,0.0,p_6a1e2b927c7c7.jpg,False,540,1140,0,0.88428,900,1,540
clean_white,1.0,1.0,1.0,0.0,p_6a1e2b927d63a.jpg,False,540,1141,0,0.97275,900,2,540
clean_white,1.0,0.93868,0.93735,0.0,p_6a1e2b9468d87.jpg,False,540,1142,1,0.52687,901,0,540
clean_white,1.0,1.0,1.0,0.0,p_6a1e2b9468647.jpg,False,540,1143,0,0.80483,901,1,540
clean_white,1.0,0.99551,0.99438,0.0,p_6a1e2b946947c.jpg,False,540,1144,0,0.56041,901,2,540
clean_white,1.0,0.99551,0.99438,0.0,p_6a1e2b95e7a26.jpg,False,540,1145,1,0.56041,902,0,540
clean_white,1.0,1.0,1.0,0.0,p_6a1e2b95e6cd7.jpg,False,540,1146,0,0.80483,902,1,540
clean_white,1.0,0.93868,0.93735,0.0,p_6a1e2b95e73c7.jpg,False,540,1147,0,0.52687,902,2,540
clean_white,1.0,0.98154,0.95015,0.0,p_6a1e2b981a960.jpg,False,540,1148,1,0.50589,903,0,540
clean_white,1.0,1.0,1.0,0.0,p_6a1e2b981a3d4.jpg,False,540,1149,0,0.94765,903,1,540
needs_background,0.77122,0.82585,0.81893,0.0,p_6a1e2b981b035.jpg,False,540,1150,0,0.49019,903,2,540
clean_white,1.0,0.98154,0.95015,0.0,p_6a1e2b99d4d20.jpg,False,540,1151,1,0.50589,904,0,540
clean_white,1.0,1.0,1.0,0.0,p_6a1e2b99d468c.jpg,False,540,1152,0,0.94765,904,1,540
needs_background,0.77122,0.82585,0.81893,0.0,p_6a1e2b99d52ad.jpg,False,540,1153,0,0.49019,904,2,540
review_white,1.0,0.89993,0.89853,0.0,p_6a1e2b9b6a77b.jpg,False,540,1154,1,0.55247,905,0,540
clean_white,1.0,0.93721,0.93643,0.0,p_6a1e2b9b69a19.jpg,False,540,1155,0,0.52382,905,1,540
clean_white,1.0,1.0,1.0,0.0,p_6a1e2b9b6a03d.jpg,False,540,1156,0,0.63819,905,2,540
clean_white,1.0,1.0,1.0,0.0,p_6a1e2b9cf1b4e.jpg,False,540,1157,1,0.63819,906,0,540
clean_white,1.0,0.93721,0.93643,0.0,p_6a1e2b9cf151b.jpg,False,540,1158,0,0.52382,906,1,540
review_white,1.0,0.89993,0.89853,0.0,p_6a1e2b9cf2213.jpg,False,540,1159,0,0.55247,906,2,540
clean_white,1.0,1.0,1.0,0.0,p_6a1e2b9f53f88.jpg,False,540,1160,1,0.92089,907,0,540
clean_white,1.0,1.0,1.0,0.0,p_6a1e2b9f53712.jpg,False,540,1161,0,0.9466,907,1,540
clean_white,1.0,1.0,1.0,0.0,p_6a1e2b9f5466e.jpg,False,540,1162,0,0.92677,907,2,540
clean_white,1.0,1.0,1.0,0.0,p_6a1e2ba11bfa5.jpg,False,540,1163,1,0.92677,908,0,540
clean_white,1.0,1.0,1.0,0.0,p_6a1e2ba11a79d.jpg,False,540,1164,0,0.9466,908,1,540
clean_white,1.0,1.0,1.0,0.0,p_6a1e2ba11b924.jpg,False,540,1165,0,0.92089,908,2,540
clean_white,1.0,1.0,1.0,0.0,p_6a1e2ba2a54bb.jpg,False,540,1166,1,0.91667,909,0,540
clean_white,1.0,1.0,1.0,0.0,p_6a1e2ba2a4d63.jpg,False,540,1167,0,0.95087,909,1,540
clean_white,1.0,1.0,1.0,0.0,p_6a1e2ba2a5bab.jpg,False,540,1168,0,0.92756,909,2,540
clean_white,1.0,1.0,1.0,0.0,p_6a1e2ba42eb63.jpg,False,540,1169,1,0.95087,910,1,540
clean_white,1.0,1.0,1.0,0.0,p_6a1e2ba42f2bc.jpg,False,540,1170,0,0.91667,910,3,540
clean_white,1.0,1.0,1.0,0.0,p_6a1e2ba42f99c.jpg,False,540,1171,0,0.92756,910,6,540
clean_white,1.0,0.9964,0.99603,0.0,p_6a1e2ba6a1d62.jpg,False,540,1172,1,0.73324,911,0,540
clean_white,1.0,1.0,1.0,0.0,p_6a1e2ba6a11ef.jpg,False,540,1173,0,0.79113,911,1,540
clean_white,1.0,0.99033,0.98941,0.0,p_6a1e2ba6a180e.jpg,False,540,1174,0,0.89584,911,2,540
clean_white,1.0,0.9964,0.99603,0.0,p_6a1e2ba91c35b.jpg,False,540,1175,1,0.73324,912,0,540
clean_white,1.0,1.0,1.0,0.0,p_6a1e2ba91b7d9.jpg,False,540,1176,0,0.79113,912,1,540
clean_white,1.0,0.99033,0.98941,0.0,p_6a1e2ba91bdab.jpg,False,540,1177,0,0.89584,912,2,540
review_white,1.0,0.89199,0.88956,0.0,p_6a1e2bab0f0fd.jpg,False,540,1178,1,0.55081,913,0,540
clean_white,1.0,1.0,1.0,0.0,p_6a1e2bab0ea1c.jpg,False,540,1179,0,0.7288,913,1,540
clean_white,1.0,1.0,1.0,0.0,p_6a1e2bab0f724.jpg,False,540,1180,0,0.75073,913,2,540
clean_white,1.0,0.94647,0.94629,0.0,p_6a1e2bad6c77f.jpg,False,540,1181,1,0.57968,914,1,540
clean_white,1.0,1.0,1.0,0.0,p_6a1e2bad6cddc.jpg,False,540,1182,0,0.5733,914,3,540
clean_white,1.0,1.0,1.0,0.0,p_6a1e2bad6d67b.jpg,False,540,1183,0,0.64139,914,6,540
review_white,1.0,0.91713,0.91566,0.0,p_6a1e2bafe3e5e.jpg,False,540,1184,1,0.55434,915,0,540
review_white,1.0,0.8804,0.87912,0.0,p_6a1e2bafe3042.jpg,False,540,1185,0,0.46856,915,1,540
clean_white,1.0,1.0,1.0,0.0,p_6a1e2bafe37b8.jpg,False,540,1186,0,0.74348,915,2,540
clean_white,1.0,1.0,1.0,0.0,p_6a1e2bb243461.jpg,False,540,1187,1,0.7184,916,1,540
clean_white,1.0,1.0,1.0,0.0,p_6a1e2bb243cdb.jpg,False,540,1188,0,0.89358,916,3,540
clean_white,1.0,1.0,1.0,0.0,p_6a1e2bb2445b1.jpg,False,540,1189,0,0.92051,916,6,540
clean_white,1.0,1.0,1.0,0.0,p_6a1e2bb402d93.jpg,False,540,1190,1,0.7184,917,1,540
clean_white,1.0,1.0,1.0,0.0,p_6a1e2bb40349b.jpg,False,540,1191,0,0.89358,917,3,540
clean_white,1.0,1.0,1.0,0.0,p_6a1e2bb403b41.jpg,False,540,1192,0,0.92051,917,6,540
clean_white,1.0,1.0,1.0,0.0,p_6a1e2bb671646.jpg,False,540,1193,1,0.89853,918,1,540
clean_white,1.0,1.0,1.0,0.0,p_6a1e2bb671c1b.jpg,False,540,1194,0,0.92755,918,3,540
clean_white,1.0,1.0,1.0,0.0,p_6a1e2bb67218c.jpg,False,540,1195,0,0.96315,918,6,540
clean_white,1.0,1.0,1.0,0.0,p_6a1e2bb90323d.jpg,False,540,1196,1,0.78917,919,1,540
clean_white,1.0,0.99276,0.99184,0.0,p_6a1e2bb903860.jpg,False,540,1197,0,0.68246,919,3,540
clean_white,1.0,0.94526,0.83996,0.0,p_6a1e2bb903f6e.jpg,False,540,1198,0,0.64647,919,6,540
clean_white,1.0,1.0,1.0,0.0,p_6a1e2bbabdcdd.jpg,False,540,1199,1,0.78917,920,1,540
clean_white,1.0,0.99276,0.99184,0.0,p_6a1e2bbabe364.jpg,False,540,1200,0,0.68246,920,3,540
clean_white,1.0,0.94526,0.83996,0.0,p_6a1e2bbabe91c.jpg,False,540,1201,0,0.64647,920,6,540
clean_white,1.0,1.0,1.0,0.0,p_6a1e2bbd11e07.jpg,False,540,1202,1,0.9206,921,0,540
clean_white,1.0,1.0,1.0,0.0,p_6a1e2bbd1241a.jpg,False,540,1203,0,0.93848,921,1,540
clean_white,1.0,1.0,1.0,0.0,p_6a1e2bbd12b60.jpg,False,540,1204,0,0.96997,921,2,540
clean_white,1.0,1.0,1.0,0.0,p_6a1e2bbec5082.jpg,False,540,1205,1,0.93848,922,0,540
clean_white,1.0,1.0,1.0,0.0,p_6a1e2bbec4a66.jpg,False,540,1206,0,0.9206,922,1,540
clean_white,1.0,1.0,1.0,0.0,p_6a1e2bbec570c.jpg,False,540,1207,0,0.96997,922,2,540
clean_white,1.0,1.0,1.0,0.0,p_6a1e2bc0de0d9.jpg,False,540,1208,1,0.88621,923,0,540
clean_white,1.0,0.93691,0.93625,0.0,p_6a1e2bc0dd482.jpg,False,540,1209,0,0.76526,923,1,540
clean_white,1.0,1.0,1.0,0.0,p_6a1e2bc0dda6f.jpg,False,540,1210,0,0.84095,923,2,540
clean_white,1.0,1.0,1.0,0.0,p_6a1e2bc2a408b.jpg,False,540,1211,1,0.84095,924,0,540
clean_white,1.0,1.0,1.0,0.0,p_6a1e2bc2a466a.jpg,False,540,1212,0,0.88621,924,1,540
clean_white,1.0,0.93691,0.93625,0.0,p_6a1e2bc2a3b3b.jpg,False,540,1213,0,0.76526,924,2,540
clean_white,1.0,1.0,1.0,0.0,p_6a1e2bc4c0c0d.jpg,False,540,1214,1,0.85306,925,0,540
clean_white,1.0,0.97588,0.97585,0.0,p_6a1e2bc4c05dd.jpg,False,540,1215,0,0.81515,925,1,540
clean_white,1.0,1.0,1.0,0.0,p_6a1e2bc4c11b4.jpg,False,540,1216,0,0.97848,925,2,540
clean_white,1.0,1.0,1.0,0.0,p_6a1e2bc649b81.jpg,False,540,1217,1,0.85306,926,0,540
clean_white,1.0,1.0,1.0,0.0,p_6a1e2bc64a0fa.jpg,False,540,1218,0,0.97848,926,1,540
clean_white,1.0,0.97588,0.97585,0.0,p_6a1e2bc6494ac.jpg,False,540,1219,0,0.81515,926,2,540
clean_white,1.0,1.0,1.0,0.0,p_6a1e2bc8c4663.jpg,False,540,1220,1,0.80927,927,0,540
clean_white,1.0,1.0,1.0,0.0,p_6a1e2bc8c4c55.jpg,False,540,1221,0,0.9005,927,1,540
needs_background,1.0,0.68272,0.64706,0.0,p_6a1e2bc8c51ca.jpg,False,540,1222,0,0.38123,927,2,540
clean_white,1.0,1.0,1.0,0.0,p_6a1e2bca88dd2.jpg,False,540,1223,1,0.80927,928,1,540
clean_white,1.0,1.0,1.0,0.0,p_6a1e2bca894c9.jpg,False,540,1224,0,0.9005,928,3,540
needs_background,1.0,0.68272,0.64706,0.0,p_6a1e2bca89c4c.jpg,False,540,1225,0,0.38123,928,6,540
clean_white,1.0,1.0,1.0,0.0,p_6a1e2b7803c0f.jpg,False,540,1226,1,0.82642,929,0,540
clean_white,1.0,0.97588,0.97585,0.0,p_6a1e2b780367e.jpg,False,540,1227,0,0.79605,929,1,540
clean_white,1.0,1.0,1.0,0.0,p_6a1e2b7804148.jpg,False,540,1228,0,0.96211,929,2,540
clean_white,1.0,1.0,1.0,0.0,p_6a1e2b79bf183.jpg,False,540,1229,1,0.96211,930,0,540
clean_white,1.0,0.97588,0.97585,0.0,p_6a1e2b79be171.jpg,False,540,1230,0,0.79605,930,1,540
clean_white,1.0,1.0,1.0,0.0,p_6a1e2b79be91d.jpg,False,540,1231,0,0.82642,930,2,540
clean_white,1.0,1.0,1.0,0.0,p_6a1e2b7beb56a.jpg,False,540,1232,1,0.97273,931,0,540
clean_white,1.0,1.0,1.0,0.0,p_6a1e2b7beaf3c.jpg,False,540,1233,0,0.97992,931,1,540
clean_white,1.0,1.0,1.0,0.0,p_6a1e2b7bebbd7.jpg,False,540,1234,0,0.97957,931,2,540
clean_white,1.0,1.0,1.0,0.0,p_6a1e2b7dafa86.jpg,False,540,1235,1,0.97273,932,0,540
clean_white,1.0,1.0,1.0,0.0,p_6a1e2b7daf436.jpg,False,540,1236,0,0.97992,932,1,540
clean_white,1.0,1.0,1.0,0.0,p_6a1e2b7db007c.jpg,False,540,1237,0,0.97957,932,2,540
clean_white,1.0,1.0,1.0,0.0,p_6a1e2b7fd7e12.jpg,False,540,1238,1,0.97853,933,0,540
clean_white,1.0,1.0,1.0,0.0,p_6a1e2b7fd707f.jpg,False,540,1239,0,0.97823,933,1,540
clean_white,1.0,1.0,1.0,0.0,p_6a1e2b7fd7746.jpg,False,540,1240,0,0.97069,933,2,540
clean_white,1.0,0.99033,0.98941,0.0,p_6a1e2b82181c6.jpg,False,540,1241,1,0.90683,934,0,540
clean_white,1.0,0.9996,0.99949,0.0,p_6a1e2b8217c5f.jpg,False,540,1242,0,0.97228,934,1,540
review_white,1.0,0.83585,0.64706,0.0,p_6a1e2b8218866.jpg,False,540,1243,0,0.65701,934,2,540
review_white,1.0,0.83585,0.64706,0.0,p_6a1e2b83cfd14.jpg,False,540,1244,1,0.65701,935,0,540
clean_white,1.0,0.99033,0.98941,0.0,p_6a1e2b83cf6fb.jpg,False,540,1245,0,0.90683,935,1,540
clean_white,1.0,0.9996,0.99949,0.0,p_6a1e2b83cf17a.jpg,False,540,1246,0,0.97228,935,2,540
clean_white,1.0,1.0,1.0,0.0,p_6a1e2b860b8ab.jpg,False,540,1247,1,0.9134,936,0,540
clean_white,1.0,0.99265,0.99206,0.0,p_6a1e2b860accd.jpg,False,540,1248,0,0.96293,936,1,540
review_white,1.0,0.88533,0.66268,0.0,p_6a1e2b860b2bd.jpg,False,540,1249,0,0.73406,936,2,540
clean_white,1.0,1.0,1.0,0.0,p_6a1e2b88a0814.jpg,False,540,1250,1,0.81837,937,1,540
clean_white,1.0,1.0,1.0,0.0,p_6a1e2b88a0de8.jpg,False,540,1251,0,0.92907,937,3,540
clean_white,1.0,1.0,1.0,0.0,p_6a1e2b8aa3757.jpg,False,540,1252,1,0.81837,938,1,540
clean_white,1.0,1.0,1.0,0.0,p_6a1e2b8aa3ea5.jpg,False,540,1253,0,0.92907,938,3,540
clean_white,1.0,1.0,1.0,0.0,p_6a1e2b8c40dcc.jpg,False,540,1254,1,0.81837,939,1,540
clean_white,1.0,1.0,1.0,0.0,p_6a1e2b8c41441.jpg,False,540,1255,0,0.92907,939,3,540
clean_white,1.0,1.0,1.0,0.0,p_6a1e2b8e3aa77.jpg,False,540,1256,1,0.92907,940,0,540
clean_white,1.0,1.0,1.0,0.0,p_6a1e2b8e3a3bc.jpg,False,540,1257,0,0.81837,940,1,540
clean_white,1.0,1.0,1.0,0.0,p_6a1e2b8fc2427.jpg,False,540,1258,1,0.81837,941,1,540
clean_white,1.0,1.0,1.0,0.0,p_6a1e2b8fc2a67.jpg,False,540,1259,0,0.92907,941,3,540
clean_white,1.0,1.0,1.0,0.0,p_6a1e556303bec.png,True,2000,1260,1,0.70384,942,1,2000
clean_white,1.0,1.0,1.0,0.0,p_6a1e5563042dd.png,True,2000,1261,0,0.73983,942,3,2000
clean_white,1.0,1.0,1.0,0.0,p_6a1e5563048fd.png,True,2000,1262,0,0.75515,942,6,2000
needs_background,0.58681,0.74415,0.72596,0.0,p_6a1e556305013.png,True,2000,1263,0,0.49578,942,10,2000
clean_white,1.0,0.99673,0.99658,0.0,p_6a1e556305593.png,True,2000,1264,0,0.66867,942,15,2000
clean_white,1.0,1.0,1.0,0.0,p_6a1e5649281a7.png,True,2000,1265,1,0.73033,943,1,2000
clean_white,1.0,1.0,1.0,0.0,p_6a1e564928794.png,True,2000,1266,0,0.72113,943,3,2000
clean_white,1.0,0.9754,0.97507,0.0,p_6a1e564928e0e.png,True,2000,1267,0,0.62807,943,6,2000
clean_white,1.0,0.99375,0.99338,0.0,p_6a1e56492952a.png,True,2000,1268,0,0.69648,943,10,2000
clean_white,0.99614,1.0,1.0,0.0,p_6a1e564929c50.png,True,2000,1269,0,0.74086,943,15,2000
clean_white,1.0,1.0,1.0,0.0,p_6a1e57f836bb8.png,True,2000,1270,1,0.72282,944,1,2000
clean_white,1.0,1.0,1.0,0.0,p_6a1e57f837220.png,True,2000,1271,0,0.77478,944,3,2000
clean_white,1.0,1.0,1.0,0.0,p_6a1e57f837bb3.png,True,2000,1272,0,0.71674,944,6,2000
clean_white,1.0,0.98996,0.98967,0.0,p_6a1e57f8381ea.png,True,2000,1273,0,0.72703,944,10,2000
clean_white,1.0,1.0,1.0,0.0,p_6a1e57f838845.png,True,2000,1274,0,0.77478,944,15,2000
needs_background,0.0,0.0,0.0,0.0,p_6a1e60b9538d0.png,True,318,1275,1,0.00025,946,1,476
needs_background,0.0,0.0,0.0,0.0,p_6a1e60b953f9d.png,True,367,1276,0,0.00055,946,3,474
needs_background,0.00154,0.00051,0.00015,0.0,p_6a1e60b954640.png,True,434,1277,0,0.01028,946,6,434
needs_background,0.00269,0.00531,0.00018,0.0,p_6a1e60b954dd3.png,True,322,1278,0,0.00124,946,10,347
needs_background,0.56944,0.53088,0.53088,0.0,p_6a1e387225beb.jpg,False,540,1279,1,0.12417,947,1,540
clean_white,1.0,0.99632,0.99618,0.0,p_6a1e387226286.jpg,False,540,1280,0,0.79259,947,3,540
clean_white,1.0,0.99629,0.9961,0.0,p_6a1e3872268b6.jpg,False,540,1281,0,0.83331,947,6,540
clean_white,1.0,1.0,1.0,0.0,p_6a195494537c5.png,True,2000,1282,1,0.71071,948,0,2000
clean_white,1.0,1.0,1.0,0.0,p_6a19549453d54.png,True,2000,1283,0,0.74329,948,1,2000
clean_white,1.0,1.0,1.0,0.0,p_6a19549454374.png,True,2000,1284,0,0.81251,948,2,2000
clean_white,1.0,0.9825,0.98176,0.0,p_6a195494548fe.png,True,2000,1285,0,0.45995,948,3,2000
clean_white,1.0,1.0,1.0,0.0,p_6a19549454f12.png,True,2000,1286,0,0.78281,948,4,2000
clean_white,1.0,1.0,1.0,0.0,p_6a1e69bd39903.jpg,False,750,1287,1,0.75874,949,1,750
needs_background,1.0,0.61471,0.61471,0.0,p_6a1e69bd3c7c8.jpg,False,750,1288,0,0.27222,949,3,750
clean_white,1.0,0.99654,0.99651,0.0,p_6a1e69bd3d257.jpg,False,750,1289,0,0.76328,949,6,750
clean_white,1.0,1.0,1.0,0.0,p_6a1e6ae70902e.png,True,2000,1290,1,0.75529,950,1,2000
clean_white,1.0,1.0,1.0,0.0,p_6a1e6ae709723.png,True,2000,1291,0,0.74583,950,3,2000
clean_white,1.0,1.0,1.0,0.0,p_6a1e6ae709d9a.png,True,2000,1292,0,0.7708,950,6,2000
clean_white,1.0,1.0,1.0,0.0,p_6a1e6ae70a3fa.png,True,2000,1293,0,0.74583,950,10,2000
clean_white,1.0,1.0,1.0,0.0,p_6a1efabe0c7c0.jpg,False,150,1294,1,0.68738,951,1,150
clean_white,1.0,1.0,1.0,0.0,p_6a1efabe0cdbf.jpg,False,150,1295,0,0.6792,951,3,150
clean_white,1.0,1.0,1.0,0.0,p_6a1efabe0d316.jpg,False,600,1296,0,0.69579,951,6,600
needs_background,0.0,0.0,0.0,0.0,p_6a1ef9ff37044.jpg,False,1920,1297,1,0.00348,952,1,1920
needs_background,0.0,0.0,0.0,0.0,p_6a1ef9ff37684.jpg,False,1920,1298,0,0.01818,952,3,1920
needs_background,0.0,0.0,0.0,0.0,p_6a1ef9ff37cf0.jpg,False,1920,1299,0,0.00215,952,6,1920
clean_white,1.0,1.0,1.0,0.0,p_6a1e387aee549.jpg,False,540,1300,1,0.63671,953,1,540
clean_white,1.0,1.0,1.0,0.0,p_6a1e387aeebc4.jpg,False,540,1301,0,0.78844,953,3,540
clean_white,1.0,1.0,1.0,0.0,p_6a1e387aef260.jpg,False,540,1302,0,0.62773,953,6,540
clean_white,1.0,1.0,1.0,0.0,p_6a1ef91caeb00.jpg,False,805,1303,1,0.67502,954,1,1000
clean_white,1.0,1.0,1.0,0.0,p_6a1ef91caf0c7.jpg,False,854,1304,0,0.5234,954,3,1000
clean_white,1.0,0.98076,0.97973,0.0,p_6a1ef892ce736.png,True,450,1305,1,0.51473,955,1,495
clean_white,0.9938,0.97709,0.97557,0.0,p_6a1ef892cedec.png,True,462,1306,0,0.48495,955,3,501
clean_white,1.0,0.99357,0.99269,0.0,p_6a1ef892cf493.png,True,526,1307,0,0.59152,955,6,459
needs_background,0.30517,0.13654,0.00015,0.0,p_6a1ef7e5a50b4.jpg,False,600,1308,1,0.03407,957,1,600
needs_background,0.0,0.0,0.0,0.0,p_6a1ef7e5a57dd.jpg,False,600,1309,0,5e-05,957,3,600
needs_background,0.0,0.0,0.0,0.0,p_6a1ef7e5a5ddf.jpg,False,2560,1310,0,0.00022,957,6,2560
needs_background,0.0,0.00016,5e-05,0.0,p_6a1ef6c9af235.png,True,465,1311,1,0.00011,958,1,598
needs_background,0.0,0.0,0.0,0.0,p_6a1ef6c9af88a.png,True,533,1312,0,0.00014,958,3,461
needs_background,0.0,0.0,0.0,0.0,p_6a1ef6c9afe77.png,True,514,1313,0,3e-05,958,6,521
needs_background,0.01015,0.00506,0.00018,0.0,p_6a1ef6c9b04ea.png,True,506,1314,0,0.00327,958,10,582
needs_background,0.5,0.59504,0.125,0.0,p_6a1ef5ff1b832.jpg,False,960,1315,1,0.48605,959,1,960
needs_background,0.0,0.07643,0.00945,0.0,p_6a1ef5ff1bfe4.jpg,False,960,1316,0,0.06766,959,3,960
needs_background,0.0,0.11419,0.00551,0.0,p_6a1ef5ff1c6c2.jpg,False,960,1317,0,0.08568,959,6,960
clean_white,1.0,0.99923,0.99919,0.0,p_6a1eb738d6fa7.png,True,2000,1318,1,0.66831,961,1,2000
clean_white,1.0,1.0,1.0,0.0,p_6a1eb738d770a.png,True,2000,1319,0,0.78329,961,3,2000
clean_white,1.0,1.0,1.0,0.0,p_6a1eb738d7d56.png,True,2000,1320,0,0.7184,961,6,2000
needs_background,0.0,0.00097,0.0,0.0,p_6a1eb30e0c1de.png,True,418,1321,1,0.00135,963,1,525
needs_background,0.0,0.0034,0.0,0.0,p_6a1eb30e0c88e.png,True,420,1322,0,0.00093,963,3,526
needs_background,0.0,0.00115,0.0,0.0,p_6a1eb30e0ce6b.png,True,436,1323,0,0.00034,963,6,526
needs_background,0.00327,0.00683,0.0004,0.0,p_6a1eb30e0d482.png,True,429,1324,0,0.0015,963,10,526
clean_white,0.96908,0.94958,0.94837,0.0,p_6a1eb1380fe65.png,True,455,1325,1,0.40176,964,1,559
review_white,1.0,0.91705,0.91606,0.0,p_6a1eb13810501.png,True,433,1326,0,0.44238,964,3,573
needs_background,0.82986,0.81179,0.81038,0.0,p_6a1eb13810a1d.png,True,419,1327,0,0.44942,964,6,634
needs_background,0.0,0.0,0.0,0.0,p_6a1eb13810f41.png,True,451,1328,0,0.00017,964,10,540
review_white,0.94355,0.85644,0.85598,0.0,p_6a1eae98c2ae1.png,True,515,1329,1,0.45063,966,1,595
review_white,1.0,0.87287,0.87086,0.0,p_6a1eae98c321b.png,True,530,1330,0,0.31293,966,3,550
review_white,1.0,0.88668,0.88617,0.0,p_6a1eae98c3733.png,True,532,1331,0,0.51539,966,6,519
review_white,1.0,0.85859,0.85504,0.0,p_6a1eae98c3c81.png,True,525,1332,0,0.48703,966,10,557
clean_white,1.0,0.99609,0.99593,0.0,p_6a1eacce72ee4.png,True,437,1333,1,0.61967,967,1,570
review_white,1.0,0.87849,0.00349,0.0,p_6a1eacce734dc.png,True,333,1334,0,0.46858,967,3,414
clean_white,1.0,0.97665,0.96997,0.0,p_6a1eacce73bc9.png,True,441,1335,0,0.51455,967,6,549
clean_white,1.0,0.99746,0.79298,0.0,p_6a1eac09f0168.jpg,False,800,1336,1,0.62769,968,1,800
review_white,0.87712,0.81165,0.42978,0.0,p_6a1eac09f0851.jpg,False,800,1337,0,0.54662,968,3,800
needs_background,0.70602,0.71456,0.01596,0.0,p_6a1eac09f0ec2.jpg,False,800,1338,0,0.51562,968,6,800
needs_background,0.0,0.00199,7e-05,0.0,p_6a1eac09f155c.jpg,False,800,1339,0,0.02652,968,10,800
needs_background,0.17901,0.05399,0.00255,0.0,p_6a1eaa45dade8.png,True,507,1340,1,0.01442,969,1,512
needs_background,0.0,0.0,0.0,0.0,p_6a1eaa45db3db.png,True,510,1341,0,0.00159,969,3,522
needs_background,0.0,0.00029,0.0,0.0,p_6a1eaa45de007.png,True,514,1342,0,0.00224,969,6,516
needs_background,0.0,0.0,0.0,0.0,p_6a1eaa45de726.png,True,499,1343,0,0.0034,969,10,518
needs_background,1.0,0.79717,0.73893,0.0,p_6a1e38928d2cc.jpg,False,540,1344,1,0.54732,970,1,540
clean_white,1.0,0.97835,0.97676,0.0,p_6a1e38928d8f1.jpg,False,540,1345,0,0.56731,970,3,540
clean_white,1.0,1.0,1.0,0.0,p_6a1e38928f4a3.jpg,False,540,1346,0,0.95363,970,6,540
needs_background,0.0,0.0,0.0,0.0,p_6a1ea3006eab4.png,True,356,1347,1,0.0003,971,1,414
needs_background,0.0,0.0,0.0,0.0,p_6a1ea3006f279.png,True,398,1348,0,0.00156,971,3,698
needs_background,0.0,0.0,0.0,0.0,p_6a1e9ef45383e.png,True,356,1349,1,0.0003,972,1,414
needs_background,0.0,0.0,0.0,0.0,p_6a1e9ef453e9a.png,True,398,1350,0,0.00156,972,3,698
needs_background,0.0,0.00052,0.00022,0.0,p_6a1e9af3bfec2.png,True,288,1351,1,0.01036,973,1,457
needs_background,0.0,0.0,0.0,0.0,p_6a1e9af3c04eb.png,True,246,1352,0,0.00655,973,3,512
needs_background,0.0,0.0,0.0,0.0,p_6a1e9af3c0b95.png,True,319,1353,0,0.00052,973,6,452
needs_background,0.0,0.0,0.0,0.0,p_6a1e9a265f559.png,True,448,1354,1,0.0,974,1,723
needs_background,0.0,0.0,0.0,0.0,p_6a1e9a265fc14.png,True,585,1355,0,0.00045,974,3,971
needs_background,0.0,0.0,0.0,0.0,p_6a1e994a7a93d.png,True,448,1356,1,0.0,975,1,723
needs_background,0.0,0.0,0.0,0.0,p_6a1e994a7b03e.png,True,585,1357,0,0.00045,975,3,971
needs_background,0.0,0.05298,0.03532,0.0,p_6a1e97987618e.jpg,False,160,1358,1,0.02703,977,1,160
needs_background,0.21566,0.09136,0.08298,0.0,p_6a1e9798767eb.jpg,False,2048,1359,0,0.0338,977,3,2048
needs_background,0.0,0.04386,0.00195,0.0,p_6a1e979876d2c.jpg,False,2048,1360,0,0.01612,977,6,2048
clean_white,1.0,0.93071,0.92692,0.0,p_6a1e93e32d000.png,True,510,1361,1,0.35536,979,1,572
clean_white,0.99037,0.97377,0.97335,0.0,p_6a1e93e32d60e.png,True,520,1362,0,0.37942,979,3,600
needs_background,0.76903,0.90124,0.8856,0.0,p_6a1e93e32db4b.png,True,552,1363,0,0.22643,979,6,513
clean_white,0.99917,0.99911,0.99887,0.0,p_6a1e93e32e296.png,True,546,1364,0,0.49408,979,10,456
needs_background,0.0,0.0,0.0,0.0,p_6a1e820b9bd77.jpg,False,576,1365,1,0.02628,981,1,768
needs_background,0.0,0.10594,0.08267,0.0,p_6a1e820b9c5f5.jpg,False,1024,1366,0,0.03493,981,3,768
needs_background,0.00034,0.00856,0.00039,0.0,p_6a1e820b9cf0a.jpg,False,1024,1367,0,0.00451,981,6,768
needs_background,0.82647,0.82363,0.81564,0.0,p_6a1e80ba2566c.png,True,323,1368,1,0.22884,982,1,429
review_white,0.90389,0.93058,0.92554,0.0,p_6a1e80ba25d2d.png,True,506,1369,0,0.35734,982,3,600
needs_background,0.0,0.00075,9e-05,0.0,p_6a1e8015b092f.png,True,503,1370,1,0.00155,983,1,596
needs_background,0.0,0.0025,0.00083,0.0,p_6a1e8015b0fc1.png,True,673,1371,0,0.00138,983,3,505
needs_background,0.00562,0.00073,0.00039,0.0,p_6a1e8015b1692.png,True,672,1372,0,0.0014,983,6,605
needs_background,0.0,0.00879,0.00569,0.0,p_6a1e7f432e93a.png,True,319,1373,1,0.01743,984,1,559
needs_background,0.0,0.10637,0.09166,0.0,p_6a1e7f432f01e.png,True,321,1374,0,0.03964,984,3,561
clean_white,1.0,0.93071,0.92692,0.0,p_6a1e7c7631b4b.png,True,510,1375,1,0.35536,987,1,572
clean_white,0.99037,0.97377,0.97335,0.0,p_6a1e7c763214b.png,True,520,1376,0,0.37942,987,3,600
needs_background,0.76903,0.90124,0.8856,0.0,p_6a1e7c76327e2.png,True,552,1377,0,0.22643,987,6,513
clean_white,0.99917,0.99911,0.99887,0.0,p_6a1e7c7632ef0.png,True,546,1378,0,0.49408,987,10,456
needs_background,0.0,0.0,0.0,0.0,p_6a1e7c12b29f5.png,True,350,1379,1,7e-05,988,1,521
needs_background,0.0,0.00098,0.00083,0.0,p_6a1e7c12b2fcc.png,True,316,1380,0,0.00613,988,3,523
needs_background,0.0,0.00083,0.00022,0.0,p_6a1e7c12b359e.png,True,389,1381,0,0.00204,988,6,520
needs_background,0.0,0.0,0.0,0.0,p_6a1e7755915ea.png,True,350,1382,1,7e-05,989,1,521
needs_background,0.0,0.00098,0.00083,0.0,p_6a1e775591d0f.png,True,316,1383,0,0.00613,989,3,523
needs_background,0.0,0.00083,0.00022,0.0,p_6a1e775592348.png,True,389,1384,0,0.00204,989,6,520
needs_background,0.0,0.0,0.0,0.0,p_6a1e6ee158e64.png,True,350,1385,1,7e-05,990,1,521
needs_background,0.0,0.00098,0.00083,0.0,p_6a1e6ee1595e0.png,True,316,1386,0,0.00613,990,3,523
needs_background,0.0,0.0,0.0,0.0,p_6a1e6ee159d11.png,True,308,1387,0,7e-05,990,6,522
needs_background,0.0,0.0,0.0,0.0,p_6a1e6ee15a36e.png,True,303,1388,0,7e-05,990,10,522
needs_background,0.0,0.00083,0.00022,0.0,p_6a1e6ee15aa0b.png,True,389,1389,0,0.00204,990,15,520
needs_background,0.0,0.00052,0.0,0.0,p_6a1f95cd4aacd.png,True,290,1390,1,0.00015,993,1,473
needs_background,0.0,0.00537,0.0,0.0,p_6a1f95cd4b1ce.jpg,False,2564,1391,0,0.00619,993,3,2564
needs_background,0.00598,0.00404,0.0,0.0,p_6a1f946737420.jpg,False,2048,1392,1,0.00965,995,1,2048
needs_background,0.0,0.00033,4e-05,0.0,p_6a1f946737b43.jpg,False,2048,1393,0,0.00954,995,3,2048
clean_white,1.0,1.0,1.0,0.0,p_6a1f9352ba04a.jpg,False,800,1394,1,0.79669,996,1,800
review_white,0.98829,0.99783,0.00314,0.0,p_6a1f9352ba83d.png,True,640,1395,0,0.37485,996,3,699
review_white,1.0,0.9152,0.91347,0.0,p_6a1f9144c9d64.png,True,499,1396,1,0.35492,997,1,522
review_white,0.92218,0.85463,0.85228,0.0,p_6a1f9144ca491.png,True,493,1397,0,0.30898,997,3,542
clean_white,0.98049,0.94769,0.94299,0.0,p_6a1f9144cab29.png,True,511,1398,0,0.3467,997,6,562
needs_background,0.71605,0.7917,0.7725,0.0,p_6a1f8f841207e.png,True,540,1399,1,0.20405,999,1,510
clean_white,0.99957,0.94701,0.93421,0.0,p_6a1f8f84128f4.png,True,509,1400,0,0.48777,999,3,483
clean_white,0.97959,0.93243,0.92817,0.0,p_6a1f8f8413289.png,True,520,1401,0,0.28647,999,6,507
review_white,1.0,0.97011,0.63353,0.0,p_6a1f8c8792e75.jpg,False,600,1402,1,0.52187,1000,1,600
clean_white,1.0,1.0,0.99735,0.0,p_6a1f8c8793620.jpg,False,550,1403,0,0.77681,1000,3,550
needs_background,0.02381,0.01607,0.01607,0.0,p_6a1f89cb29914.png,True,328,1404,1,0.00278,1002,1,560
needs_background,0.0,4e-05,0.0,0.0,p_6a1f89cb2a06c.png,True,523,1405,0,0.00305,1002,3,560
needs_background,0.0,0.0,0.0,0.0,p_6a1f89cb2a66c.png,True,289,1406,0,7e-05,1002,6,559
clean_white,1.0,1.0,1.0,0.0,p_6a1f85f0ddeb3.jpg,False,750,1407,1,0.77955,1003,1,779
needs_background,0.08105,0.04709,0.00022,0.0,p_6a1f85f0de5bc.png,True,220,1408,0,0.00793,1003,3,505
clean_white,0.99167,0.94599,0.94279,0.0,p_6a1f843db8693.png,True,439,1409,1,0.46965,1004,1,530
clean_white,1.0,0.99926,0.9982,0.0,p_6a1f843db8e55.png,True,450,1410,0,0.53412,1004,3,522
clean_white,1.0,0.9667,0.96284,0.0,p_6a1f843db9480.png,True,519,1411,0,0.51861,1004,6,375
review_white,1.0,0.90904,0.90727,0.0,p_6a1f7df41886d.jpg,False,393,1412,1,0.7724,1005,1,522
needs_background,0.00274,0.0047,0.00089,0.0,p_6a1f7df418fbc.png,False,749,1413,0,0.03694,1005,3,553
needs_background,0.0,0.00589,0.00091,0.0,p_6a1f7df419530.png,True,489,1414,0,0.00255,1005,6,816
needs_background,0.0,0.0,0.0,0.0,p_6a1f7c24e3d64.jpg,False,960,1415,1,0.00256,1006,1,1280
needs_background,0.0,0.00017,0.0,0.0,p_6a1f7c24e4353.jpg,False,960,1416,0,0.00259,1006,3,1280
needs_background,0.0,0.0,0.0,0.0,p_6a1f7b8e32b30.png,True,628,1417,1,0.02997,1007,1,626
needs_background,0.0,0.0,0.0,0.0,p_6a1f7b8e331ba.png,True,602,1418,0,0.02559,1007,3,602
needs_background,0.0,0.0,0.0,0.0,p_6a1f7b8e337a6.png,True,634,1419,0,0.0247,1007,6,633
needs_background,0.04355,0.16383,0.14822,0.0,p_6a1f7a9d39757.jpg,False,960,1420,1,0.07336,1009,1,1280
clean_white,1.0,0.94754,0.94662,0.0,p_6a1f7957bd702.png,False,1500,1421,1,0.65166,1010,1,1500
review_white,1.0,0.92456,0.92338,0.0,p_6a1f7957bdcdf.png,False,1500,1422,0,0.53566,1010,3,1500
clean_white,1.0,0.95942,0.95244,0.0,p_6a1efcd69e0ec.png,True,540,1423,1,0.38529,1011,1,550
review_white,0.94536,0.99579,0.99511,0.0,p_6a1efcd69e723.png,True,464,1424,0,0.33868,1011,3,507
review_white,0.96465,0.92847,0.92476,0.0,p_6a1efcd69eef3.png,True,463,1425,0,0.39621,1011,6,422
clean_white,0.95826,0.96957,0.96748,0.0,p_6a1efc4a7153a.jpg,False,1100,1426,1,0.409,1012,1,1050
review_white,1.0,0.81263,0.80969,0.0,p_6a1efc4a71bd9.png,True,345,1427,0,0.38875,1012,3,855
clean_white,1.0,1.0,1.0,0.0,p_6a1e38be60314.jpg,False,540,1428,1,0.88428,1014,1,540
clean_white,1.0,1.0,1.0,0.0,p_6a1e38be6094f.jpg,False,540,1429,0,0.91756,1014,3,540
clean_white,1.0,1.0,1.0,0.0,p_6a1e38be60f32.jpg,False,540,1430,0,0.97275,1014,6,540
clean_white,1.0,1.0,1.0,0.0,p_6a1e38bf11aed.jpg,False,540,1431,1,0.88428,1015,1,540
clean_white,1.0,1.0,1.0,0.0,p_6a1e38bf1209f.jpg,False,540,1432,0,0.91756,1015,3,540
clean_white,1.0,1.0,1.0,0.0,p_6a1e38bf1270c.jpg,False,540,1433,0,0.97275,1015,6,540
clean_white,1.0,1.0,1.0,0.0,p_6a1e38bfb52a7.jpg,False,540,1434,1,0.88428,1016,1,540
clean_white,1.0,1.0,1.0,0.0,p_6a1e38bfb5dd5.jpg,False,540,1435,0,0.91756,1016,3,540
clean_white,1.0,1.0,1.0,0.0,p_6a1e38bfb6654.jpg,False,540,1436,0,0.97275,1016,6,540
clean_white,1.0,1.0,1.0,0.0,p_6a1e38c063e71.jpg,False,540,1437,1,0.88428,1017,1,540
clean_white,1.0,1.0,1.0,0.0,p_6a1e38c0646ad.jpg,False,540,1438,0,0.91756,1017,3,540
clean_white,1.0,1.0,1.0,0.0,p_6a1e38c064e67.jpg,False,540,1439,0,0.97275,1017,6,540
clean_white,1.0,1.0,1.0,0.0,p_6a1e38c112c35.jpg,False,540,1440,1,0.88428,1018,1,540
clean_white,1.0,1.0,1.0,0.0,p_6a1e38c11334e.jpg,False,540,1441,0,0.91756,1018,3,540
clean_white,1.0,1.0,1.0,0.0,p_6a1e38c113970.jpg,False,540,1442,0,0.97275,1018,6,540
clean_white,1.0,1.0,1.0,0.0,p_6a1e38c1b54c8.jpg,False,540,1443,1,0.88428,1019,1,540
clean_white,1.0,1.0,1.0,0.0,p_6a1e38c1b5b86.jpg,False,540,1444,0,0.91756,1019,3,540
clean_white,1.0,1.0,1.0,0.0,p_6a1e38c1b63b4.jpg,False,540,1445,0,0.97275,1019,6,540
clean_white,1.0,1.0,1.0,0.0,p_6a1e38c2a6c2b.jpg,False,540,1446,1,0.88428,1020,1,540
clean_white,1.0,1.0,1.0,0.0,p_6a1e38c2a7324.jpg,False,540,1447,0,0.91756,1020,3,540
clean_white,1.0,1.0,1.0,0.0,p_6a1e38c2a79f0.jpg,False,540,1448,0,0.97275,1020,6,540
clean_white,1.0,1.0,1.0,0.0,p_6a1e38c368e41.jpg,False,540,1449,1,0.88428,1021,1,540
clean_white,1.0,1.0,1.0,0.0,p_6a1e38c369588.jpg,False,540,1450,0,0.91756,1021,3,540
clean_white,1.0,1.0,1.0,0.0,p_6a1e38c369ae3.jpg,False,540,1451,0,0.97275,1021,6,540
clean_white,1.0,1.0,1.0,0.0,p_6a1e38c46f2b4.jpg,False,540,1452,1,0.88428,1022,1,540
clean_white,1.0,1.0,1.0,0.0,p_6a1e38c46f918.jpg,False,540,1453,0,0.91756,1022,3,540
clean_white,1.0,1.0,1.0,0.0,p_6a1e38c46ff6b.jpg,False,540,1454,0,0.97275,1022,6,540
clean_white,1.0,1.0,1.0,0.0,p_6a1e38c51d1a6.jpg,False,540,1455,1,0.88428,1023,1,540
clean_white,1.0,1.0,1.0,0.0,p_6a1e38c51d781.jpg,False,540,1456,0,0.91756,1023,3,540
clean_white,1.0,1.0,1.0,0.0,p_6a1e38c51dd81.jpg,False,540,1457,0,0.97275,1023,6,540
clean_white,1.0,1.0,1.0,0.0,p_6a1e38c5bd107.jpg,False,540,1458,1,0.88428,1024,1,540
clean_white,1.0,1.0,1.0,0.0,p_6a1e38c5bd651.jpg,False,540,1459,0,0.91756,1024,3,540
clean_white,1.0,1.0,1.0,0.0,p_6a1e38c5bdc8c.jpg,False,540,1460,0,0.97275,1024,6,540
clean_white,1.0,1.0,1.0,0.0,p_6a1e38c66d95a.jpg,False,540,1461,1,0.88428,1025,1,540
clean_white,1.0,1.0,1.0,0.0,p_6a1e38c66df7e.jpg,False,540,1462,0,0.91756,1025,3,540
clean_white,1.0,1.0,1.0,0.0,p_6a1e38c66e4ff.jpg,False,540,1463,0,0.97275,1025,6,540
clean_white,1.0,1.0,1.0,0.0,p_6a1e38c71ae8d.jpg,False,540,1464,1,0.88428,1026,1,540
clean_white,1.0,1.0,1.0,0.0,p_6a1e38c71b567.jpg,False,540,1465,0,0.91756,1026,3,540
clean_white,1.0,1.0,1.0,0.0,p_6a1e38c71bbf1.jpg,False,540,1466,0,0.97275,1026,6,540
clean_white,1.0,1.0,1.0,0.0,p_6a1e38c7be0ea.jpg,False,540,1467,1,0.88428,1027,1,540
clean_white,1.0,1.0,1.0,0.0,p_6a1e38c7be7a6.jpg,False,540,1468,0,0.91756,1027,3,540
clean_white,1.0,1.0,1.0,0.0,p_6a1e38c7bed31.jpg,False,540,1469,0,0.97275,1027,6,540
clean_white,1.0,1.0,1.0,0.0,p_6a1e38c86aeb6.jpg,False,540,1470,1,0.88428,1028,1,540
clean_white,1.0,1.0,1.0,0.0,p_6a1e38c86b647.jpg,False,540,1471,0,0.91756,1028,3,540
clean_white,1.0,1.0,1.0,0.0,p_6a1e38c86bc1d.jpg,False,540,1472,0,0.97275,1028,6,540
clean_white,1.0,1.0,1.0,0.0,p_6a1e38c91aea1.jpg,False,540,1473,1,0.88428,1029,1,540
clean_white,1.0,1.0,1.0,0.0,p_6a1e38c91b4f7.jpg,False,540,1474,0,0.91756,1029,3,540
clean_white,1.0,1.0,1.0,0.0,p_6a1e38c91bb10.jpg,False,540,1475,0,0.97275,1029,6,540
clean_white,1.0,1.0,1.0,0.0,p_6a1e38ca7325b.jpg,False,540,1476,1,0.88428,1030,1,540
clean_white,1.0,1.0,1.0,0.0,p_6a1e38ca7395d.jpg,False,540,1477,0,0.91756,1030,3,540
clean_white,1.0,1.0,1.0,0.0,p_6a1e38ca73fcb.jpg,False,540,1478,0,0.97275,1030,6,540
clean_white,1.0,1.0,1.0,0.0,p_6a1e38cb213ac.jpg,False,540,1479,1,0.88428,1031,1,540
clean_white,1.0,1.0,1.0,0.0,p_6a1e38cb21acf.jpg,False,540,1480,0,0.91756,1031,3,540
clean_white,1.0,1.0,1.0,0.0,p_6a1e38cb22106.jpg,False,540,1481,0,0.97275,1031,6,540
clean_white,1.0,1.0,1.0,0.0,p_6a1e38cbc8489.jpg,False,540,1482,1,0.88428,1032,1,540
clean_white,1.0,1.0,1.0,0.0,p_6a1e38cbc8b13.jpg,False,540,1483,0,0.91756,1032,3,540
clean_white,1.0,1.0,1.0,0.0,p_6a1e38cbc9116.jpg,False,540,1484,0,0.97275,1032,6,540
clean_white,1.0,1.0,1.0,0.0,p_6a1e38cc79285.jpg,False,540,1485,1,0.88428,1033,1,540
clean_white,1.0,1.0,1.0,0.0,p_6a1e38cc798e4.jpg,False,540,1486,0,0.91756,1033,3,540
clean_white,1.0,1.0,1.0,0.0,p_6a1e38cc79fd7.jpg,False,540,1487,0,0.97275,1033,6,540
clean_white,1.0,1.0,1.0,0.0,p_6a1e38cd2c55d.jpg,False,540,1488,1,0.88428,1034,1,540
clean_white,1.0,1.0,1.0,0.0,p_6a1e38cd2cc88.jpg,False,540,1489,0,0.91756,1034,3,540
clean_white,1.0,1.0,1.0,0.0,p_6a1e38cd2d4f2.jpg,False,540,1490,0,0.97275,1034,6,540
clean_white,1.0,1.0,1.0,0.0,p_6a1e38cdd0dcd.jpg,False,540,1491,1,0.88428,1035,1,540
clean_white,1.0,1.0,1.0,0.0,p_6a1e38cdd144c.jpg,False,540,1492,0,0.91756,1035,3,540
clean_white,1.0,1.0,1.0,0.0,p_6a1e38cdd18e6.jpg,False,540,1493,0,0.97275,1035,6,540
clean_white,1.0,1.0,1.0,0.0,p_6a1e38ce7e326.jpg,False,540,1494,1,0.88428,1036,1,540
clean_white,1.0,1.0,1.0,0.0,p_6a1e38ce7e8e3.jpg,False,540,1495,0,0.91756,1036,3,540
clean_white,1.0,1.0,1.0,0.0,p_6a1e38ce7ee97.jpg,False,540,1496,0,0.97275,1036,6,540
clean_white,1.0,1.0,1.0,0.0,p_6a1e38cf7ed46.jpg,False,540,1497,1,0.88428,1037,1,540
clean_white,1.0,1.0,1.0,0.0,p_6a1e38cf7f3c9.jpg,False,540,1498,0,0.91756,1037,3,540
clean_white,1.0,1.0,1.0,0.0,p_6a1e38cf7f968.jpg,False,540,1499,0,0.97275,1037,6,540
clean_white,1.0,1.0,1.0,0.0,p_6a1e38d02e9f1.jpg,False,540,1500,1,0.88428,1038,1,540
clean_white,1.0,1.0,1.0,0.0,p_6a1e38d02efcb.jpg,False,540,1501,0,0.91756,1038,3,540
clean_white,1.0,1.0,1.0,0.0,p_6a1e38d02f571.jpg,False,540,1502,0,0.97275,1038,6,540
clean_white,1.0,1.0,1.0,0.0,p_6a1e38d0d51ec.jpg,False,540,1503,1,0.88428,1039,1,540
clean_white,1.0,1.0,1.0,0.0,p_6a1e38d0d5734.jpg,False,540,1504,0,0.91756,1039,3,540
clean_white,1.0,1.0,1.0,0.0,p_6a1e38d0d5d90.jpg,False,540,1505,0,0.97275,1039,6,540
clean_white,1.0,1.0,1.0,0.0,p_6a1e38d185f1f.jpg,False,540,1506,1,0.88428,1040,1,540
clean_white,1.0,1.0,1.0,0.0,p_6a1e38d186633.jpg,False,540,1507,0,0.91756,1040,3,540
clean_white,1.0,1.0,1.0,0.0,p_6a1e38d186c26.jpg,False,540,1508,0,0.97275,1040,6,540
clean_white,1.0,1.0,1.0,0.0,p_6a1e38d2356e9.jpg,False,540,1509,1,0.88428,1041,1,540
clean_white,1.0,1.0,1.0,0.0,p_6a1e38d235c2a.jpg,False,540,1510,0,0.91756,1041,3,540
clean_white,1.0,1.0,1.0,0.0,p_6a1e38d23617c.jpg,False,540,1511,0,0.97275,1041,6,540
clean_white,1.0,1.0,1.0,0.0,p_6a1e38d2d83f5.jpg,False,540,1512,1,0.88428,1042,1,540
clean_white,1.0,1.0,1.0,0.0,p_6a1e38d2d8a9c.jpg,False,540,1513,0,0.91756,1042,3,540
clean_white,1.0,1.0,1.0,0.0,p_6a1e38d2d9178.jpg,False,540,1514,0,0.97275,1042,6,540
clean_white,1.0,1.0,1.0,0.0,p_6a1e38d38a586.jpg,False,540,1515,1,0.88428,1043,1,540
clean_white,1.0,1.0,1.0,0.0,p_6a1e38d38ab96.jpg,False,540,1516,0,0.91756,1043,3,540
clean_white,1.0,1.0,1.0,0.0,p_6a1e38d38b1a0.jpg,False,540,1517,0,0.97275,1043,6,540
clean_white,1.0,1.0,1.0,0.0,p_6a1e38d481520.jpg,False,540,1518,1,0.88428,1044,1,540
clean_white,1.0,1.0,1.0,0.0,p_6a1e38d481c1c.jpg,False,540,1519,0,0.91756,1044,3,540
clean_white,1.0,1.0,1.0,0.0,p_6a1e38d4822b6.jpg,False,540,1520,0,0.97275,1044,6,540
clean_white,1.0,1.0,1.0,0.0,p_6a1e38d52fab8.jpg,False,540,1521,1,0.88428,1045,1,540
clean_white,1.0,1.0,1.0,0.0,p_6a1e38d5300f1.jpg,False,540,1522,0,0.91756,1045,3,540
clean_white,1.0,1.0,1.0,0.0,p_6a1e38d530664.jpg,False,540,1523,0,0.97275,1045,6,540
clean_white,1.0,1.0,1.0,0.0,p_6a1e38d5d6dc7.jpg,False,540,1524,1,0.88428,1046,1,540
clean_white,1.0,1.0,1.0,0.0,p_6a1e38d5d78c7.jpg,False,540,1525,0,0.91756,1046,3,540
clean_white,1.0,1.0,1.0,0.0,p_6a1e38d5d7fb6.jpg,False,540,1526,0,0.97275,1046,6,540
clean_white,1.0,1.0,1.0,0.0,p_6a1e38d68780b.jpg,False,540,1527,1,0.88428,1047,1,540
clean_white,1.0,1.0,1.0,0.0,p_6a1e38d687e9b.jpg,False,540,1528,0,0.91756,1047,3,540
clean_white,1.0,1.0,1.0,0.0,p_6a1e38d688677.jpg,False,540,1529,0,0.97275,1047,6,540
clean_white,1.0,1.0,1.0,0.0,p_6a1e38d73da15.jpg,False,540,1530,1,0.88428,1048,1,540
clean_white,1.0,1.0,1.0,0.0,p_6a1e38d73e065.jpg,False,540,1531,0,0.91756,1048,3,540
clean_white,1.0,1.0,1.0,0.0,p_6a1e38d73e6ee.jpg,False,540,1532,0,0.97275,1048,6,540
clean_white,1.0,1.0,1.0,0.0,p_6a1e38d835f49.jpg,False,540,1533,1,0.88428,1049,1,540
clean_white,1.0,1.0,1.0,0.0,p_6a1e38d836730.jpg,False,540,1534,0,0.91756,1049,3,540
clean_white,1.0,1.0,1.0,0.0,p_6a1e38d836d4f.jpg,False,540,1535,0,0.97275,1049,6,540
clean_white,1.0,1.0,1.0,0.0,p_6a1e38d8dc622.jpg,False,540,1536,1,0.88428,1050,1,540
clean_white,1.0,1.0,1.0,0.0,p_6a1e38d8dcd9f.jpg,False,540,1537,0,0.91756,1050,3,540
clean_white,1.0,1.0,1.0,0.0,p_6a1e38d8dd3cf.jpg,False,540,1538,0,0.97275,1050,6,540
clean_white,1.0,1.0,1.0,0.0,p_6a1e38d9909e7.jpg,False,540,1539,1,0.88428,1051,1,540
clean_white,1.0,1.0,1.0,0.0,p_6a1e38d990fd5.jpg,False,540,1540,0,0.91756,1051,3,540
clean_white,1.0,1.0,1.0,0.0,p_6a1e38d9914cc.jpg,False,540,1541,0,0.97275,1051,6,540
clean_white,1.0,1.0,1.0,0.0,p_6a1e38da93bad.jpg,False,540,1542,1,0.88428,1052,1,540
clean_white,1.0,1.0,1.0,0.0,p_6a1e38da941ad.jpg,False,540,1543,0,0.91756,1052,3,540
clean_white,1.0,1.0,1.0,0.0,p_6a1e38da9466d.jpg,False,540,1544,0,0.97275,1052,6,540
clean_white,1.0,1.0,1.0,0.0,p_6a1e38db47dbb.jpg,False,540,1545,1,0.88428,1053,1,540
clean_white,1.0,1.0,1.0,0.0,p_6a1e38db48506.jpg,False,540,1546,0,0.91756,1053,3,540
clean_white,1.0,1.0,1.0,0.0,p_6a1e38db48afe.jpg,False,540,1547,0,0.97275,1053,6,540
clean_white,1.0,1.0,1.0,0.0,p_6a1e38dc072e1.jpg,False,540,1548,1,0.88428,1054,1,540
clean_white,1.0,1.0,1.0,0.0,p_6a1e38dc07a6b.jpg,False,540,1549,0,0.91756,1054,3,540
clean_white,1.0,1.0,1.0,0.0,p_6a1e38dc0803d.jpg,False,540,1550,0,0.97275,1054,6,540
clean_white,1.0,1.0,1.0,0.0,p_6a1e38dcabb26.jpg,False,540,1551,1,0.88428,1055,1,540
clean_white,1.0,1.0,1.0,0.0,p_6a1e38dcac0c3.jpg,False,540,1552,0,0.91756,1055,3,540
clean_white,1.0,1.0,1.0,0.0,p_6a1e38dcac5d1.jpg,False,540,1553,0,0.97275,1055,6,540
clean_white,1.0,1.0,1.0,0.0,p_6a1e38dd5a3eb.jpg,False,540,1554,1,0.88428,1056,1,540
clean_white,1.0,1.0,1.0,0.0,p_6a1e38dd5ab3f.jpg,False,540,1555,0,0.91756,1056,3,540
clean_white,1.0,1.0,1.0,0.0,p_6a1e38dd5b1e6.jpg,False,540,1556,0,0.97275,1056,6,540
clean_white,1.0,1.0,1.0,0.0,p_6a1e38ded4415.jpg,False,540,1557,1,0.88428,1057,1,540
clean_white,1.0,1.0,1.0,0.0,p_6a1e38ded49fa.jpg,False,540,1558,0,0.91756,1057,3,540
clean_white,1.0,1.0,1.0,0.0,p_6a1e38ded4f4b.jpg,False,540,1559,0,0.97275,1057,6,540
clean_white,1.0,1.0,1.0,0.0,p_6a1e38df82d77.jpg,False,540,1560,1,0.88428,1058,1,540
clean_white,1.0,1.0,1.0,0.0,p_6a1e38df83314.jpg,False,540,1561,0,0.91756,1058,3,540
clean_white,1.0,1.0,1.0,0.0,p_6a1e38df83a47.jpg,False,540,1562,0,0.97275,1058,6,540
clean_white,1.0,1.0,1.0,0.0,p_6a1e38e034fdb.jpg,False,540,1563,1,0.88428,1059,1,540
clean_white,1.0,1.0,1.0,0.0,p_6a1e38e035631.jpg,False,540,1564,0,0.91756,1059,3,540
clean_white,1.0,1.0,1.0,0.0,p_6a1e38e035bc8.jpg,False,540,1565,0,0.97275,1059,6,540
clean_white,1.0,1.0,1.0,0.0,p_6a1e38e0d8c81.jpg,False,540,1566,1,0.88428,1060,1,540
clean_white,1.0,1.0,1.0,0.0,p_6a1e38e0d93f8.jpg,False,540,1567,0,0.91756,1060,3,540
clean_white,1.0,1.0,1.0,0.0,p_6a1e38e0d9b58.jpg,False,540,1568,0,0.97275,1060,6,540
clean_white,1.0,1.0,1.0,0.0,p_6a1e38e18369f.jpg,False,540,1569,1,0.88428,1061,1,540
clean_white,1.0,1.0,1.0,0.0,p_6a1e38e183db6.jpg,False,540,1570,0,0.91756,1061,3,540
clean_white,1.0,1.0,1.0,0.0,p_6a1e38e1844b5.jpg,False,540,1571,0,0.97275,1061,6,540
clean_white,1.0,1.0,1.0,0.0,p_6a1e38e28c7aa.jpg,False,540,1572,1,0.88428,1062,1,540
clean_white,1.0,1.0,1.0,0.0,p_6a1e38e28ce02.jpg,False,540,1573,0,0.91756,1062,3,540
clean_white,1.0,1.0,1.0,0.0,p_6a1e38e28d746.jpg,False,540,1574,0,0.97275,1062,6,540
clean_white,1.0,1.0,1.0,0.0,p_6a1e38e339f0a.jpg,False,540,1575,1,0.88428,1063,1,540
clean_white,1.0,1.0,1.0,0.0,p_6a1e38e33a54d.jpg,False,540,1576,0,0.91756,1063,3,540
clean_white,1.0,1.0,1.0,0.0,p_6a1e38e33ab59.jpg,False,540,1577,0,0.97275,1063,6,540
clean_white,1.0,1.0,1.0,0.0,p_6a1e38e3e200e.jpg,False,540,1578,1,0.88428,1064,1,540
clean_white,1.0,1.0,1.0,0.0,p_6a1e38e3e2652.jpg,False,540,1579,0,0.91756,1064,3,540
clean_white,1.0,1.0,1.0,0.0,p_6a1e38e3e2caf.jpg,False,540,1580,0,0.97275,1064,6,540
clean_white,1.0,1.0,1.0,0.0,p_6a1e38e492f14.jpg,False,540,1581,1,0.88428,1065,1,540
clean_white,1.0,1.0,1.0,0.0,p_6a1e38e49346e.jpg,False,540,1582,0,0.91756,1065,3,540
clean_white,1.0,1.0,1.0,0.0,p_6a1e38e4939d9.jpg,False,540,1583,0,0.97275,1065,6,540
clean_white,1.0,1.0,1.0,0.0,p_6a1e38e540859.jpg,False,540,1584,1,0.88428,1066,1,540
clean_white,1.0,1.0,1.0,0.0,p_6a1e38e540e75.jpg,False,540,1585,0,0.91756,1066,3,540
clean_white,1.0,1.0,1.0,0.0,p_6a1e38e541441.jpg,False,540,1586,0,0.97275,1066,6,540
clean_white,1.0,1.0,1.0,0.0,p_6a1e38e644e5d.jpg,False,540,1587,1,0.88428,1067,1,540
clean_white,1.0,1.0,1.0,0.0,p_6a1e38e64556d.jpg,False,540,1588,0,0.91756,1067,3,540
clean_white,1.0,1.0,1.0,0.0,p_6a1e38e645ca1.jpg,False,540,1589,0,0.97275,1067,6,540
clean_white,1.0,1.0,1.0,0.0,p_6a1e38e6ed5b8.jpg,False,540,1590,1,0.88428,1068,1,540
clean_white,1.0,1.0,1.0,0.0,p_6a1e38e6edb81.jpg,False,540,1591,0,0.91756,1068,3,540
clean_white,1.0,1.0,1.0,0.0,p_6a1e38e6ee105.jpg,False,540,1592,0,0.97275,1068,6,540
clean_white,1.0,1.0,1.0,0.0,p_6a1e38e79c608.jpg,False,540,1593,1,0.88428,1069,1,540
clean_white,1.0,1.0,1.0,0.0,p_6a1e38e79cc1c.jpg,False,540,1594,0,0.91756,1069,3,540
clean_white,1.0,1.0,1.0,0.0,p_6a1e38e79d169.jpg,False,540,1595,0,0.97275,1069,6,540
clean_white,1.0,1.0,1.0,0.0,p_6a1e38e84c329.jpg,False,540,1596,1,0.88428,1070,1,540
clean_white,1.0,1.0,1.0,0.0,p_6a1e38e84c8e1.jpg,False,540,1597,0,0.91756,1070,3,540
clean_white,1.0,1.0,1.0,0.0,p_6a1e38e84cf0a.jpg,False,540,1598,0,0.97275,1070,6,540
clean_white,1.0,1.0,1.0,0.0,p_6a1e38e8f11d8.jpg,False,540,1599,1,0.88428,1071,1,540
clean_white,1.0,1.0,1.0,0.0,p_6a1e38e8f1827.jpg,False,540,1600,0,0.91756,1071,3,540
clean_white,1.0,1.0,1.0,0.0,p_6a1e38e8f1dc4.jpg,False,540,1601,0,0.97275,1071,6,540
clean_white,1.0,1.0,1.0,0.0,p_6a1e38ea0d09d.jpg,False,540,1602,1,0.88428,1072,1,540
clean_white,1.0,1.0,1.0,0.0,p_6a1e38ea0d5eb.jpg,False,540,1603,0,0.91756,1072,3,540
clean_white,1.0,1.0,1.0,0.0,p_6a1e38ea0e6a3.jpg,False,540,1604,0,0.97275,1072,6,540
clean_white,1.0,1.0,1.0,0.0,p_6a1e38eaae258.jpg,False,540,1605,1,0.88428,1073,1,540
clean_white,1.0,1.0,1.0,0.0,p_6a1e38eaae910.jpg,False,540,1606,0,0.91756,1073,3,540
clean_white,1.0,1.0,1.0,0.0,p_6a1e38eaaeec1.jpg,False,540,1607,0,0.97275,1073,6,540
clean_white,1.0,1.0,1.0,0.0,p_6a1e38eb5d2b4.jpg,False,540,1608,1,0.88428,1074,1,540
clean_white,1.0,1.0,1.0,0.0,p_6a1e38eb5d9d5.jpg,False,540,1609,0,0.91756,1074,3,540
clean_white,1.0,1.0,1.0,0.0,p_6a1e38eb5e3c5.jpg,False,540,1610,0,0.97275,1074,6,540
clean_white,1.0,1.0,1.0,0.0,p_6a1e38ecb29a8.jpg,False,540,1611,1,0.88428,1075,1,540
clean_white,1.0,1.0,1.0,0.0,p_6a1e38ecb3080.jpg,False,540,1612,0,0.91756,1075,3,540
clean_white,1.0,1.0,1.0,0.0,p_6a1e38ecb36a6.jpg,False,540,1613,0,0.97275,1075,6,540
clean_white,1.0,1.0,1.0,0.0,p_6a1e38ed5da16.jpg,False,540,1614,1,0.88428,1076,1,540
clean_white,1.0,1.0,1.0,0.0,p_6a1e38ed5e16b.jpg,False,540,1615,0,0.91756,1076,3,540
clean_white,1.0,1.0,1.0,0.0,p_6a1e38ed5e82e.jpg,False,540,1616,0,0.97275,1076,6,540
clean_white,1.0,1.0,1.0,0.0,p_6a1e38ee0b8d2.jpg,False,540,1617,1,0.88428,1077,1,540
clean_white,1.0,1.0,1.0,0.0,p_6a1e38ee0bf11.jpg,False,540,1618,0,0.91756,1077,3,540
clean_white,1.0,1.0,1.0,0.0,p_6a1e38ee0c521.jpg,False,540,1619,0,0.97275,1077,6,540
clean_white,1.0,1.0,1.0,0.0,p_6a1e38eea9ccc.jpg,False,540,1620,1,0.88428,1078,1,540
clean_white,1.0,1.0,1.0,0.0,p_6a1e38eeaa346.jpg,False,540,1621,0,0.91756,1078,3,540
clean_white,1.0,1.0,1.0,0.0,p_6a1e38eeaa977.jpg,False,540,1622,0,0.97275,1078,6,540
clean_white,1.0,1.0,0.9714,0.0,p_6a1e38f0c4e50.jpg,False,540,1623,1,0.83403,1079,1,540
clean_white,1.0,1.0,1.0,0.0,p_6a1e38f0c54c2.jpg,False,540,1624,0,0.69404,1079,3,540
clean_white,1.0,1.0,1.0,0.0,p_6a1e38f0c5b19.jpg,False,540,1625,0,0.75593,1079,6,540
clean_white,1.0,1.0,1.0,0.0,p_6a1e38f17364e.jpg,False,540,1626,1,0.88428,1080,1,540
clean_white,1.0,1.0,1.0,0.0,p_6a1e38f173bc0.jpg,False,540,1627,0,0.91756,1080,3,540
clean_white,1.0,1.0,1.0,0.0,p_6a1e38f17424a.jpg,False,540,1628,0,0.97275,1080,6,540
clean_white,1.0,1.0,1.0,0.0,p_6a1e38f363887.jpg,False,540,1629,1,0.6851,1081,1,540
clean_white,1.0,1.0,1.0,0.0,p_6a1e38f363f1d.jpg,False,540,1630,0,0.87059,1081,3,540
clean_white,1.0,1.0,1.0,0.0,p_6a1e38f3644eb.jpg,False,540,1631,0,0.92435,1081,6,540
clean_white,1.0,1.0,1.0,0.0,p_6a1e38f462909.jpg,False,540,1632,1,0.88428,1082,1,540
clean_white,1.0,1.0,1.0,0.0,p_6a1e38f4630b4.jpg,False,540,1633,0,0.91756,1082,3,540
clean_white,1.0,1.0,1.0,0.0,p_6a1e38f463793.jpg,False,540,1634,0,0.97275,1082,6,540
clean_white,1.0,1.0,1.0,0.0,p_6a1e38f513e00.jpg,False,540,1635,1,0.88428,1083,1,540
clean_white,1.0,1.0,1.0,0.0,p_6a1e38f514457.jpg,False,540,1636,0,0.91756,1083,3,540
clean_white,1.0,1.0,1.0,0.0,p_6a1e38f515650.jpg,False,540,1637,0,0.97275,1083,6,540
clean_white,1.0,1.0,1.0,0.0,p_6a1e38f5b3948.jpg,False,540,1638,1,0.88428,1084,1,540
clean_white,1.0,1.0,1.0,0.0,p_6a1e38f5b4102.jpg,False,540,1639,0,0.91756,1084,3,540
clean_white,1.0,1.0,1.0,0.0,p_6a1e38f5b46cd.jpg,False,540,1640,0,0.97275,1084,6,540
clean_white,1.0,1.0,1.0,0.0,p_6a1e38f65c775.jpg,False,540,1641,1,0.88428,1085,1,540
clean_white,1.0,1.0,1.0,0.0,p_6a1e38f65cd6c.jpg,False,540,1642,0,0.91756,1085,3,540
clean_white,1.0,1.0,1.0,0.0,p_6a1e38f65d305.jpg,False,540,1643,0,0.97275,1085,6,540
clean_white,1.0,1.0,1.0,0.0,p_6a1e38f7072bc.jpg,False,540,1644,1,0.88428,1086,1,540
clean_white,1.0,1.0,1.0,0.0,p_6a1e38f7078d3.jpg,False,540,1645,0,0.91756,1086,3,540
clean_white,1.0,1.0,1.0,0.0,p_6a1e38f707dd1.jpg,False,540,1646,0,0.97275,1086,6,540
clean_white,1.0,1.0,1.0,0.0,p_6a1e38f7a8db8.jpg,False,540,1647,1,0.88428,1087,1,540
clean_white,1.0,1.0,1.0,0.0,p_6a1e38f7a92f9.jpg,False,540,1648,0,0.91756,1087,3,540
clean_white,1.0,1.0,1.0,0.0,p_6a1e38f7a9809.jpg,False,540,1649,0,0.97275,1087,6,540
clean_white,1.0,1.0,1.0,0.0,p_6a1e38f856ae0.jpg,False,540,1650,1,0.88428,1088,1,540
clean_white,1.0,1.0,1.0,0.0,p_6a1e38f85711d.jpg,False,540,1651,0,0.91756,1088,3,540
clean_white,1.0,1.0,1.0,0.0,p_6a1e38f85780b.jpg,False,540,1652,0,0.97275,1088,6,540
clean_white,1.0,1.0,1.0,0.0,p_6a1e38f901fea.jpg,False,540,1653,1,0.88428,1089,1,540
clean_white,1.0,1.0,1.0,0.0,p_6a1e38f902603.jpg,False,540,1654,0,0.91756,1089,3,540
clean_white,1.0,1.0,1.0,0.0,p_6a1e38f902d45.jpg,False,540,1655,0,0.97275,1089,6,540
clean_white,1.0,1.0,1.0,0.0,p_6a1e38f9a1dc8.jpg,False,540,1656,1,0.88428,1090,1,540
clean_white,1.0,1.0,1.0,0.0,p_6a1e38f9a23db.jpg,False,540,1657,0,0.91756,1090,3,540
clean_white,1.0,1.0,1.0,0.0,p_6a1e38f9a29d3.jpg,False,540,1658,0,0.97275,1090,6,540
clean_white,1.0,1.0,1.0,0.0,p_6a1e38fa4e293.jpg,False,540,1659,1,0.88428,1091,1,540
clean_white,1.0,1.0,1.0,0.0,p_6a1e38fa4e92c.jpg,False,540,1660,0,0.91756,1091,3,540
clean_white,1.0,1.0,1.0,0.0,p_6a1e38fa4ef10.jpg,False,540,1661,0,0.97275,1091,6,540
clean_white,1.0,1.0,1.0,0.0,p_6a1e38fb47efc.jpg,False,540,1662,1,0.88428,1092,1,540
clean_white,1.0,1.0,1.0,0.0,p_6a1e38fb484f4.jpg,False,540,1663,0,0.91756,1092,3,540
clean_white,1.0,1.0,1.0,0.0,p_6a1e38fb48b04.jpg,False,540,1664,0,0.97275,1092,6,540
clean_white,1.0,1.0,1.0,0.0,p_6a1e38fbeb352.jpg,False,540,1665,1,0.88428,1093,1,540
clean_white,1.0,1.0,1.0,0.0,p_6a1e38fbeb98c.jpg,False,540,1666,0,0.91756,1093,3,540
clean_white,1.0,1.0,1.0,0.0,p_6a1e38fbebef6.jpg,False,540,1667,0,0.97275,1093,6,540
clean_white,1.0,1.0,1.0,0.0,p_6a1e38fc9ab38.jpg,False,540,1668,1,0.88428,1094,1,540
clean_white,1.0,1.0,1.0,0.0,p_6a1e38fc9b178.jpg,False,540,1669,0,0.91756,1094,3,540
clean_white,1.0,1.0,1.0,0.0,p_6a1e38fc9b895.jpg,False,540,1670,0,0.97275,1094,6,540
clean_white,1.0,1.0,1.0,0.0,p_6a1e38fdbe600.jpg,False,540,1671,1,0.88428,1095,1,540
clean_white,1.0,1.0,1.0,0.0,p_6a1e38fdbeca1.jpg,False,540,1672,0,0.91756,1095,3,540
clean_white,1.0,1.0,1.0,0.0,p_6a1e38fdbf338.jpg,False,540,1673,0,0.97275,1095,6,540
clean_white,1.0,1.0,1.0,0.0,p_6a1e38fe6c832.jpg,False,540,1674,1,0.88428,1096,1,540
clean_white,1.0,1.0,1.0,0.0,p_6a1e38fe6ce4e.jpg,False,540,1675,0,0.91756,1096,3,540
clean_white,1.0,1.0,1.0,0.0,p_6a1e38fe6d476.jpg,False,540,1676,0,0.97275,1096,6,540
clean_white,1.0,1.0,1.0,0.0,p_6a1e38ff6e983.jpg,False,540,1677,1,0.88428,1097,1,540
clean_white,1.0,1.0,1.0,0.0,p_6a1e38ff6ef82.jpg,False,540,1678,0,0.91756,1097,3,540
clean_white,1.0,1.0,1.0,0.0,p_6a1e38ff6f6db.jpg,False,540,1679,0,0.97275,1097,6,540
clean_white,1.0,1.0,1.0,0.0,p_6a1e39001b8e1.jpg,False,540,1680,1,0.88428,1098,1,540
clean_white,1.0,1.0,1.0,0.0,p_6a1e39001bec8.jpg,False,540,1681,0,0.91756,1098,3,540
clean_white,1.0,1.0,1.0,0.0,p_6a1e39001c9af.jpg,False,540,1682,0,0.97275,1098,6,540
clean_white,1.0,1.0,1.0,0.0,p_6a1e3900bee47.jpg,False,540,1683,1,0.88428,1099,1,540
clean_white,1.0,1.0,1.0,0.0,p_6a1e3900bf396.jpg,False,540,1684,0,0.91756,1099,3,540
clean_white,1.0,1.0,1.0,0.0,p_6a1e3900bfafe.jpg,False,540,1685,0,0.97275,1099,6,540
clean_white,1.0,1.0,1.0,0.0,p_6a1e39016c41b.jpg,False,540,1686,1,0.88428,1100,1,540
clean_white,1.0,1.0,1.0,0.0,p_6a1e39016cb06.jpg,False,540,1687,0,0.91756,1100,3,540
clean_white,1.0,1.0,1.0,0.0,p_6a1e39016d00a.jpg,False,540,1688,0,0.97275,1100,6,540
clean_white,1.0,1.0,1.0,0.0,p_6a1e39021905b.jpg,False,540,1689,1,0.88428,1101,1,540
clean_white,1.0,1.0,1.0,0.0,p_6a1e3902197b9.jpg,False,540,1690,0,0.91756,1101,3,540
clean_white,1.0,1.0,1.0,0.0,p_6a1e390219db6.jpg,False,540,1691,0,0.97275,1101,6,540
clean_white,1.0,1.0,1.0,0.0,p_6a1e3902b9878.jpg,False,540,1692,1,0.88428,1102,1,540
clean_white,1.0,1.0,1.0,0.0,p_6a1e3902ba0c0.jpg,False,540,1693,0,0.91756,1102,3,540
clean_white,1.0,1.0,1.0,0.0,p_6a1e3902ba675.jpg,False,540,1694,0,0.97275,1102,6,540
clean_white,1.0,1.0,1.0,0.0,p_6a1e390364bdf.jpg,False,540,1695,1,0.88428,1103,1,540
clean_white,1.0,1.0,1.0,0.0,p_6a1e39036522a.jpg,False,540,1696,0,0.91756,1103,3,540
clean_white,1.0,1.0,1.0,0.0,p_6a1e3903657b2.jpg,False,540,1697,0,0.97275,1103,6,540
clean_white,1.0,1.0,1.0,0.0,p_6a1e3904143d3.jpg,False,540,1698,1,0.88428,1104,1,540
clean_white,1.0,1.0,1.0,0.0,p_6a1e390414a5d.jpg,False,540,1699,0,0.91756,1104,3,540
clean_white,1.0,1.0,1.0,0.0,p_6a1e390415042.jpg,False,540,1700,0,0.97275,1104,6,540
clean_white,1.0,1.0,1.0,0.0,p_6a1e3904b5ea5.jpg,False,540,1701,1,0.88428,1105,1,540
clean_white,1.0,1.0,1.0,0.0,p_6a1e3904b644b.jpg,False,540,1702,0,0.91756,1105,3,540
clean_white,1.0,1.0,1.0,0.0,p_6a1e3904b6a7b.jpg,False,540,1703,0,0.97275,1105,6,540
clean_white,1.0,1.0,1.0,0.0,p_6a1e390565bd8.jpg,False,540,1704,1,0.88428,1106,1,540
clean_white,1.0,1.0,1.0,0.0,p_6a1e3905662c0.jpg,False,540,1705,0,0.91756,1106,3,540
clean_white,1.0,1.0,1.0,0.0,p_6a1e39056699b.jpg,False,540,1706,0,0.97275,1106,6,540
clean_white,1.0,1.0,1.0,0.0,p_6a1e39061330b.jpg,False,540,1707,1,0.88428,1107,1,540
clean_white,1.0,1.0,1.0,0.0,p_6a1e390613acc.jpg,False,540,1708,0,0.91756,1107,3,540
clean_white,1.0,1.0,1.0,0.0,p_6a1e390614105.jpg,False,540,1709,0,0.97275,1107,6,540
clean_white,1.0,1.0,1.0,0.0,p_6a1e3906b7554.jpg,False,540,1710,1,0.88428,1108,1,540
clean_white,1.0,1.0,1.0,0.0,p_6a1e3906b7bc3.jpg,False,540,1711,0,0.91756,1108,3,540
clean_white,1.0,1.0,1.0,0.0,p_6a1e3906b8392.jpg,False,540,1712,0,0.97275,1108,6,540
clean_white,1.0,1.0,1.0,0.0,p_6a1e3907630a4.jpg,False,540,1713,1,0.88428,1109,1,540
clean_white,1.0,1.0,1.0,0.0,p_6a1e3907637ac.jpg,False,540,1714,0,0.91756,1109,3,540
clean_white,1.0,1.0,1.0,0.0,p_6a1e390763dfa.jpg,False,540,1715,0,0.97275,1109,6,540
clean_white,1.0,0.99184,0.99077,0.0,p_6a1e39088280b.jpg,False,540,1716,1,0.79576,1110,1,540
clean_white,1.0,0.99169,0.99114,0.0,p_6a1e390882ede.jpg,False,540,1717,0,0.63782,1110,3,540
clean_white,1.0,1.0,1.0,0.0,p_6a1e390883509.jpg,False,540,1718,0,0.75032,1110,6,540
clean_white,1.0,0.99184,0.99077,0.0,p_6a1e39095ca12.jpg,False,540,1719,1,0.79576,1111,1,540
clean_white,1.0,0.99169,0.99114,0.0,p_6a1e39095cfde.jpg,False,540,1720,0,0.63782,1111,3,540
clean_white,1.0,1.0,1.0,0.0,p_6a1e39095d56c.jpg,False,540,1721,0,0.75032,1111,6,540
clean_white,1.0,0.99184,0.99077,0.0,p_6a1e390a8c6bf.jpg,False,540,1722,1,0.79576,1112,1,540
clean_white,1.0,0.99169,0.99114,0.0,p_6a1e390a8cd6e.jpg,False,540,1723,0,0.63782,1112,3,540
clean_white,1.0,1.0,1.0,0.0,p_6a1e390a8d4af.jpg,False,540,1724,0,0.75032,1112,6,540
clean_white,1.0,0.99864,0.92772,0.0,p_6a1e390c6a19b.jpg,False,540,1725,1,0.56319,1113,1,540
review_white,1.0,0.91566,0.89,0.0,p_6a1e390c6a6c2.jpg,False,540,1726,0,0.75174,1113,3,540
clean_white,1.0,0.98772,0.98654,0.0,p_6a1e390c6ac3d.jpg,False,540,1727,0,0.53788,1113,6,540
clean_white,1.0,0.99184,0.99077,0.0,p_6a1e390d19c13.jpg,False,540,1728,1,0.79576,1114,1,540
clean_white,1.0,0.99169,0.99114,0.0,p_6a1e390d1a219.jpg,False,540,1729,0,0.63782,1114,3,540
clean_white,1.0,1.0,1.0,0.0,p_6a1e390d1a777.jpg,False,540,1730,0,0.75032,1114,6,540
clean_white,1.0,0.99967,0.96099,0.0,p_6a1e390f697c0.jpg,False,540,1731,1,0.53053,1115,1,540
clean_white,1.0,0.9711,0.9704,0.0,p_6a1e390f69e69.jpg,False,540,1732,0,0.67219,1115,3,540
clean_white,1.0,0.96754,0.96632,0.0,p_6a1e390f6a37c.jpg,False,540,1733,0,0.553,1115,6,540
clean_white,1.0,1.0,0.99739,0.0,p_6a1e3911c9d26.jpg,False,540,1734,1,0.59769,1116,1,540
review_white,1.0,0.91474,0.91217,0.0,p_6a1e3911ca359.jpg,False,540,1735,0,0.63579,1116,3,540
clean_white,1.0,0.99456,0.9904,0.0,p_6a1e3911ca952.jpg,False,540,1736,0,0.74467,1116,6,540
clean_white,1.0,0.99184,0.99077,0.0,p_6a1e3912d6560.jpg,False,540,1737,1,0.79576,1117,1,540
clean_white,1.0,0.99169,0.99114,0.0,p_6a1e3912d6c2d.jpg,False,540,1738,0,0.63782,1117,3,540
clean_white,1.0,1.0,1.0,0.0,p_6a1e3912d725d.jpg,False,540,1739,0,0.75032,1117,6,540
clean_white,1.0,0.99184,0.99077,0.0,p_6a1e391385d50.jpg,False,540,1740,1,0.79576,1118,1,540
clean_white,1.0,0.99169,0.99114,0.0,p_6a1e3913863d0.jpg,False,540,1741,0,0.63782,1118,3,540
clean_white,1.0,1.0,1.0,0.0,p_6a1e391386981.jpg,False,540,1742,0,0.75032,1118,6,540
clean_white,1.0,0.99184,0.99077,0.0,p_6a1e39142f932.jpg,False,540,1743,1,0.79576,1119,1,540
clean_white,1.0,0.99169,0.99114,0.0,p_6a1e39142ffa3.jpg,False,540,1744,0,0.63782,1119,3,540
clean_white,1.0,1.0,1.0,0.0,p_6a1e391430688.jpg,False,540,1745,0,0.75032,1119,6,540
clean_white,1.0,0.99184,0.99077,0.0,p_6a1e3914dc24d.jpg,False,540,1746,1,0.79576,1120,1,540
clean_white,1.0,0.99169,0.99114,0.0,p_6a1e3914dc795.jpg,False,540,1747,0,0.63782,1120,3,540
clean_white,1.0,1.0,1.0,0.0,p_6a1e3914dccd4.jpg,False,540,1748,0,0.75032,1120,6,540
clean_white,1.0,0.99184,0.99077,0.0,p_6a1e3915db579.jpg,False,540,1749,1,0.79576,1121,1,540
clean_white,1.0,0.99169,0.99114,0.0,p_6a1e3915dbcb0.jpg,False,540,1750,0,0.63782,1121,3,540
clean_white,1.0,1.0,1.0,0.0,p_6a1e3915dc222.jpg,False,540,1751,0,0.75032,1121,6,540
clean_white,1.0,0.99184,0.99077,0.0,p_6a1e3916e787c.jpg,False,540,1752,1,0.79576,1122,1,540
clean_white,1.0,0.99169,0.99114,0.0,p_6a1e3916e7f5b.jpg,False,540,1753,0,0.63782,1122,3,540
clean_white,1.0,1.0,1.0,0.0,p_6a1e3916e84eb.jpg,False,540,1754,0,0.75032,1122,6,540
clean_white,1.0,0.99184,0.99077,0.0,p_6a1e3917e88ec.jpg,False,540,1755,1,0.79576,1123,1,540
clean_white,1.0,0.99169,0.99114,0.0,p_6a1e3917e8ed6.jpg,False,540,1756,0,0.63782,1123,3,540
clean_white,1.0,1.0,1.0,0.0,p_6a1e3917e9418.jpg,False,540,1757,0,0.75032,1123,6,540
clean_white,1.0,0.99184,0.99077,0.0,p_6a1e391990cb6.jpg,False,540,1758,1,0.79576,1124,1,540
clean_white,1.0,0.99169,0.99114,0.0,p_6a1e391991200.jpg,False,540,1759,0,0.63782,1124,3,540
clean_white,1.0,1.0,1.0,0.0,p_6a1e391991715.jpg,False,540,1760,0,0.75032,1124,6,540
clean_white,1.0,0.99184,0.99077,0.0,p_6a1e391a682a6.jpg,False,540,1761,1,0.79576,1125,1,540
clean_white,1.0,0.99169,0.99114,0.0,p_6a1e391a69075.jpg,False,540,1762,0,0.63782,1125,3,540
clean_white,1.0,1.0,1.0,0.0,p_6a1e391a696d2.jpg,False,540,1763,0,0.75032,1125,6,540
clean_white,1.0,0.99184,0.99077,0.0,p_6a1e391b3f9cc.jpg,False,540,1764,1,0.79576,1126,1,540
clean_white,1.0,0.99169,0.99114,0.0,p_6a1e391b3fffe.jpg,False,540,1765,0,0.63782,1126,3,540
clean_white,1.0,1.0,1.0,0.0,p_6a1e391b40633.jpg,False,540,1766,0,0.75032,1126,6,540
clean_white,1.0,0.99184,0.99077,0.0,p_6a1e391c6942a.jpg,False,540,1767,1,0.79576,1127,1,540
clean_white,1.0,0.99169,0.99114,0.0,p_6a1e391c69a64.jpg,False,540,1768,0,0.63782,1127,3,540
clean_white,1.0,1.0,1.0,0.0,p_6a1e391c69fcd.jpg,False,540,1769,0,0.75032,1127,6,540
clean_white,1.0,0.99184,0.99077,0.0,p_6a1e391d16147.jpg,False,540,1770,1,0.79576,1128,1,540
clean_white,1.0,0.99169,0.99114,0.0,p_6a1e391d167af.jpg,False,540,1771,0,0.63782,1128,3,540
clean_white,1.0,1.0,1.0,0.0,p_6a1e391d16d68.jpg,False,540,1772,0,0.75032,1128,6,540
clean_white,1.0,0.99184,0.99077,0.0,p_6a1e391db6ba3.jpg,False,540,1773,1,0.79576,1129,1,540
clean_white,1.0,0.99169,0.99114,0.0,p_6a1e391db727c.jpg,False,540,1774,0,0.63782,1129,3,540
clean_white,1.0,1.0,1.0,0.0,p_6a1e391db78c5.jpg,False,540,1775,0,0.75032,1129,6,540
clean_white,1.0,0.99184,0.99077,0.0,p_6a1e391e63909.jpg,False,540,1776,1,0.79576,1130,1,540
clean_white,1.0,0.99169,0.99114,0.0,p_6a1e391e63fcd.jpg,False,540,1777,0,0.63782,1130,3,540
clean_white,1.0,1.0,1.0,0.0,p_6a1e391e6469f.jpg,False,540,1778,0,0.75032,1130,6,540
clean_white,1.0,0.99184,0.99077,0.0,p_6a1e391f1d405.jpg,False,540,1779,1,0.79576,1131,1,540
clean_white,1.0,0.99169,0.99114,0.0,p_6a1e391f1daba.jpg,False,540,1780,0,0.63782,1131,3,540
clean_white,1.0,1.0,1.0,0.0,p_6a1e391f1dfed.jpg,False,540,1781,0,0.75032,1131,6,540
clean_white,1.0,0.94143,0.9282,0.0,p_6a1e392125b4a.jpg,False,540,1782,1,0.81791,1132,1,540
clean_white,1.0,0.99871,0.97574,0.0,p_6a1e3921262aa.jpg,False,540,1783,0,0.60463,1132,3,540
clean_white,1.0,0.9989,0.9986,0.0,p_6a1e3921268d7.jpg,False,540,1784,0,0.60597,1132,6,540
clean_white,1.0,0.99184,0.99077,0.0,p_6a1e3921c9781.jpg,False,540,1785,1,0.79576,1133,1,540
clean_white,1.0,0.99169,0.99114,0.0,p_6a1e3921c9ee8.jpg,False,540,1786,0,0.63782,1133,3,540
clean_white,1.0,1.0,1.0,0.0,p_6a1e3921ca4fd.jpg,False,540,1787,0,0.75032,1133,6,540
clean_white,1.0,0.99184,0.99077,0.0,p_6a1e392277c18.jpg,False,540,1788,1,0.79576,1134,1,540
clean_white,1.0,0.99169,0.99114,0.0,p_6a1e39227832d.jpg,False,540,1789,0,0.63782,1134,3,540
clean_white,1.0,1.0,1.0,0.0,p_6a1e3922788bb.jpg,False,540,1790,0,0.75032,1134,6,540
clean_white,1.0,0.99184,0.99077,0.0,p_6a1e392354989.jpg,False,540,1791,1,0.79576,1135,1,540
clean_white,1.0,0.99169,0.99114,0.0,p_6a1e3923550f3.jpg,False,540,1792,0,0.63782,1135,3,540
clean_white,1.0,1.0,1.0,0.0,p_6a1e3923557a2.jpg,False,540,1793,0,0.75032,1135,6,540
clean_white,1.0,0.99184,0.99077,0.0,p_6a1e39242ef54.jpg,False,540,1794,1,0.79576,1136,1,540
clean_white,1.0,0.99169,0.99114,0.0,p_6a1e39242f5b5.jpg,False,540,1795,0,0.63782,1136,3,540
clean_white,1.0,1.0,1.0,0.0,p_6a1e39242fad4.jpg,False,540,1796,0,0.75032,1136,6,540
clean_white,1.0,0.99184,0.99077,0.0,p_6a1e3925131bf.jpg,False,540,1797,1,0.79576,1137,1,540
clean_white,1.0,0.99169,0.99114,0.0,p_6a1e392513868.jpg,False,540,1798,0,0.63782,1137,3,540
clean_white,1.0,1.0,1.0,0.0,p_6a1e392513f36.jpg,False,540,1799,0,0.75032,1137,6,540
clean_white,1.0,0.99184,0.99077,0.0,p_6a1e3925cac61.jpg,False,540,1800,1,0.79576,1138,1,540
clean_white,1.0,0.99169,0.99114,0.0,p_6a1e3925cb2a6.jpg,False,540,1801,0,0.63782,1138,3,540
clean_white,1.0,1.0,1.0,0.0,p_6a1e3925cbd25.jpg,False,540,1802,0,0.75032,1138,6,540
clean_white,1.0,0.99184,0.99077,0.0,p_6a1e39268d5c3.jpg,False,540,1803,1,0.79576,1139,1,540
clean_white,1.0,0.99169,0.99114,0.0,p_6a1e39268dc1c.jpg,False,540,1804,0,0.63782,1139,3,540
clean_white,1.0,1.0,1.0,0.0,p_6a1e39268e21d.jpg,False,540,1805,0,0.75032,1139,6,540
clean_white,1.0,0.99184,0.99077,0.0,p_6a1e39273a089.jpg,False,540,1806,1,0.79576,1140,1,540
clean_white,1.0,0.99169,0.99114,0.0,p_6a1e39273a769.jpg,False,540,1807,0,0.63782,1140,3,540
clean_white,1.0,1.0,1.0,0.0,p_6a1e39273ae29.jpg,False,540,1808,0,0.75032,1140,6,540
clean_white,1.0,0.99184,0.99077,0.0,p_6a1e3927da9d1.jpg,False,540,1809,1,0.79576,1141,1,540
clean_white,1.0,0.99169,0.99114,0.0,p_6a1e3927db10a.jpg,False,540,1810,0,0.63782,1141,3,540
clean_white,1.0,1.0,1.0,0.0,p_6a1e3927db6fe.jpg,False,540,1811,0,0.75032,1141,6,540
clean_white,1.0,0.99184,0.99077,0.0,p_6a1e3928dd3f7.jpg,False,540,1812,1,0.79576,1142,1,540
clean_white,1.0,0.99169,0.99114,0.0,p_6a1e3928ddafe.jpg,False,540,1813,0,0.63782,1142,3,540
clean_white,1.0,1.0,1.0,0.0,p_6a1e3928de147.jpg,False,540,1814,0,0.75032,1142,6,540
clean_white,1.0,0.99184,0.99077,0.0,p_6a1e39298b20f.jpg,False,540,1815,1,0.79576,1143,1,540
clean_white,1.0,0.99169,0.99114,0.0,p_6a1e39298b7e9.jpg,False,540,1816,0,0.63782,1143,3,540
clean_white,1.0,1.0,1.0,0.0,p_6a1e39298bdb9.jpg,False,540,1817,0,0.75032,1143,6,540
clean_white,1.0,0.99184,0.99077,0.0,p_6a1e392a363c1.jpg,False,540,1818,1,0.79576,1144,1,540
clean_white,1.0,0.99169,0.99114,0.0,p_6a1e392a369d4.jpg,False,540,1819,0,0.63782,1144,3,540
clean_white,1.0,1.0,1.0,0.0,p_6a1e392a36fe5.jpg,False,540,1820,0,0.75032,1144,6,540
clean_white,1.0,1.0,1.0,0.0,p_6a1e392c70879.jpg,False,540,1821,1,0.863,1145,1,540
review_white,1.0,0.88408,0.88173,0.0,p_6a1e392c7100e.jpg,False,540,1822,0,0.63848,1145,3,540
clean_white,1.0,1.0,1.0,0.0,p_6a1e392c71649.jpg,False,540,1823,0,0.70267,1145,6,540
clean_white,1.0,0.99184,0.99077,0.0,p_6a1e392d1e890.jpg,False,540,1824,1,0.79576,1146,1,540
clean_white,1.0,0.99169,0.99114,0.0,p_6a1e392d1eee3.jpg,False,540,1825,0,0.63782,1146,3,540
clean_white,1.0,1.0,1.0,0.0,p_6a1e392d1f595.jpg,False,540,1826,0,0.75032,1146,6,540
clean_white,1.0,0.99184,0.99077,0.0,p_6a1e392dc0d2b.jpg,False,540,1827,1,0.79576,1147,1,540
clean_white,1.0,0.99169,0.99114,0.0,p_6a1e392dc15b0.jpg,False,540,1828,0,0.63782,1147,3,540
clean_white,1.0,1.0,1.0,0.0,p_6a1e392dc1be1.jpg,False,540,1829,0,0.75032,1147,6,540
clean_white,1.0,0.99184,0.99077,0.0,p_6a1e392e6e5ac.jpg,False,540,1830,1,0.79576,1148,1,540
clean_white,1.0,0.99169,0.99114,0.0,p_6a1e392e6ec82.jpg,False,540,1831,0,0.63782,1148,3,540
clean_white,1.0,1.0,1.0,0.0,p_6a1e392e6f2aa.jpg,False,540,1832,0,0.75032,1148,6,540
clean_white,1.0,0.99184,0.99077,0.0,p_6a1e392f1a9b8.jpg,False,540,1833,1,0.79576,1149,1,540
clean_white,1.0,0.99169,0.99114,0.0,p_6a1e392f1b046.jpg,False,540,1834,0,0.63782,1149,3,540
clean_white,1.0,1.0,1.0,0.0,p_6a1e392f1b6c9.jpg,False,540,1835,0,0.75032,1149,6,540
clean_white,1.0,0.99184,0.99077,0.0,p_6a1e392fbd1db.jpg,False,540,1836,1,0.79576,1150,1,540
clean_white,1.0,0.99169,0.99114,0.0,p_6a1e392fbd7ad.jpg,False,540,1837,0,0.63782,1150,3,540
clean_white,1.0,1.0,1.0,0.0,p_6a1e392fbde10.jpg,False,540,1838,0,0.75032,1150,6,540
clean_white,1.0,0.99184,0.99077,0.0,p_6a1e393069ae0.jpg,False,540,1839,1,0.79576,1151,1,540
clean_white,1.0,0.99169,0.99114,0.0,p_6a1e39306a1f2.jpg,False,540,1840,0,0.63782,1151,3,540
clean_white,1.0,1.0,1.0,0.0,p_6a1e39306a88f.jpg,False,540,1841,0,0.75032,1151,6,540
clean_white,1.0,0.99184,0.99077,0.0,p_6a1e3931171cb.jpg,False,540,1842,1,0.79576,1152,1,540
clean_white,1.0,0.99169,0.99114,0.0,p_6a1e393117832.jpg,False,540,1843,0,0.63782,1152,3,540
clean_white,1.0,1.0,1.0,0.0,p_6a1e393117d2d.jpg,False,540,1844,0,0.75032,1152,6,540
clean_white,1.0,0.99184,0.99077,0.0,p_6a1e3931b641a.jpg,False,540,1845,1,0.79576,1153,1,540
clean_white,1.0,0.99169,0.99114,0.0,p_6a1e3931b6a6e.jpg,False,540,1846,0,0.63782,1153,3,540
clean_white,1.0,1.0,1.0,0.0,p_6a1e3931b6ff7.jpg,False,540,1847,0,0.75032,1153,6,540
clean_white,1.0,0.99184,0.99077,0.0,p_6a1e3932651ca.jpg,False,540,1848,1,0.79576,1154,1,540
clean_white,1.0,0.99169,0.99114,0.0,p_6a1e39326589e.jpg,False,540,1849,0,0.63782,1154,3,540
clean_white,1.0,1.0,1.0,0.0,p_6a1e393265f7c.jpg,False,540,1850,0,0.75032,1154,6,540
clean_white,1.0,0.99184,0.99077,0.0,p_6a1e39331287d.jpg,False,540,1851,1,0.79576,1155,1,540
clean_white,1.0,0.99169,0.99114,0.0,p_6a1e393312ece.jpg,False,540,1852,0,0.63782,1155,3,540
clean_white,1.0,1.0,1.0,0.0,p_6a1e3933135b5.jpg,False,540,1853,0,0.75032,1155,6,540
clean_white,1.0,0.99184,0.99077,0.0,p_6a1e3933b55f7.jpg,False,540,1854,1,0.79576,1156,1,540
clean_white,1.0,0.99169,0.99114,0.0,p_6a1e3933b5cdd.jpg,False,540,1855,0,0.63782,1156,3,540
clean_white,1.0,1.0,1.0,0.0,p_6a1e3933b6346.jpg,False,540,1856,0,0.75032,1156,6,540
clean_white,1.0,0.99184,0.99077,0.0,p_6a1e3934b44e9.jpg,False,540,1857,1,0.79576,1157,1,540
clean_white,1.0,0.99169,0.99114,0.0,p_6a1e3934b4adf.jpg,False,540,1858,0,0.63782,1157,3,540
clean_white,1.0,1.0,1.0,0.0,p_6a1e3934b502e.jpg,False,540,1859,0,0.75032,1157,6,540
clean_white,1.0,0.99184,0.99077,0.0,p_6a1e39361bd79.jpg,False,540,1860,1,0.79576,1158,1,540
clean_white,1.0,0.99169,0.99114,0.0,p_6a1e39361c42c.jpg,False,540,1861,0,0.63782,1158,3,540
clean_white,1.0,1.0,1.0,0.0,p_6a1e39361ca03.jpg,False,540,1862,0,0.75032,1158,6,540
clean_white,1.0,1.0,0.99577,0.0,p_6a1e39388f7ed.jpg,False,540,1863,1,0.56187,1159,1,540
clean_white,1.0,0.98754,0.9868,0.0,p_6a1e39388feab.jpg,False,540,1864,0,0.72202,1159,3,540
clean_white,1.0,0.96324,0.9486,0.0,p_6a1e393890626.jpg,False,540,1865,0,0.83039,1159,6,540
clean_white,1.0,1.0,0.99062,0.0,p_6a1e3939e8d15.jpg,False,540,1866,1,0.62745,1160,1,540
clean_white,1.0,0.99974,0.99956,0.0,p_6a1e3939e926d.jpg,False,540,1867,0,0.60922,1160,3,540
clean_white,1.0,0.98699,0.9825,0.0,p_6a1e3939e9787.jpg,False,540,1868,0,0.76281,1160,6,540
clean_white,1.0,0.99184,0.99077,0.0,p_6a1e393a98b25.jpg,False,540,1869,1,0.79576,1161,1,540
clean_white,1.0,0.99169,0.99114,0.0,p_6a1e393a99122.jpg,False,540,1870,0,0.63782,1161,3,540
clean_white,1.0,1.0,1.0,0.0,p_6a1e393a99654.jpg,False,540,1871,0,0.75032,1161,6,540
clean_white,1.0,0.99184,0.99077,0.0,p_6a1e393bbbea5.jpg,False,540,1872,1,0.79576,1162,1,540
clean_white,1.0,0.99169,0.99114,0.0,p_6a1e393bbc4b7.jpg,False,540,1873,0,0.63782,1162,3,540
clean_white,1.0,1.0,1.0,0.0,p_6a1e393bbcb13.jpg,False,540,1874,0,0.75032,1162,6,540
clean_white,1.0,0.99184,0.99077,0.0,p_6a1e393c67366.jpg,False,540,1875,1,0.79576,1163,1,540
clean_white,1.0,0.99169,0.99114,0.0,p_6a1e393c67860.jpg,False,540,1876,0,0.63782,1163,3,540
clean_white,1.0,1.0,1.0,0.0,p_6a1e393c67d40.jpg,False,540,1877,0,0.75032,1163,6,540
clean_white,1.0,0.96415,0.94831,0.0,p_6a1e393e4202f.jpg,False,540,1878,1,0.83381,1164,1,540
review_white,1.0,0.86886,0.82353,0.0,p_6a1e393e42830.jpg,False,540,1879,0,0.57574,1164,3,540
clean_white,1.0,1.0,0.99577,0.0,p_6a1e393e42dda.jpg,False,540,1880,0,0.86172,1164,6,540
clean_white,1.0,0.96415,0.94831,0.0,p_6a1e393f7f8e8.jpg,False,540,1881,1,0.83381,1165,1,540
review_white,1.0,0.86886,0.82353,0.0,p_6a1e393f7ffe6.jpg,False,540,1882,0,0.57574,1165,3,540
clean_white,1.0,1.0,0.99577,0.0,p_6a1e393f805d2.jpg,False,540,1883,0,0.86172,1165,6,540
clean_white,1.0,0.99184,0.99077,0.0,p_6a1e394031a00.jpg,False,540,1884,1,0.79576,1166,1,540
clean_white,1.0,0.99169,0.99114,0.0,p_6a1e394032061.jpg,False,540,1885,0,0.63782,1166,3,540
clean_white,1.0,1.0,1.0,0.0,p_6a1e3940326ec.jpg,False,540,1886,0,0.75032,1166,6,540
needs_background,1.0,0.77404,0.68978,0.0,p_6a1e39420a319.jpg,False,540,1887,1,0.36752,1167,1,540
review_white,1.0,0.89978,0.8954,0.0,p_6a1e39420a8c7.jpg,False,540,1888,0,0.5816,1167,3,540
clean_white,1.0,1.0,1.0,0.0,p_6a1e39420aed2.jpg,False,540,1889,0,0.73282,1167,6,540
clean_white,1.0,0.99184,0.99077,0.0,p_6a1e3942b0620.jpg,False,540,1890,1,0.79576,1168,1,540
clean_white,1.0,0.99169,0.99114,0.0,p_6a1e3942b0c42.jpg,False,540,1891,0,0.63782,1168,3,540
clean_white,1.0,1.0,1.0,0.0,p_6a1e3942b130d.jpg,False,540,1892,0,0.75032,1168,6,540
clean_white,1.0,0.97882,0.88415,0.0,p_6a1e39450eec0.jpg,False,540,1893,1,0.51163,1169,1,540
clean_white,1.0,0.98754,0.9868,0.0,p_6a1e39450f4c0.jpg,False,540,1894,0,0.70488,1169,3,540
clean_white,1.0,0.95081,0.93699,0.0,p_6a1e39450fb61.jpg,False,540,1895,0,0.83667,1169,6,540
clean_white,1.0,0.99184,0.99077,0.0,p_6a1e3945b0012.jpg,False,540,1896,1,0.79576,1170,1,540
clean_white,1.0,0.99169,0.99114,0.0,p_6a1e3945b0865.jpg,False,540,1897,0,0.63782,1170,3,540
clean_white,1.0,1.0,1.0,0.0,p_6a1e3945b0e65.jpg,False,540,1898,0,0.75032,1170,6,540
clean_white,1.0,0.99184,0.99077,0.0,p_6a1e394660bea.jpg,False,540,1899,1,0.79576,1171,1,540
clean_white,1.0,0.99169,0.99114,0.0,p_6a1e394661111.jpg,False,540,1900,0,0.63782,1171,3,540
clean_white,1.0,1.0,1.0,0.0,p_6a1e39466162b.jpg,False,540,1901,0,0.75032,1171,6,540
clean_white,1.0,0.99184,0.99077,0.0,p_6a1e39475eabe.jpg,False,540,1902,1,0.79576,1172,1,540
clean_white,1.0,0.99169,0.99114,0.0,p_6a1e39475f1b3.jpg,False,540,1903,0,0.63782,1172,3,540
clean_white,1.0,1.0,1.0,0.0,p_6a1e39475f76f.jpg,False,540,1904,0,0.75032,1172,6,540
clean_white,1.0,0.99184,0.99077,0.0,p_6a1e39480f637.jpg,False,540,1905,1,0.79576,1173,1,540
clean_white,1.0,0.99169,0.99114,0.0,p_6a1e39480fc1d.jpg,False,540,1906,0,0.63782,1173,3,540
clean_white,1.0,1.0,1.0,0.0,p_6a1e3948102d3.jpg,False,540,1907,0,0.75032,1173,6,540
clean_white,1.0,1.0,1.0,0.0,p_6a1e394a16502.jpg,False,540,1908,1,0.74552,1174,1,540
clean_white,1.0,0.99794,0.99735,0.0,p_6a1e394a16ab2.jpg,False,540,1909,0,0.84941,1174,3,540
clean_white,1.0,1.0,1.0,0.0,p_6a1e394a1706a.jpg,False,540,1910,0,0.8673,1174,6,540
clean_white,1.0,0.99184,0.99077,0.0,p_6a1e394abae64.jpg,False,540,1911,1,0.79576,1175,1,540
clean_white,1.0,0.99169,0.99114,0.0,p_6a1e394abb4ea.jpg,False,540,1912,0,0.63782,1175,3,540
clean_white,1.0,1.0,1.0,0.0,p_6a1e394abbb63.jpg,False,540,1913,0,0.75032,1175,6,540
clean_white,1.0,0.99184,0.99077,0.0,p_6a1e394b669ab.jpg,False,540,1914,1,0.79576,1176,1,540
clean_white,1.0,0.99169,0.99114,0.0,p_6a1e394b66ff6.jpg,False,540,1915,0,0.63782,1176,3,540
clean_white,1.0,1.0,1.0,0.0,p_6a1e394b6752e.jpg,False,540,1916,0,0.75032,1176,6,540
clean_white,1.0,0.99184,0.99077,0.0,p_6a1e394c14572.jpg,False,540,1917,1,0.79576,1177,1,540
clean_white,1.0,0.99169,0.99114,0.0,p_6a1e394c14a4d.jpg,False,540,1918,0,0.63782,1177,3,540
clean_white,1.0,1.0,1.0,0.0,p_6a1e394c14f94.jpg,False,540,1919,0,0.75032,1177,6,540
clean_white,1.0,0.99184,0.99077,0.0,p_6a1e394cb44f6.jpg,False,540,1920,1,0.79576,1178,1,540
clean_white,1.0,0.99169,0.99114,0.0,p_6a1e394cb4ae8.jpg,False,540,1921,0,0.63782,1178,3,540
clean_white,1.0,1.0,1.0,0.0,p_6a1e394cb5094.jpg,False,540,1922,0,0.75032,1178,6,540
clean_white,1.0,0.99184,0.99077,0.0,p_6a1e394d6584a.jpg,False,540,1923,1,0.79576,1179,1,540
clean_white,1.0,0.99169,0.99114,0.0,p_6a1e394d662dc.jpg,False,540,1924,0,0.63782,1179,3,540
clean_white,1.0,1.0,1.0,0.0,p_6a1e394d66a1a.jpg,False,540,1925,0,0.75032,1179,6,540
clean_white,1.0,0.99184,0.99077,0.0,p_6a1e394e127e1.jpg,False,540,1926,1,0.79576,1180,1,540
clean_white,1.0,0.99169,0.99114,0.0,p_6a1e394e12e1a.jpg,False,540,1927,0,0.63782,1180,3,540
clean_white,1.0,1.0,1.0,0.0,p_6a1e394e13381.jpg,False,540,1928,0,0.75032,1180,6,540
clean_white,1.0,0.99184,0.99077,0.0,p_6a1e394eb57de.jpg,False,540,1929,1,0.79576,1181,1,540
clean_white,1.0,0.99169,0.99114,0.0,p_6a1e394eb5d45.jpg,False,540,1930,0,0.63782,1181,3,540
clean_white,1.0,1.0,1.0,0.0,p_6a1e394eb6342.jpg,False,540,1931,0,0.75032,1181,6,540
clean_white,1.0,0.93963,0.8411,0.0,p_6a1e39511828f.jpg,False,540,1932,1,0.52419,1182,1,540
clean_white,1.0,1.0,1.0,0.0,p_6a1e39511884c.jpg,False,540,1933,0,0.85587,1182,3,540
clean_white,1.0,0.99629,0.9961,0.0,p_6a1e395118de5.jpg,False,540,1934,0,0.72911,1182,6,540
clean_white,1.0,0.99184,0.99077,0.0,p_6a1e3951b8ee5.jpg,False,540,1935,1,0.79576,1183,1,540
clean_white,1.0,0.99169,0.99114,0.0,p_6a1e3951b9547.jpg,False,540,1936,0,0.63782,1183,3,540
clean_white,1.0,1.0,1.0,0.0,p_6a1e3951b9b35.jpg,False,540,1937,0,0.75032,1183,6,540
clean_white,1.0,0.99184,0.99077,0.0,p_6a1e3952ab898.jpg,False,540,1938,1,0.79576,1184,1,540
clean_white,1.0,0.99169,0.99114,0.0,p_6a1e3952abe7b.jpg,False,540,1939,0,0.63782,1184,3,540
clean_white,1.0,1.0,1.0,0.0,p_6a1e3952ac406.jpg,False,540,1940,0,0.75032,1184,6,540
clean_white,1.0,0.99184,0.99077,0.0,p_6a1e39539f04d.jpg,False,540,1941,1,0.79576,1185,1,540
clean_white,1.0,0.99169,0.99114,0.0,p_6a1e39539f746.jpg,False,540,1942,0,0.63782,1185,3,540
clean_white,1.0,1.0,1.0,0.0,p_6a1e39539fc36.jpg,False,540,1943,0,0.75032,1185,6,540
clean_white,1.0,1.0,1.0,0.0,p_6a1e39556d333.jpg,False,540,1944,1,0.72975,1186,1,540
clean_white,1.0,1.0,1.0,0.0,p_6a1e39556d9c8.jpg,False,540,1945,0,0.66215,1186,3,540
clean_white,1.0,1.0,1.0,0.0,p_6a1e39556df43.jpg,False,540,1946,0,0.87059,1186,6,540
clean_white,1.0,0.99184,0.99077,0.0,p_6a1e39566d666.jpg,False,540,1947,1,0.79576,1187,1,540
clean_white,1.0,0.99169,0.99114,0.0,p_6a1e39566de67.jpg,False,540,1948,0,0.63782,1187,3,540
clean_white,1.0,1.0,1.0,0.0,p_6a1e39566e3db.jpg,False,540,1949,0,0.75032,1187,6,540
clean_white,1.0,0.95191,0.87562,0.0,p_6a1e3958ab16c.jpg,False,540,1950,1,0.44338,1188,1,540
clean_white,1.0,0.99941,0.99926,0.0,p_6a1e3958ab7eb.jpg,False,540,1951,0,0.67498,1188,3,540
clean_white,1.0,0.98893,0.98798,0.0,p_6a1e3958abdd2.jpg,False,540,1952,0,0.63248,1188,6,540
clean_white,1.0,0.99184,0.99077,0.0,p_6a1e395957c72.jpg,False,540,1953,1,0.79576,1189,1,540
clean_white,1.0,0.99169,0.99114,0.0,p_6a1e3959582e2.jpg,False,540,1954,0,0.63782,1189,3,540
clean_white,1.0,1.0,1.0,0.0,p_6a1e3959588c0.jpg,False,540,1955,0,0.75032,1189,6,540
clean_white,1.0,0.97776,0.91493,0.0,p_6a1e395bcb33f.jpg,False,540,1956,1,0.49465,1190,1,540
clean_white,1.0,0.96974,0.96599,0.0,p_6a1e395bcbb6c.jpg,False,540,1957,0,0.59405,1190,3,540
clean_white,1.0,0.9886,0.98783,0.0,p_6a1e395bcc25a.jpg,False,540,1958,0,0.62467,1190,6,540
clean_white,1.0,0.99184,0.99077,0.0,p_6a1e395ca486e.jpg,False,540,1959,1,0.79576,1191,1,540
clean_white,1.0,0.99169,0.99114,0.0,p_6a1e395ca4e54.jpg,False,540,1960,0,0.63782,1191,3,540
clean_white,1.0,1.0,1.0,0.0,p_6a1e395ca5456.jpg,False,540,1961,0,0.75032,1191,6,540
clean_white,1.0,0.99184,0.99077,0.0,p_6a1e395d83e58.jpg,False,540,1962,1,0.79576,1192,1,540
clean_white,1.0,0.99169,0.99114,0.0,p_6a1e395d844e5.jpg,False,540,1963,0,0.63782,1192,3,540
clean_white,1.0,1.0,1.0,0.0,p_6a1e395d8494c.jpg,False,540,1964,0,0.75032,1192,6,540
clean_white,1.0,0.99184,0.99077,0.0,p_6a1e395e34e9a.jpg,False,540,1965,1,0.79576,1193,1,540
clean_white,1.0,0.99169,0.99114,0.0,p_6a1e395e35501.jpg,False,540,1966,0,0.63782,1193,3,540
clean_white,1.0,1.0,1.0,0.0,p_6a1e395e35d71.jpg,False,540,1967,0,0.75032,1193,6,540
clean_white,1.0,0.99184,0.99077,0.0,p_6a1e395f8d0ac.jpg,False,540,1968,1,0.79576,1194,1,540
clean_white,1.0,0.99169,0.99114,0.0,p_6a1e395f8dc7e.jpg,False,540,1969,0,0.63782,1194,3,540
clean_white,1.0,1.0,1.0,0.0,p_6a1e395f8e496.jpg,False,540,1970,0,0.75032,1194,6,540
clean_white,1.0,0.9946,0.99309,0.0,p_6a1e3961747ff.jpg,False,540,1971,1,0.67897,1195,1,540
clean_white,1.0,1.0,1.0,0.0,p_6a1e396174fda.jpg,False,540,1972,0,0.88231,1195,3,540
clean_white,1.0,1.0,1.0,0.0,p_6a1e39617567e.jpg,False,540,1973,0,0.7387,1195,6,540
clean_white,1.0,0.99184,0.99077,0.0,p_6a1e3962225a9.jpg,False,540,1974,1,0.79576,1196,1,540
clean_white,1.0,0.99169,0.99114,0.0,p_6a1e396222c1b.jpg,False,540,1975,0,0.63782,1196,3,540
clean_white,1.0,1.0,1.0,0.0,p_6a1e396223222.jpg,False,540,1976,0,0.75032,1196,6,540
clean_white,1.0,0.99195,0.99154,0.0,p_6a1e3964aacf7.jpg,False,540,1977,1,0.59337,1197,0,540
review_white,1.0,0.92316,0.91574,0.0,p_6a1e3964aa700.jpg,False,540,1978,0,0.75734,1197,1,540
clean_white,1.0,0.95335,0.93713,0.0,p_6a1e3964ab2e4.jpg,False,540,1979,0,0.72139,1197,2,540
clean_white,1.0,0.99184,0.99077,0.0,p_6a1e396556155.jpg,False,540,1980,1,0.79576,1198,1,540
clean_white,1.0,0.99169,0.99114,0.0,p_6a1e396556797.jpg,False,540,1981,0,0.63782,1198,3,540
clean_white,1.0,1.0,1.0,0.0,p_6a1e396556e49.jpg,False,540,1982,0,0.75032,1198,6,540
clean_white,1.0,1.0,0.95449,0.0,p_6a1e39673f266.jpg,False,540,1983,1,0.59226,1199,1,540
clean_white,1.0,0.99004,0.98963,0.0,p_6a1e39673f8cc.jpg,False,540,1984,0,0.51203,1199,3,540
review_white,1.0,0.92805,0.92592,0.0,p_6a1e39673feae.jpg,False,540,1985,0,0.64225,1199,6,540
clean_white,1.0,0.99184,0.99077,0.0,p_6a1e3967e3a34.jpg,False,540,1986,1,0.79576,1200,1,540
clean_white,1.0,0.99169,0.99114,0.0,p_6a1e3967e411f.jpg,False,540,1987,0,0.63782,1200,3,540
clean_white,1.0,1.0,1.0,0.0,p_6a1e3967e48fd.jpg,False,540,1988,0,0.75032,1200,6,540
clean_white,1.0,0.99184,0.99077,0.0,p_6a1e39690da9d.jpg,False,540,1989,1,0.79576,1201,1,540
clean_white,1.0,0.99169,0.99114,0.0,p_6a1e39690e0ff.jpg,False,540,1990,0,0.63782,1201,3,540
clean_white,1.0,1.0,1.0,0.0,p_6a1e39690e71b.jpg,False,540,1991,0,0.75032,1201,6,540
clean_white,1.0,0.99184,0.99077,0.0,p_6a1e396a0d7f8.jpg,False,540,1992,1,0.79576,1202,1,540
clean_white,1.0,0.99169,0.99114,0.0,p_6a1e396a0deb4.jpg,False,540,1993,0,0.63782,1202,3,540
clean_white,1.0,1.0,1.0,0.0,p_6a1e396a0e616.jpg,False,540,1994,0,0.75032,1202,6,540
clean_white,1.0,0.99184,0.99077,0.0,p_6a1e396ab1530.jpg,False,540,1995,1,0.79576,1203,1,540
clean_white,1.0,0.99169,0.99114,0.0,p_6a1e396ab1c48.jpg,False,540,1996,0,0.63782,1203,3,540
clean_white,1.0,1.0,1.0,0.0,p_6a1e396ab21c9.jpg,False,540,1997,0,0.75032,1203,6,540
clean_white,1.0,0.99184,0.99077,0.0,p_6a1e396b60f73.jpg,False,540,1998,1,0.79576,1204,1,540
clean_white,1.0,0.99169,0.99114,0.0,p_6a1e396b61585.jpg,False,540,1999,0,0.63782,1204,3,540
clean_white,1.0,1.0,1.0,0.0,p_6a1e396b61bd6.jpg,False,540,2000,0,0.75032,1204,6,540
clean_white,1.0,1.0,1.0,0.0,p_6a1e396db3e90.jpg,False,540,2001,1,0.76337,1205,1,540
review_white,1.0,0.8971,0.8871,0.0,p_6a1e396db448a.jpg,False,540,2002,0,0.66101,1205,3,540
review_white,1.0,0.81846,0.78125,0.0,p_6a1e396db4a9c.jpg,False,540,2003,0,0.37722,1205,6,540
clean_white,1.0,0.99184,0.99077,0.0,p_6a1e396e62672.jpg,False,540,2004,1,0.79576,1206,1,540
clean_white,1.0,0.99169,0.99114,0.0,p_6a1e396e62bbe.jpg,False,540,2005,0,0.63782,1206,3,540
clean_white,1.0,1.0,1.0,0.0,p_6a1e396e631aa.jpg,False,540,2006,0,0.75032,1206,6,540
clean_white,1.0,0.99184,0.99077,0.0,p_6a1e396f15f53.jpg,False,540,2007,1,0.79576,1207,1,540
clean_white,1.0,0.99169,0.99114,0.0,p_6a1e396f166e7.jpg,False,540,2008,0,0.63782,1207,3,540
clean_white,1.0,1.0,1.0,0.0,p_6a1e396f16ea1.jpg,False,540,2009,0,0.75032,1207,6,540
clean_white,1.0,0.97246,0.93515,0.0,p_6a1e39712cc28.jpg,False,540,2010,1,0.50531,1208,1,540
clean_white,1.0,1.0,1.0,0.0,p_6a1e39712d212.jpg,False,540,2011,0,0.61519,1208,3,540
clean_white,1.0,1.0,1.0,0.0,p_6a1e39712d77b.jpg,False,540,2012,0,0.72633,1208,6,540
clean_white,1.0,0.99184,0.99077,0.0,p_6a1e3971d0069.jpg,False,540,2013,1,0.79576,1209,1,540
clean_white,1.0,0.99169,0.99114,0.0,p_6a1e3971d0580.jpg,False,540,2014,0,0.63782,1209,3,540
clean_white,1.0,1.0,1.0,0.0,p_6a1e3971d0a8d.jpg,False,540,2015,0,0.75032,1209,6,540
clean_white,1.0,0.99184,0.99077,0.0,p_6a1e39727edce.jpg,False,540,2016,1,0.79576,1210,1,540
clean_white,1.0,0.99169,0.99114,0.0,p_6a1e397280b64.jpg,False,540,2017,0,0.63782,1210,3,540
clean_white,1.0,1.0,1.0,0.0,p_6a1e397281137.jpg,False,540,2018,0,0.75032,1210,6,540
clean_white,1.0,0.93721,0.93643,0.0,p_6a1e39743d66e.jpg,False,540,2019,1,0.52382,1211,1,540
clean_white,1.0,1.0,1.0,0.0,p_6a1e39743dcb8.jpg,False,540,2020,0,0.63819,1211,3,540
review_white,1.0,0.89993,0.89853,0.0,p_6a1e39743e3c3.jpg,False,540,2021,0,0.55247,1211,6,540
clean_white,1.0,0.93721,0.93643,0.0,p_6a1e397649b49.jpg,False,540,2022,1,0.52382,1213,1,540
clean_white,1.0,1.0,1.0,0.0,p_6a1e39764a1d2.jpg,False,540,2023,0,0.63819,1213,3,540
review_white,1.0,0.89993,0.89853,0.0,p_6a1e39764a85f.jpg,False,540,2024,0,0.55247,1213,6,540
clean_white,1.0,0.93721,0.93643,0.0,p_6a1e39775276c.jpg,False,540,2025,1,0.52382,1214,1,540
clean_white,1.0,1.0,1.0,0.0,p_6a1e397752d5a.jpg,False,540,2026,0,0.63819,1214,3,540
review_white,1.0,0.89993,0.89853,0.0,p_6a1e3977532ba.jpg,False,540,2027,0,0.55247,1214,6,540
clean_white,1.0,0.93721,0.93643,0.0,p_6a1e39785a076.jpg,False,540,2028,1,0.52382,1215,1,540
clean_white,1.0,1.0,1.0,0.0,p_6a1e39785a819.jpg,False,540,2029,0,0.63819,1215,3,540
review_white,1.0,0.89993,0.89853,0.0,p_6a1e39785aefe.jpg,False,540,2030,0,0.55247,1215,6,540
clean_white,1.0,0.93721,0.93643,0.0,p_6a1e39795fee3.jpg,False,540,2031,1,0.52382,1216,1,540
clean_white,1.0,1.0,1.0,0.0,p_6a1e397960577.jpg,False,540,2032,0,0.63819,1216,3,540
review_white,1.0,0.89993,0.89853,0.0,p_6a1e397960d2a.jpg,False,540,2033,0,0.55247,1216,6,540
clean_white,1.0,0.93721,0.93643,0.0,p_6a1e397b6a46d.jpg,False,540,2034,1,0.52382,1217,1,540
clean_white,1.0,1.0,1.0,0.0,p_6a1e397b6aa81.jpg,False,540,2035,0,0.63819,1217,3,540
review_white,1.0,0.89993,0.89853,0.0,p_6a1e397b6b08d.jpg,False,540,2036,0,0.55247,1217,6,540
clean_white,1.0,0.93721,0.93643,0.0,p_6a1e397c744f3.jpg,False,540,2037,1,0.52382,1218,1,540
clean_white,1.0,1.0,1.0,0.0,p_6a1e397c74b83.jpg,False,540,2038,0,0.63819,1218,3,540
review_white,1.0,0.89993,0.89853,0.0,p_6a1e397c75281.jpg,False,540,2039,0,0.55247,1218,6,540
clean_white,1.0,0.93721,0.93643,0.0,p_6a1e397d79d9f.jpg,False,540,2040,1,0.52382,1219,1,540
clean_white,1.0,1.0,1.0,0.0,p_6a1e397d7a43f.jpg,False,540,2041,0,0.63819,1219,3,540
review_white,1.0,0.89993,0.89853,0.0,p_6a1e397d7a9ad.jpg,False,540,2042,0,0.55247,1219,6,540
clean_white,1.0,0.93721,0.93643,0.0,p_6a1e397f2d224.jpg,False,540,2043,1,0.52382,1220,1,540
clean_white,1.0,1.0,1.0,0.0,p_6a1e397f2d878.jpg,False,540,2044,0,0.63819,1220,3,540
review_white,1.0,0.89993,0.89853,0.0,p_6a1e397f2dce5.jpg,False,540,2045,0,0.55247,1220,6,540
clean_white,1.0,0.93173,0.92952,0.0,p_6a1e3981c31b7.jpg,False,540,2046,1,0.79937,1221,1,540
needs_background,0.47704,0.43213,0.1168,0.0,p_6a1e3981c368d.jpg,False,540,2047,0,0.19077,1221,3,540
clean_white,1.0,0.99915,0.99864,0.0,p_6a1e3981c3c2e.jpg,False,540,2048,0,0.52012,1221,6,540
clean_white,1.0,0.93721,0.93643,0.0,p_6a1e3982c810d.jpg,False,540,2049,1,0.52382,1222,1,540
clean_white,1.0,1.0,1.0,0.0,p_6a1e3982c86b1.jpg,False,540,2050,0,0.63819,1222,3,540
review_white,1.0,0.89993,0.89853,0.0,p_6a1e3982c8cb2.jpg,False,540,2051,0,0.55247,1222,6,540
clean_white,1.0,0.93721,0.93643,0.0,p_6a1e39847b834.jpg,False,540,2052,1,0.52382,1223,1,540
clean_white,1.0,1.0,1.0,0.0,p_6a1e39847bf63.jpg,False,540,2053,0,0.63819,1223,3,540
review_white,1.0,0.89993,0.89853,0.0,p_6a1e39847c5e0.jpg,False,540,2054,0,0.55247,1223,6,540
clean_white,1.0,0.93721,0.93643,0.0,p_6a1e39860142d.jpg,False,540,2055,1,0.52382,1224,1,540
clean_white,1.0,1.0,1.0,0.0,p_6a1e398601b12.jpg,False,540,2056,0,0.63819,1224,3,540
review_white,1.0,0.89993,0.89853,0.0,p_6a1e3986020d1.jpg,False,540,2057,0,0.55247,1224,6,540
clean_white,1.0,0.93721,0.93643,0.0,p_6a1e39871c269.jpg,False,540,2058,1,0.52382,1225,1,540
clean_white,1.0,1.0,1.0,0.0,p_6a1e39871cabd.jpg,False,540,2059,0,0.63819,1225,3,540
review_white,1.0,0.89993,0.89853,0.0,p_6a1e39871d324.jpg,False,540,2060,0,0.55247,1225,6,540
clean_white,1.0,0.93721,0.93643,0.0,p_6a1e39882249f.jpg,False,540,2061,1,0.52382,1226,1,540
clean_white,1.0,1.0,1.0,0.0,p_6a1e398822a62.jpg,False,540,2062,0,0.63819,1226,3,540
review_white,1.0,0.89993,0.89853,0.0,p_6a1e398823074.jpg,False,540,2063,0,0.55247,1226,6,540
clean_white,1.0,0.93721,0.93643,0.0,p_6a1e398923c50.jpg,False,540,2064,1,0.52382,1227,1,540
clean_white,1.0,1.0,1.0,0.0,p_6a1e3989242df.jpg,False,540,2065,0,0.63819,1227,3,540
review_white,1.0,0.89993,0.89853,0.0,p_6a1e398924982.jpg,False,540,2066,0,0.55247,1227,6,540
clean_white,1.0,0.93721,0.93643,0.0,p_6a1e398aa34f5.jpg,False,540,2067,1,0.52382,1228,1,540
clean_white,1.0,1.0,1.0,0.0,p_6a1e398aa3b99.jpg,False,540,2068,0,0.63819,1228,3,540
review_white,1.0,0.89993,0.89853,0.0,p_6a1e398aa477a.jpg,False,540,2069,0,0.55247,1228,6,540
clean_white,1.0,0.93721,0.93643,0.0,p_6a1e398ba421a.jpg,False,540,2070,1,0.52382,1229,1,540
clean_white,1.0,1.0,1.0,0.0,p_6a1e398ba47e9.jpg,False,540,2071,0,0.63819,1229,3,540
review_white,1.0,0.89993,0.89853,0.0,p_6a1e398ba4d23.jpg,False,540,2072,0,0.55247,1229,6,540
clean_white,1.0,0.93721,0.93643,0.0,p_6a1e398cad28e.jpg,False,540,2073,1,0.52382,1230,1,540
clean_white,1.0,1.0,1.0,0.0,p_6a1e398cad840.jpg,False,540,2074,0,0.63819,1230,3,540
review_white,1.0,0.89993,0.89853,0.0,p_6a1e398cadd0c.jpg,False,540,2075,0,0.55247,1230,6,540
clean_white,1.0,0.93721,0.93643,0.0,p_6a1e398db9e2d.jpg,False,540,2076,1,0.52382,1231,1,540
clean_white,1.0,1.0,1.0,0.0,p_6a1e398dba556.jpg,False,540,2077,0,0.63819,1231,3,540
review_white,1.0,0.89993,0.89853,0.0,p_6a1e398dbab84.jpg,False,540,2078,0,0.55247,1231,6,540
clean_white,1.0,0.93721,0.93643,0.0,p_6a1e398f1d859.jpg,False,540,2079,1,0.52382,1232,1,540
clean_white,1.0,1.0,1.0,0.0,p_6a1e398f1df4a.jpg,False,540,2080,0,0.63819,1232,3,540
review_white,1.0,0.89993,0.89853,0.0,p_6a1e398f1e674.jpg,False,540,2081,0,0.55247,1232,6,540
clean_white,1.0,0.93721,0.93643,0.0,p_6a1e39904fd28.jpg,False,540,2082,1,0.52382,1233,1,540
clean_white,1.0,1.0,1.0,0.0,p_6a1e39905043b.jpg,False,540,2083,0,0.63819,1233,3,540
review_white,1.0,0.89993,0.89853,0.0,p_6a1e399050f6f.jpg,False,540,2084,0,0.55247,1233,6,540
clean_white,1.0,0.93721,0.93643,0.0,p_6a1e39919d322.jpg,False,540,2085,1,0.52382,1234,1,540
clean_white,1.0,1.0,1.0,0.0,p_6a1e39919d9e5.jpg,False,540,2086,0,0.63819,1234,3,540
review_white,1.0,0.89993,0.89853,0.0,p_6a1e39919df8e.jpg,False,540,2087,0,0.55247,1234,6,540
clean_white,1.0,0.93721,0.93643,0.0,p_6a1e399381f1d.jpg,False,540,2088,1,0.52382,1235,1,540
clean_white,1.0,1.0,1.0,0.0,p_6a1e399382577.jpg,False,540,2089,0,0.63819,1235,3,540
review_white,1.0,0.89993,0.89853,0.0,p_6a1e399382a4e.jpg,False,540,2090,0,0.55247,1235,6,540
clean_white,1.0,0.93721,0.93643,0.0,p_6a1e3994889a9.jpg,False,540,2091,1,0.52382,1236,1,540
clean_white,1.0,1.0,1.0,0.0,p_6a1e399488fe9.jpg,False,540,2092,0,0.63819,1236,3,540
review_white,1.0,0.89993,0.89853,0.0,p_6a1e39948964e.jpg,False,540,2093,0,0.55247,1236,6,540
clean_white,1.0,0.93721,0.93643,0.0,p_6a1e39958c818.jpg,False,540,2094,1,0.52382,1237,1,540
clean_white,1.0,1.0,1.0,0.0,p_6a1e39958ce98.jpg,False,540,2095,0,0.63819,1237,3,540
review_white,1.0,0.89993,0.89853,0.0,p_6a1e39958d4cc.jpg,False,540,2096,0,0.55247,1237,6,540
clean_white,1.0,0.93721,0.93643,0.0,p_6a1e399685c87.jpg,False,540,2097,1,0.52382,1238,1,540
clean_white,1.0,1.0,1.0,0.0,p_6a1e39968631d.jpg,False,540,2098,0,0.63819,1238,3,540
review_white,1.0,0.89993,0.89853,0.0,p_6a1e399686905.jpg,False,540,2099,0,0.55247,1238,6,540
clean_white,1.0,0.93721,0.93643,0.0,p_6a1e39978ada3.jpg,False,540,2100,1,0.52382,1239,1,540
clean_white,1.0,1.0,1.0,0.0,p_6a1e39978b50d.jpg,False,540,2101,0,0.63819,1239,3,540
review_white,1.0,0.89993,0.89853,0.0,p_6a1e39978bb5b.jpg,False,540,2102,0,0.55247,1239,6,540
clean_white,1.0,0.93721,0.93643,0.0,p_6a1e399890bd0.jpg,False,540,2103,1,0.52382,1240,1,540
clean_white,1.0,1.0,1.0,0.0,p_6a1e399891219.jpg,False,540,2104,0,0.63819,1240,3,540
review_white,1.0,0.89993,0.89853,0.0,p_6a1e3998917b6.jpg,False,540,2105,0,0.55247,1240,6,540
clean_white,1.0,0.93721,0.93643,0.0,p_6a1e399996f2e.jpg,False,540,2106,1,0.52382,1241,1,540
clean_white,1.0,1.0,1.0,0.0,p_6a1e399997615.jpg,False,540,2107,0,0.63819,1241,3,540
review_white,1.0,0.89993,0.89853,0.0,p_6a1e399997c2b.jpg,False,540,2108,0,0.55247,1241,6,540
clean_white,1.0,0.93721,0.93643,0.0,p_6a1e399a9a80b.jpg,False,540,2109,1,0.52382,1242,1,540
clean_white,1.0,1.0,1.0,0.0,p_6a1e399a9ad58.jpg,False,540,2110,0,0.63819,1242,3,540
review_white,1.0,0.89993,0.89853,0.0,p_6a1e399a9b254.jpg,False,540,2111,0,0.55247,1242,6,540
clean_white,1.0,0.93721,0.93643,0.0,p_6a1e399ba6f2d.jpg,False,540,2112,1,0.52382,1243,1,540
clean_white,1.0,1.0,1.0,0.0,p_6a1e399ba7684.jpg,False,540,2113,0,0.63819,1243,3,540
review_white,1.0,0.89993,0.89853,0.0,p_6a1e399ba7cba.jpg,False,540,2114,0,0.55247,1243,6,540
clean_white,1.0,0.93721,0.93643,0.0,p_6a1e399cb0555.jpg,False,540,2115,1,0.52382,1244,1,540
clean_white,1.0,1.0,1.0,0.0,p_6a1e399cb0bfe.jpg,False,540,2116,0,0.63819,1244,3,540
review_white,1.0,0.89993,0.89853,0.0,p_6a1e399cb11fd.jpg,False,540,2117,0,0.55247,1244,6,540
clean_white,1.0,0.975,0.97287,0.0,p_6a1e399f4de35.jpg,False,540,2118,1,0.63701,1245,1,540
clean_white,1.0,1.0,1.0,0.0,p_6a1e399f4e5a8.jpg,False,540,2119,0,0.70447,1245,3,540
clean_white,1.0,0.93279,0.93129,0.0,p_6a1e399f4ebf8.jpg,False,540,2120,0,0.53964,1245,6,540
clean_white,1.0,0.93721,0.93643,0.0,p_6a1e39a05315b.jpg,False,540,2121,1,0.52382,1246,1,540
clean_white,1.0,1.0,1.0,0.0,p_6a1e39a053764.jpg,False,540,2122,0,0.63819,1246,3,540
review_white,1.0,0.89993,0.89853,0.0,p_6a1e39a053ecf.jpg,False,540,2123,0,0.55247,1246,6,540
clean_white,1.0,0.93721,0.93643,0.0,p_6a1e39a1b2e8a.jpg,False,540,2124,1,0.52382,1247,1,540
clean_white,1.0,1.0,1.0,0.0,p_6a1e39a1b354c.jpg,False,540,2125,0,0.63819,1247,3,540
review_white,1.0,0.89993,0.89853,0.0,p_6a1e39a1b3c3f.jpg,False,540,2126,0,0.55247,1247,6,540
clean_white,1.0,0.93721,0.93643,0.0,p_6a1e39a2bba0c.jpg,False,540,2127,1,0.52382,1248,1,540
clean_white,1.0,1.0,1.0,0.0,p_6a1e39a2bc0b4.jpg,False,540,2128,0,0.63819,1248,3,540
review_white,1.0,0.89993,0.89853,0.0,p_6a1e39a2bc886.jpg,False,540,2129,0,0.55247,1248,6,540
clean_white,1.0,0.93721,0.93643,0.0,p_6a1e39a3c2007.jpg,False,540,2130,1,0.52382,1249,1,540
clean_white,1.0,1.0,1.0,0.0,p_6a1e39a3c2b98.jpg,False,540,2131,0,0.63819,1249,3,540
review_white,1.0,0.89993,0.89853,0.0,p_6a1e39a3c31f5.jpg,False,540,2132,0,0.55247,1249,6,540
clean_white,1.0,0.93721,0.93643,0.0,p_6a1e39a4c9dad.jpg,False,540,2133,1,0.52382,1250,1,540
clean_white,1.0,1.0,1.0,0.0,p_6a1e39a4ca453.jpg,False,540,2134,0,0.63819,1250,3,540
review_white,1.0,0.89993,0.89853,0.0,p_6a1e39a4ca9e7.jpg,False,540,2135,0,0.55247,1250,6,540
clean_white,1.0,0.93721,0.93643,0.0,p_6a1e39a5d6d23.jpg,False,540,2136,1,0.52382,1251,1,540
clean_white,1.0,1.0,1.0,0.0,p_6a1e39a5d72e1.jpg,False,540,2137,0,0.63819,1251,3,540
review_white,1.0,0.89993,0.89853,0.0,p_6a1e39a5d7897.jpg,False,540,2138,0,0.55247,1251,6,540
clean_white,1.0,0.93721,0.93643,0.0,p_6a1e39a6f3f64.jpg,False,540,2139,1,0.52382,1252,1,540
clean_white,1.0,1.0,1.0,0.0,p_6a1e39a70030d.jpg,False,540,2140,0,0.63819,1252,3,540
review_white,1.0,0.89993,0.89853,0.0,p_6a1e39a700919.jpg,False,540,2141,0,0.55247,1252,6,540
clean_white,1.0,0.93721,0.93643,0.0,p_6a1e39a808bfe.jpg,False,540,2142,1,0.52382,1253,1,540
clean_white,1.0,1.0,1.0,0.0,p_6a1e39a8091b0.jpg,False,540,2143,0,0.63819,1253,3,540
review_white,1.0,0.89993,0.89853,0.0,p_6a1e39a8097e4.jpg,False,540,2144,0,0.55247,1253,6,540
clean_white,1.0,1.0,1.0,0.0,p_6a1e39aaab795.jpg,False,540,2145,1,0.85174,1254,1,540
clean_white,1.0,1.0,1.0,0.0,p_6a1e39aaabd88.jpg,False,540,2146,0,0.7518,1254,3,540
clean_white,1.0,0.95585,0.9546,0.0,p_6a1e39aaac3df.jpg,False,540,2147,0,0.84651,1254,6,540
clean_white,1.0,0.93721,0.93643,0.0,p_6a1e39ab5ea3c.jpg,False,540,2148,1,0.52382,1255,1,540
clean_white,1.0,1.0,1.0,0.0,p_6a1e39ab5f13b.jpg,False,540,2149,0,0.63819,1255,3,540
review_white,1.0,0.89993,0.89853,0.0,p_6a1e39ab5f837.jpg,False,540,2150,0,0.55247,1255,6,540
clean_white,1.0,0.93721,0.93643,0.0,p_6a1e39ac11c03.jpg,False,540,2151,1,0.52382,1256,1,540
clean_white,1.0,1.0,1.0,0.0,p_6a1e39ac1231f.jpg,False,540,2152,0,0.63819,1256,3,540
review_white,1.0,0.89993,0.89853,0.0,p_6a1e39ac12a6d.jpg,False,540,2153,0,0.55247,1256,6,540
clean_white,1.0,0.93721,0.93643,0.0,p_6a1e39acb6fa2.jpg,False,540,2154,1,0.52382,1257,1,540
clean_white,1.0,1.0,1.0,0.0,p_6a1e39acb75dc.jpg,False,540,2155,0,0.63819,1257,3,540
review_white,1.0,0.89993,0.89853,0.0,p_6a1e39acb7b57.jpg,False,540,2156,0,0.55247,1257,6,540
clean_white,1.0,0.93956,0.93897,0.0,p_6a1e39aedef01.jpg,False,540,2157,1,0.55232,1258,1,540
review_white,0.91088,0.98507,0.98371,0.0,p_6a1e39aedf66b.jpg,False,540,2158,0,0.64304,1258,3,540
clean_white,1.0,0.95526,0.95338,0.0,p_6a1e39aedfc2c.jpg,False,540,2159,0,0.84756,1258,6,540
clean_white,1.0,0.93721,0.93643,0.0,p_6a1e39af8b07e.jpg,False,540,2160,1,0.52382,1259,1,540
clean_white,1.0,1.0,1.0,0.0,p_6a1e39af8b5ea.jpg,False,540,2161,0,0.63819,1259,3,540
review_white,1.0,0.89993,0.89853,0.0,p_6a1e39af8bab0.jpg,False,540,2162,0,0.55247,1259,6,540
clean_white,1.0,0.93721,0.93643,0.0,p_6a1e39b034147.jpg,False,540,2163,1,0.52382,1260,1,540
clean_white,1.0,1.0,1.0,0.0,p_6a1e39b0347a2.jpg,False,540,2164,0,0.63819,1260,3,540
review_white,1.0,0.89993,0.89853,0.0,p_6a1e39b034c4a.jpg,False,540,2165,0,0.55247,1260,6,540
clean_white,1.0,1.0,1.0,0.0,p_6a1e39b228e27.jpg,False,540,2166,1,0.74888,1261,1,540
clean_white,1.0,1.0,1.0,0.0,p_6a1e39b22943f.jpg,False,540,2167,0,0.72039,1261,3,540
clean_white,1.0,1.0,1.0,0.0,p_6a1e39b229eee.jpg,False,540,2168,0,0.72044,1261,6,540
clean_white,1.0,0.93721,0.93643,0.0,p_6a1e39b32ca3a.jpg,False,540,2169,1,0.52382,1262,1,540
clean_white,1.0,1.0,1.0,0.0,p_6a1e39b32d22e.jpg,False,540,2170,0,0.63819,1262,3,540
review_white,1.0,0.89993,0.89853,0.0,p_6a1e39b32d8f2.jpg,False,540,2171,0,0.55247,1262,6,540
clean_white,1.0,0.93721,0.93643,0.0,p_6a1e39b42a049.jpg,False,540,2172,1,0.52382,1263,1,540
clean_white,1.0,1.0,1.0,0.0,p_6a1e39b42a78a.jpg,False,540,2173,0,0.63819,1263,3,540
review_white,1.0,0.89993,0.89853,0.0,p_6a1e39b42ae3d.jpg,False,540,2174,0,0.55247,1263,6,540
clean_white,1.0,0.93721,0.93643,0.0,p_6a1e39b57379f.jpg,False,540,2175,1,0.52382,1264,1,540
clean_white,1.0,1.0,1.0,0.0,p_6a1e39b574032.jpg,False,540,2176,0,0.63819,1264,3,540
review_white,1.0,0.89993,0.89853,0.0,p_6a1e39b574759.jpg,False,540,2177,0,0.55247,1264,6,540
clean_white,1.0,0.93721,0.93643,0.0,p_6a1e39b6bc842.jpg,False,540,2178,1,0.52382,1265,1,540
clean_white,1.0,1.0,1.0,0.0,p_6a1e39b6bcdae.jpg,False,540,2179,0,0.63819,1265,3,540
review_white,1.0,0.89993,0.89853,0.0,p_6a1e39b6bd358.jpg,False,540,2180,0,0.55247,1265,6,540
clean_white,1.0,1.0,1.0,0.0,p_6a1e39b921167.jpg,False,540,2181,1,0.97,1266,1,540
clean_white,1.0,1.0,1.0,0.0,p_6a1e39b9217be.jpg,False,540,2182,0,0.77758,1266,3,540
clean_white,1.0,1.0,1.0,0.0,p_6a1e39b921d47.jpg,False,540,2183,0,0.96957,1266,6,540
clean_white,1.0,0.93721,0.93643,0.0,p_6a1e39bad097c.jpg,False,540,2184,1,0.52382,1267,1,540
clean_white,1.0,1.0,1.0,0.0,p_6a1e39bad1025.jpg,False,540,2185,0,0.63819,1267,3,540
review_white,1.0,0.89993,0.89853,0.0,p_6a1e39bad16d3.jpg,False,540,2186,0,0.55247,1267,6,540
clean_white,1.0,0.93721,0.93643,0.0,p_6a1e39bbdd671.jpg,False,540,2187,1,0.52382,1268,1,540
clean_white,1.0,1.0,1.0,0.0,p_6a1e39bbddc99.jpg,False,540,2188,0,0.63819,1268,3,540
review_white,1.0,0.89993,0.89853,0.0,p_6a1e39bbde2f9.jpg,False,540,2189,0,0.55247,1268,6,540
clean_white,1.0,1.0,1.0,0.0,p_6a1e39bd46264.jpg,False,540,2190,1,0.92508,1269,1,540
clean_white,1.0,0.99033,0.98941,0.0,p_6a1e39bd469b3.jpg,False,540,2191,0,0.8163,1269,3,540
clean_white,1.0,1.0,1.0,0.0,p_6a1e39bd48460.jpg,False,540,2192,0,0.82264,1269,6,540
clean_white,1.0,0.93721,0.93643,0.0,p_6a1e39be963de.jpg,False,540,2193,1,0.52382,1270,1,540
clean_white,1.0,1.0,1.0,0.0,p_6a1e39be969da.jpg,False,540,2194,0,0.63819,1270,3,540
review_white,1.0,0.89993,0.89853,0.0,p_6a1e39be96f8b.jpg,False,540,2195,0,0.55247,1270,6,540
clean_white,1.0,0.93721,0.93643,0.0,p_6a1e39bfa04c2.jpg,False,540,2196,1,0.52382,1271,1,540
clean_white,1.0,1.0,1.0,0.0,p_6a1e39bfa0b1c.jpg,False,540,2197,0,0.63819,1271,3,540
review_white,1.0,0.89993,0.89853,0.0,p_6a1e39bfa149f.jpg,False,540,2198,0,0.55247,1271,6,540
clean_white,1.0,0.93721,0.93643,0.0,p_6a1e39c0a9f0f.jpg,False,540,2199,1,0.52382,1272,1,540
clean_white,1.0,1.0,1.0,0.0,p_6a1e39c0aa565.jpg,False,540,2200,0,0.63819,1272,3,540
review_white,1.0,0.89993,0.89853,0.0,p_6a1e39c0aab72.jpg,False,540,2201,0,0.55247,1272,6,540
clean_white,1.0,1.0,1.0,0.0,p_6a1e39c37ebdc.jpg,False,540,2202,1,0.89066,1273,1,540
clean_white,1.0,1.0,1.0,0.0,p_6a1e39c37f2ff.jpg,False,540,2203,0,0.96957,1273,3,540
clean_white,1.0,0.96018,0.95934,0.0,p_6a1e39c37f950.jpg,False,540,2204,0,0.57043,1273,6,540
clean_white,1.0,1.0,0.96452,0.0,p_6a1e39c5dfdd3.jpg,False,540,2205,1,0.7463,1274,1,540
clean_white,1.0,1.0,1.0,0.0,p_6a1e39c5e03fc.jpg,False,540,2206,0,0.83735,1274,3,540
clean_white,1.0,1.0,1.0,0.0,p_6a1e39c5e0c09.jpg,False,540,2207,0,0.66838,1274,6,540
clean_white,1.0,1.0,1.0,0.0,p_6a1e39c84e77d.jpg,False,540,2208,1,0.84113,1275,1,540
clean_white,1.0,1.0,1.0,0.0,p_6a1e39c84ee9b.jpg,False,540,2209,0,0.71922,1275,3,540
clean_white,1.0,0.99978,0.76324,0.0,p_6a1e39c84f3ce.jpg,False,540,2210,0,0.88272,1275,6,540
clean_white,1.0,0.93721,0.93643,0.0,p_6a1e39c94f9f2.jpg,False,540,2211,1,0.52382,1276,1,540
clean_white,1.0,1.0,1.0,0.0,p_6a1e39c94ffae.jpg,False,540,2212,0,0.63819,1276,3,540
review_white,1.0,0.89993,0.89853,0.0,p_6a1e39c950545.jpg,False,540,2213,0,0.55247,1276,6,540
clean_white,1.0,0.93721,0.93643,0.0,p_6a1e39caa86a0.jpg,False,540,2214,1,0.52382,1277,1,540
clean_white,1.0,1.0,1.0,0.0,p_6a1e39caa936b.jpg,False,540,2215,0,0.63819,1277,3,540
review_white,1.0,0.89993,0.89853,0.0,p_6a1e39caa9a29.jpg,False,540,2216,0,0.55247,1277,6,540
clean_white,1.0,0.93721,0.93643,0.0,p_6a1e39cbb4f6f.jpg,False,540,2217,1,0.52382,1278,1,540
clean_white,1.0,1.0,1.0,0.0,p_6a1e39cbb5561.jpg,False,540,2218,0,0.63819,1278,3,540
review_white,1.0,0.89993,0.89853,0.0,p_6a1e39cbb5ca2.jpg,False,540,2219,0,0.55247,1278,6,540
clean_white,1.0,0.93721,0.93643,0.0,p_6a1e39ccb6e16.jpg,False,540,2220,1,0.52382,1279,1,540
clean_white,1.0,1.0,1.0,0.0,p_6a1e39ccb747e.jpg,False,540,2221,0,0.63819,1279,3,540
review_white,1.0,0.89993,0.89853,0.0,p_6a1e39ccb8c1f.jpg,False,540,2222,0,0.55247,1279,6,540
clean_white,1.0,0.93721,0.93643,0.0,p_6a1e39cdbfa5b.jpg,False,540,2223,1,0.52382,1280,1,540
clean_white,1.0,1.0,1.0,0.0,p_6a1e39cdbfff2.jpg,False,540,2224,0,0.63819,1280,3,540
review_white,1.0,0.89993,0.89853,0.0,p_6a1e39cdc05ba.jpg,False,540,2225,0,0.55247,1280,6,540
clean_white,1.0,0.93721,0.93643,0.0,p_6a1e39cec1a0e.jpg,False,540,2226,1,0.52382,1281,1,540
clean_white,1.0,1.0,1.0,0.0,p_6a1e39cec21bd.jpg,False,540,2227,0,0.63819,1281,3,540
review_white,1.0,0.89993,0.89853,0.0,p_6a1e39cec277a.jpg,False,540,2228,0,0.55247,1281,6,540
clean_white,1.0,0.93721,0.93643,0.0,p_6a1e39cfcba8b.jpg,False,540,2229,1,0.52382,1282,1,540
clean_white,1.0,1.0,1.0,0.0,p_6a1e39cfcc200.jpg,False,540,2230,0,0.63819,1282,3,540
review_white,1.0,0.89993,0.89853,0.0,p_6a1e39cfcc8df.jpg,False,540,2231,0,0.55247,1282,6,540
clean_white,1.0,0.93721,0.93643,0.0,p_6a1e39d089223.jpg,False,540,2232,1,0.52382,1283,1,540
clean_white,1.0,1.0,1.0,0.0,p_6a1e39d089827.jpg,False,540,2233,0,0.63819,1283,3,540
review_white,1.0,0.89993,0.89853,0.0,p_6a1e39d089e4f.jpg,False,540,2234,0,0.55247,1283,6,540
clean_white,1.0,0.93721,0.93643,0.0,p_6a1e39d1862c9.jpg,False,540,2235,1,0.52382,1284,1,540
clean_white,1.0,1.0,1.0,0.0,p_6a1e39d186952.jpg,False,540,2236,0,0.63819,1284,3,540
review_white,1.0,0.89993,0.89853,0.0,p_6a1e39d186f78.jpg,False,540,2237,0,0.55247,1284,6,540
clean_white,1.0,0.93721,0.93643,0.0,p_6a1e39d28c72b.jpg,False,540,2238,1,0.52382,1285,1,540
clean_white,1.0,1.0,1.0,0.0,p_6a1e39d28ceaa.jpg,False,540,2239,0,0.63819,1285,3,540
review_white,1.0,0.89993,0.89853,0.0,p_6a1e39d28d5a7.jpg,False,540,2240,0,0.55247,1285,6,540
clean_white,1.0,0.93721,0.93643,0.0,p_6a1e39d39e845.jpg,False,540,2241,1,0.52382,1286,1,540
clean_white,1.0,1.0,1.0,0.0,p_6a1e39d39ee05.jpg,False,540,2242,0,0.63819,1286,3,540
review_white,1.0,0.89993,0.89853,0.0,p_6a1e39d39f2e9.jpg,False,540,2243,0,0.55247,1286,6,540
clean_white,1.0,1.0,1.0,0.0,p_6a1e39d44ab60.jpg,False,540,2244,1,0.9831,1287,1,540
clean_white,1.0,1.0,1.0,0.0,p_6a1e39d44b114.jpg,False,540,2245,0,0.9735,1287,3,540
clean_white,1.0,1.0,1.0,0.0,p_6a1e39d44b6b6.jpg,False,540,2246,0,0.97748,1287,6,540
clean_white,1.0,1.0,1.0,0.0,p_6a1e39d4e8c60.jpg,False,540,2247,1,0.9831,1288,1,540
clean_white,1.0,1.0,1.0,0.0,p_6a1e39d4e9215.jpg,False,540,2248,0,0.9735,1288,3,540
clean_white,1.0,1.0,1.0,0.0,p_6a1e39d4e97ae.jpg,False,540,2249,0,0.97748,1288,6,540
clean_white,1.0,1.0,1.0,0.0,p_6a1e39d5954c5.jpg,False,540,2250,1,0.9831,1289,1,540
clean_white,1.0,1.0,1.0,0.0,p_6a1e39d595b57.jpg,False,540,2251,0,0.9735,1289,3,540
clean_white,1.0,1.0,1.0,0.0,p_6a1e39d5960b4.jpg,False,540,2252,0,0.97748,1289,6,540
clean_white,1.0,1.0,1.0,0.0,p_6a1e39d644d74.jpg,False,540,2253,1,0.9831,1290,1,540
clean_white,1.0,1.0,1.0,0.0,p_6a1e39d6454f1.jpg,False,540,2254,0,0.9735,1290,3,540
clean_white,1.0,1.0,1.0,0.0,p_6a1e39d645b5f.jpg,False,540,2255,0,0.97748,1290,6,540
clean_white,1.0,1.0,1.0,0.0,p_6a1e39d72323d.jpg,False,540,2256,1,0.9831,1291,1,540
clean_white,1.0,1.0,1.0,0.0,p_6a1e39d723c5b.jpg,False,540,2257,0,0.9735,1291,3,540
clean_white,1.0,1.0,1.0,0.0,p_6a1e39d724398.jpg,False,540,2258,0,0.97748,1291,6,540
clean_white,1.0,1.0,1.0,0.0,p_6a1e39d8201d3.jpg,False,540,2259,1,0.9831,1292,1,540
clean_white,1.0,1.0,1.0,0.0,p_6a1e39d8207ee.jpg,False,540,2260,0,0.9735,1292,3,540
clean_white,1.0,1.0,1.0,0.0,p_6a1e39d820eae.jpg,False,540,2261,0,0.97748,1292,6,540
clean_white,1.0,1.0,1.0,0.0,p_6a1e39d8be5cd.jpg,False,540,2262,1,0.9831,1293,1,540
clean_white,1.0,1.0,1.0,0.0,p_6a1e39d8bed40.jpg,False,540,2263,0,0.9735,1293,3,540
clean_white,1.0,1.0,1.0,0.0,p_6a1e39d8bf430.jpg,False,540,2264,0,0.97748,1293,6,540
review_white,1.0,0.80592,0.6471,0.0,p_6a1e39dae54a2.jpg,False,540,2265,1,0.56789,1294,1,540
clean_white,1.0,1.0,1.0,0.0,p_6a1e39dae5b01.jpg,False,540,2266,0,0.98404,1294,3,540
clean_white,1.0,1.0,1.0,0.0,p_6a1e39dae61d6.jpg,False,540,2267,0,0.88807,1294,6,540
clean_white,1.0,1.0,1.0,0.0,p_6a1e39db9697c.jpg,False,540,2268,1,0.9831,1295,1,540
clean_white,1.0,1.0,1.0,0.0,p_6a1e39db96fd3.jpg,False,540,2269,0,0.9735,1295,3,540
clean_white,1.0,1.0,1.0,0.0,p_6a1e39db9761f.jpg,False,540,2270,0,0.97748,1295,6,540
clean_white,1.0,1.0,1.0,0.0,p_6a1e39dc3f555.jpg,False,540,2271,1,0.9831,1296,1,540
clean_white,1.0,1.0,1.0,0.0,p_6a1e39dc3fc11.jpg,False,540,2272,0,0.9735,1296,3,540
clean_white,1.0,1.0,1.0,0.0,p_6a1e39dc40191.jpg,False,540,2273,0,0.97748,1296,6,540
clean_white,1.0,1.0,1.0,0.0,p_6a1e39dce1cbb.jpg,False,540,2274,1,0.9831,1297,1,540
clean_white,1.0,1.0,1.0,0.0,p_6a1e39dce22a6.jpg,False,540,2275,0,0.9735,1297,3,540
clean_white,1.0,1.0,1.0,0.0,p_6a1e39dce285b.jpg,False,540,2276,0,0.97748,1297,6,540
clean_white,1.0,1.0,1.0,0.0,p_6a1e39dd8bc82.jpg,False,540,2277,1,0.9831,1298,1,540
clean_white,1.0,1.0,1.0,0.0,p_6a1e39dd8c297.jpg,False,540,2278,0,0.9735,1298,3,540
clean_white,1.0,1.0,1.0,0.0,p_6a1e39dd8c98e.jpg,False,540,2279,0,0.97748,1298,6,540
clean_white,1.0,1.0,1.0,0.0,p_6a1e39de3af6e.jpg,False,540,2280,1,0.9831,1299,1,540
clean_white,1.0,1.0,1.0,0.0,p_6a1e39de3b55c.jpg,False,540,2281,0,0.9735,1299,3,540
clean_white,1.0,1.0,1.0,0.0,p_6a1e39de3bbf2.jpg,False,540,2282,0,0.97748,1299,6,540
clean_white,1.0,1.0,1.0,0.0,p_6a1e39dedc9d7.jpg,False,540,2283,1,0.9831,1300,1,540
clean_white,1.0,1.0,1.0,0.0,p_6a1e39dedcfcf.jpg,False,540,2284,0,0.9735,1300,3,540
clean_white,1.0,1.0,1.0,0.0,p_6a1e39dedd586.jpg,False,540,2285,0,0.97748,1300,6,540
clean_white,1.0,1.0,1.0,0.0,p_6a1e39df8be22.jpg,False,540,2286,1,0.9831,1301,1,540
clean_white,1.0,1.0,1.0,0.0,p_6a1e39df8c46f.jpg,False,540,2287,0,0.9735,1301,3,540
clean_white,1.0,1.0,1.0,0.0,p_6a1e39df8cb61.jpg,False,540,2288,0,0.97748,1301,6,540
clean_white,1.0,1.0,1.0,0.0,p_6a1e39e036364.jpg,False,540,2289,1,0.9831,1302,1,540
clean_white,1.0,1.0,1.0,0.0,p_6a1e39e036c32.jpg,False,540,2290,0,0.9735,1302,3,540
clean_white,1.0,1.0,1.0,0.0,p_6a1e39e037239.jpg,False,540,2291,0,0.97748,1302,6,540
clean_white,1.0,1.0,1.0,0.0,p_6a1e39e0d7385.jpg,False,540,2292,1,0.9831,1303,1,540
clean_white,1.0,1.0,1.0,0.0,p_6a1e39e0d7be1.jpg,False,540,2293,0,0.9735,1303,3,540
clean_white,1.0,1.0,1.0,0.0,p_6a1e39e0d88f4.jpg,False,540,2294,0,0.97748,1303,6,540
clean_white,1.0,1.0,1.0,0.0,p_6a1e39e183fbb.jpg,False,540,2295,1,0.9831,1304,1,540
clean_white,1.0,1.0,1.0,0.0,p_6a1e39e18479b.jpg,False,540,2296,0,0.9735,1304,3,540
clean_white,1.0,1.0,1.0,0.0,p_6a1e39e184da3.jpg,False,540,2297,0,0.97748,1304,6,540
clean_white,1.0,1.0,1.0,0.0,p_6a1e39e22d96e.jpg,False,540,2298,1,0.9831,1305,1,540
clean_white,1.0,1.0,1.0,0.0,p_6a1e39e22e198.jpg,False,540,2299,0,0.9735,1305,3,540
clean_white,1.0,1.0,1.0,0.0,p_6a1e39e22ea05.jpg,False,540,2300,0,0.97748,1305,6,540
clean_white,1.0,1.0,1.0,0.0,p_6a1e39e36a9fe.jpg,False,540,2301,1,0.9831,1306,1,540
clean_white,1.0,1.0,1.0,0.0,p_6a1e39e36b043.jpg,False,540,2302,0,0.9735,1306,3,540
clean_white,1.0,1.0,1.0,0.0,p_6a1e39e36b639.jpg,False,540,2303,0,0.97748,1306,6,540
clean_white,1.0,1.0,1.0,0.0,p_6a1e39e46b96c.jpg,False,540,2304,1,0.9831,1307,1,540
clean_white,1.0,1.0,1.0,0.0,p_6a1e39e46bf96.jpg,False,540,2305,0,0.9735,1307,3,540
clean_white,1.0,1.0,1.0,0.0,p_6a1e39e46c5ab.jpg,False,540,2306,0,0.97748,1307,6,540
clean_white,1.0,1.0,1.0,0.0,p_6a1e39e51b83f.jpg,False,540,2307,1,0.9831,1308,1,540
clean_white,1.0,1.0,1.0,0.0,p_6a1e39e51be98.jpg,False,540,2308,0,0.9735,1308,3,540
clean_white,1.0,1.0,1.0,0.0,p_6a1e39e51c48c.jpg,False,540,2309,0,0.97748,1308,6,540
clean_white,1.0,1.0,1.0,0.0,p_6a1e39e5bc661.jpg,False,540,2310,1,0.9831,1309,1,540
clean_white,1.0,1.0,1.0,0.0,p_6a1e39e5bcc2a.jpg,False,540,2311,0,0.9735,1309,3,540
clean_white,1.0,1.0,1.0,0.0,p_6a1e39e5bd0f9.jpg,False,540,2312,0,0.97748,1309,6,540
clean_white,1.0,0.99184,0.99077,0.0,p_6a1e39e6683f7.jpg,False,540,2313,1,0.79576,1310,1,540
clean_white,1.0,0.99169,0.99114,0.0,p_6a1e39e6688b8.jpg,False,540,2314,0,0.63782,1310,3,540
clean_white,1.0,1.0,1.0,0.0,p_6a1e39e668f10.jpg,False,540,2315,0,0.75032,1310,6,540
needs_background,0.00521,0.00125,0.0,0.0,p_6a1ffd0d74942.png,False,500,2316,1,0.00053,1311,1,500
needs_background,0.0,0.0,0.0,0.0,p_6a1ffd0d74feb.png,True,431,2317,0,5e-05,1311,3,575
needs_background,0.0,0.0,0.0,0.0,p_6a1ffd0d7563b.png,True,451,2318,0,0.00017,1311,6,540
clean_white,1.0,0.99184,0.99077,0.0,p_6a1e39e7b7b23.jpg,False,540,2319,1,0.79576,1312,1,540
clean_white,1.0,0.99169,0.99114,0.0,p_6a1e39e7b808d.jpg,False,540,2320,0,0.63782,1312,3,540
clean_white,1.0,1.0,1.0,0.0,p_6a1e39e7b85a4.jpg,False,540,2321,0,0.75032,1312,6,540
clean_white,1.0,0.99184,0.99077,0.0,p_6a1e39e8641e3.jpg,False,540,2322,1,0.79576,1313,1,540
clean_white,1.0,0.99169,0.99114,0.0,p_6a1e39e8647f0.jpg,False,540,2323,0,0.63782,1313,3,540
clean_white,1.0,1.0,1.0,0.0,p_6a1e39e864ea4.jpg,False,540,2324,0,0.75032,1313,6,540
clean_white,1.0,0.99184,0.99077,0.0,p_6a1e39e90fbfb.jpg,False,540,2325,1,0.79576,1314,1,540
clean_white,1.0,0.99169,0.99114,0.0,p_6a1e39e910275.jpg,False,540,2326,0,0.63782,1314,3,540
clean_white,1.0,1.0,1.0,0.0,p_6a1e39e91093c.jpg,False,540,2327,0,0.75032,1314,6,540
clean_white,1.0,0.99184,0.99077,0.0,p_6a1e39e9b22fb.jpg,False,540,2328,1,0.79576,1315,1,540
clean_white,1.0,0.99169,0.99114,0.0,p_6a1e39e9b29e7.jpg,False,540,2329,0,0.63782,1315,3,540
clean_white,1.0,1.0,1.0,0.0,p_6a1e39e9b2fce.jpg,False,540,2330,0,0.75032,1315,6,540
clean_white,1.0,0.99184,0.99077,0.0,p_6a1e39ea63012.jpg,False,540,2331,1,0.79576,1316,1,540
clean_white,1.0,0.99169,0.99114,0.0,p_6a1e39ea636ce.jpg,False,540,2332,0,0.63782,1316,3,540
clean_white,1.0,1.0,1.0,0.0,p_6a1e39ea63d28.jpg,False,540,2333,0,0.75032,1316,6,540
clean_white,1.0,0.99184,0.99077,0.0,p_6a1e39eb0ef46.jpg,False,540,2334,1,0.79576,1317,1,540
clean_white,1.0,0.99169,0.99114,0.0,p_6a1e39eb0f5d4.jpg,False,540,2335,0,0.63782,1317,3,540
clean_white,1.0,1.0,1.0,0.0,p_6a1e39eb0fb66.jpg,False,540,2336,0,0.75032,1317,6,540
clean_white,1.0,0.99184,0.99077,0.0,p_6a1e39ebb3a6c.jpg,False,540,2337,1,0.79576,1318,1,540
clean_white,1.0,0.99169,0.99114,0.0,p_6a1e39ebb4104.jpg,False,540,2338,0,0.63782,1318,3,540
clean_white,1.0,1.0,1.0,0.0,p_6a1e39ebb4797.jpg,False,540,2339,0,0.75032,1318,6,540
clean_white,1.0,1.0,1.0,0.0,p_6a1ff38151736.jpg,False,800,2340,1,0.82715,1319,1,800
clean_white,1.0,1.0,1.0,0.0,p_6a1ff38152311.jpg,False,800,2341,0,0.64999,1319,3,800
clean_white,1.0,1.0,1.0,0.0,p_6a1ff38152882.jpg,False,800,2342,0,0.73521,1319,6,800
clean_white,1.0,0.99603,0.99566,0.0,p_6a1ff38153030.jpg,False,800,2343,0,0.57357,1319,10,800
needs_background,0.75,0.73765,0.73706,0.0,p_6a1ff381535e5.jpg,False,800,2344,0,0.50197,1319,15,800
needs_background,0.04244,0.08726,0.0,0.0,p_6a1fefacdaf84.png,True,544,2345,1,0.07147,1320,1,545
needs_background,0.0,0.04899,0.0,0.0,p_6a1fefacdb716.png,True,545,2346,0,0.01962,1320,3,503
needs_background,0.0,0.0224,8e-05,0.0,p_6a1fefacdbcd5.png,True,536,2347,0,0.0111,1320,6,552
needs_background,0.0,0.00013,0.0,0.0,p_6a1fec682417c.png,True,367,2348,1,0.00075,1321,1,549
needs_background,0.0,0.0,0.0,0.0,p_6a1fec682488c.png,True,435,2349,0,0.00036,1321,3,509
needs_background,0.00184,0.00039,0.0,0.0,p_6a1fec6824f4a.png,True,528,2350,0,0.0002,1321,6,509
clean_white,1.0,0.96691,0.96562,0.0,p_6a1fea74e46ca.jpg,False,800,2351,1,0.67625,1322,1,800
clean_white,1.0,0.96525,0.96389,0.0,p_6a1fea74e4cfa.png,True,420,2352,0,0.35636,1322,3,501
clean_white,1.0,0.97265,0.97155,0.0,p_6a1fea74e52c1.png,True,412,2353,0,0.33864,1322,6,500
needs_background,0.08948,0.0153,0.0,0.0,p_6a1fe89c86bf7.png,True,404,2354,1,0.00289,1323,1,499
needs_background,0.09357,0.03752,0.00048,0.0,p_6a1fe89c872eb.png,True,402,2355,0,0.01035,1323,3,557
needs_background,0.62513,0.45465,0.28031,0.0,p_6a1fe89c87a61.png,True,474,2356,0,0.14897,1323,6,553
clean_white,1.0,0.99184,0.99077,0.0,p_6a1e39f569a68.jpg,False,540,2357,1,0.79576,1324,1,540
clean_white,1.0,0.99169,0.99114,0.0,p_6a1e39f56a3c1.jpg,False,540,2358,0,0.63782,1324,3,540
clean_white,1.0,1.0,1.0,0.0,p_6a1e39f56a969.jpg,False,540,2359,0,0.75032,1324,6,540
needs_background,0.0,0.0,0.0,0.0,p_6a1fddd8ca5c3.jpg,False,1280,2360,1,0.0,1325,1,960
needs_background,0.0,0.0,0.0,0.0,p_6a1fddd8cac06.jpg,False,960,2361,0,0.00318,1325,3,1280
needs_background,0.0,0.0,0.0,0.0,p_6a1fdcaa66abd.png,True,382,2362,1,0.00295,1326,1,523
needs_background,0.01818,0.01544,0.01533,0.0,p_6a1fdcaa670f4.png,True,441,2363,0,0.00312,1326,3,565
needs_background,0.0096,0.0325,6e-05,0.0,p_6a1fdcaa67746.png,True,411,2364,0,0.00962,1326,6,542
clean_white,1.0,0.99184,0.99077,0.0,p_6a1e39f7cea9f.jpg,False,540,2365,1,0.79576,1327,1,540
clean_white,1.0,0.99169,0.99114,0.0,p_6a1e39f7cf0a1.jpg,False,540,2366,0,0.63782,1327,3,540
clean_white,1.0,1.0,1.0,0.0,p_6a1e39f7cf70f.jpg,False,540,2367,0,0.75032,1327,6,540
clean_white,1.0,0.99184,0.99077,0.0,p_6a1e39f87953e.jpg,False,540,2368,1,0.79576,1328,1,540
clean_white,1.0,0.99169,0.99114,0.0,p_6a1e39f879c54.jpg,False,540,2369,0,0.63782,1328,3,540
clean_white,1.0,1.0,1.0,0.0,p_6a1e39f87a3c8.jpg,False,540,2370,0,0.75032,1328,6,540
review_white,1.0,0.86717,0.8143,0.0,p_6a1e39fa94381.jpg,False,540,2371,1,0.42918,1329,1,540
clean_white,1.0,0.95974,0.95254,0.0,p_6a1e39fa94fa8.jpg,False,540,2372,0,0.72662,1329,6,540
clean_white,1.0,1.0,1.0,0.0,p_6a1fd97e7bc17.png,False,669,2373,0,0.66414,1329,7,669
needs_background,0.5,0.2288,0.0,0.0,p_6a1fd89cbe9ce.png,True,328,2374,1,0.14386,1330,1,510
needs_background,0.1875,0.15962,6e-05,0.0,p_6a1fd89cbf04e.png,True,363,2375,0,0.04825,1330,3,506
needs_background,0.00765,0.0025,0.0002,0.0,p_6a1fd89cbf5a4.png,True,367,2376,0,0.01442,1330,6,464
clean_white,1.0,0.93904,0.93824,0.0,p_6a1fd53a76869.jpg,False,640,2377,1,0.47927,1331,1,640
needs_background,0.5,0.44179,0.44045,0.0,p_6a1fd53a77083.png,True,437,2378,0,0.22715,1331,3,528
needs_background,1.0,0.7075,0.70565,0.0,p_6a1fd53a77773.png,True,437,2379,0,0.37578,1331,6,529
clean_white,1.0,1.0,1.0,0.0,p_6a1fd19bdb04f.png,True,300,2380,1,0.97239,1332,1,400
clean_white,1.0,0.9535,0.95028,0.0,p_6a1fd19bdb7ad.png,False,300,2381,0,0.66986,1332,3,400
clean_white,1.0,1.0,1.0,0.0,quat-dan-lanh-toyota-vios-2008-2018-denso.jpg,False,1000,2382,1,0.54157,1333,1,1000
clean_white,0.99931,0.9557,0.95443,0.0,quat-dan-lanh-toyota-vios-2008-2018-denso-1.png,True,545,2383,0,0.40769,1333,3,499
clean_white,1.0,0.96993,0.96916,0.0,quat-dan-lanh-toyota-vios-2008-2018-denso.png,True,515,2384,0,0.38553,1333,6,509
needs_background,0.0,0.0,0.0,0.0,p_6a1f97de958af.jpg,False,500,2385,1,8e-05,1334,1,500
needs_background,0.0,0.0,0.0,0.0,p_6a1f97de95f6a.jpg,False,500,2386,0,2e-05,1334,3,500
clean_white,1.0,1.0,1.0,0.0,p_6a1e39ff69c7e.jpg,False,540,2387,1,0.88428,1335,1,540
clean_white,1.0,1.0,1.0,0.0,p_6a1e39ff6a228.jpg,False,540,2388,0,0.91756,1335,3,540
clean_white,1.0,1.0,1.0,0.0,p_6a1e39ff6a871.jpg,False,540,2389,0,0.97275,1335,6,540
clean_white,1.0,1.0,1.0,0.0,p_6a1e3a005cd3a.jpg,False,540,2390,1,0.88428,1336,1,540
clean_white,1.0,1.0,1.0,0.0,p_6a1e3a005d388.jpg,False,540,2391,0,0.91756,1336,3,540
clean_white,1.0,1.0,1.0,0.0,p_6a1e3a005d927.jpg,False,540,2392,0,0.97275,1336,6,540
clean_white,1.0,1.0,1.0,0.0,p_6a1e3a020040b.jpg,False,540,2393,1,0.88428,1337,1,540
clean_white,1.0,1.0,1.0,0.0,p_6a1e3a0200c8d.jpg,False,540,2394,0,0.91756,1337,3,540
clean_white,1.0,1.0,1.0,0.0,p_6a1e3a02012c4.jpg,False,540,2395,0,0.97275,1337,6,540
clean_white,1.0,1.0,1.0,0.0,p_6a1e3a02e214b.jpg,False,540,2396,1,0.88428,1338,1,540
clean_white,1.0,1.0,1.0,0.0,p_6a1e3a02e2783.jpg,False,540,2397,0,0.91756,1338,3,540
clean_white,1.0,1.0,1.0,0.0,p_6a1e3a02e2d93.jpg,False,540,2398,0,0.97275,1338,6,540
clean_white,1.0,1.0,1.0,0.0,p_6a1e3a03d3045.jpg,False,540,2399,1,0.88428,1339,1,540
clean_white,1.0,1.0,1.0,0.0,p_6a1e3a03d3704.jpg,False,540,2400,0,0.91756,1339,3,540
clean_white,1.0,1.0,1.0,0.0,p_6a1e3a03d3dac.jpg,False,540,2401,0,0.97275,1339,6,540
clean_white,1.0,1.0,1.0,0.0,p_6a1e3a056d248.jpg,False,540,2402,1,0.88428,1340,1,540
clean_white,1.0,1.0,1.0,0.0,p_6a1e3a056d8ff.jpg,False,540,2403,0,0.91756,1340,3,540
clean_white,1.0,1.0,1.0,0.0,p_6a1e3a056deb9.jpg,False,540,2404,0,0.97275,1340,6,540
clean_white,1.0,1.0,1.0,0.0,p_6a1e3a0651a6f.jpg,False,540,2405,1,0.88428,1341,1,540
clean_white,1.0,1.0,1.0,0.0,p_6a1e3a06520d9.jpg,False,540,2406,0,0.91756,1341,3,540
clean_white,1.0,1.0,1.0,0.0,p_6a1e3a06526f0.jpg,False,540,2407,0,0.97275,1341,6,540
clean_white,1.0,1.0,1.0,0.0,p_6a1e3a08aa31c.jpg,False,540,2408,1,0.84856,1342,1,540
clean_white,1.0,1.0,1.0,0.0,p_6a1e3a08aa941.jpg,False,540,2409,0,0.72563,1342,3,540
clean_white,1.0,1.0,1.0,0.0,p_6a1e3a08aaf9a.jpg,False,540,2410,0,0.89965,1342,6,540
clean_white,1.0,1.0,1.0,0.0,p_6a1e3a098feb7.jpg,False,540,2411,1,0.88428,1343,1,540
clean_white,1.0,1.0,1.0,0.0,p_6a1e3a09905e6.jpg,False,540,2412,0,0.91756,1343,3,540
clean_white,1.0,1.0,1.0,0.0,p_6a1e3a0990bff.jpg,False,540,2413,0,0.97275,1343,6,540
clean_white,1.0,1.0,1.0,0.0,p_6a1e3a0a80ccc.jpg,False,540,2414,1,0.88428,1344,1,540
clean_white,1.0,1.0,1.0,0.0,p_6a1e3a0a813ac.jpg,False,540,2415,0,0.91756,1344,3,540
clean_white,1.0,1.0,1.0,0.0,p_6a1e3a0a81a72.jpg,False,540,2416,0,0.97275,1344,6,540
clean_white,1.0,1.0,1.0,0.0,p_6a1e3a0d02c48.jpg,False,540,2417,1,0.86535,1345,1,540
clean_white,1.0,1.0,1.0,0.0,p_6a1e3a0d03327.jpg,False,540,2418,0,0.82114,1345,3,540
clean_white,1.0,1.0,1.0,0.0,p_6a1e3a0d038bd.jpg,False,540,2419,0,0.88379,1345,6,540
clean_white,1.0,1.0,1.0,0.0,p_6a1e3a0ddfb67.jpg,False,540,2420,1,0.88428,1346,1,540
clean_white,1.0,1.0,1.0,0.0,p_6a1e3a0de00ba.jpg,False,540,2421,0,0.91756,1346,3,540
clean_white,1.0,1.0,1.0,0.0,p_6a1e3a0de0583.jpg,False,540,2422,0,0.97275,1346,6,540
clean_white,1.0,1.0,1.0,0.0,p_6a1e3a0ed3069.jpg,False,540,2423,1,0.88428,1347,1,540
clean_white,1.0,1.0,1.0,0.0,p_6a1e3a0ed35ef.jpg,False,540,2424,0,0.91756,1347,3,540
clean_white,1.0,1.0,1.0,0.0,p_6a1e3a0ed3d15.jpg,False,540,2425,0,0.97275,1347,6,540
clean_white,1.0,1.0,1.0,0.0,p_6a1e3a0fcaa8b.jpg,False,540,2426,1,0.88428,1348,1,540
clean_white,1.0,1.0,1.0,0.0,p_6a1e3a0fcb209.jpg,False,540,2427,0,0.91756,1348,3,540
clean_white,1.0,1.0,1.0,0.0,p_6a1e3a0fcb7db.jpg,False,540,2428,0,0.97275,1348,6,540
clean_white,1.0,1.0,1.0,0.0,p_6a1e3a10b6d09.jpg,False,540,2429,1,0.88428,1349,1,540
clean_white,1.0,1.0,1.0,0.0,p_6a1e3a10b7256.jpg,False,540,2430,0,0.91756,1349,3,540
clean_white,1.0,1.0,1.0,0.0,p_6a1e3a10b7896.jpg,False,540,2431,0,0.97275,1349,6,540
clean_white,1.0,1.0,1.0,0.0,p_6a1e3a11a071f.jpg,False,540,2432,1,0.88428,1350,1,540
clean_white,1.0,1.0,1.0,0.0,p_6a1e3a11a0dc6.jpg,False,540,2433,0,0.91756,1350,3,540
clean_white,1.0,1.0,1.0,0.0,p_6a1e3a11a134b.jpg,False,540,2434,0,0.97275,1350,6,540
clean_white,1.0,1.0,1.0,0.0,p_6a1e3a12924b2.jpg,False,540,2435,1,0.88428,1351,1,540
clean_white,1.0,1.0,1.0,0.0,p_6a1e3a1292b21.jpg,False,540,2436,0,0.91756,1351,3,540
clean_white,1.0,1.0,1.0,0.0,p_6a1e3a12930c9.jpg,False,540,2437,0,0.97275,1351,6,540
clean_white,1.0,1.0,1.0,0.0,p_6a1e3a13d7ac8.jpg,False,540,2438,1,0.88428,1352,1,540
clean_white,1.0,1.0,1.0,0.0,p_6a1e3a13d827d.jpg,False,540,2439,0,0.91756,1352,3,540
clean_white,1.0,1.0,1.0,0.0,p_6a1e3a13d885d.jpg,False,540,2440,0,0.97275,1352,6,540
clean_white,1.0,1.0,1.0,0.0,p_6a1e3a14cd090.jpg,False,540,2441,1,0.88428,1353,1,540
clean_white,1.0,1.0,1.0,0.0,p_6a1e3a14cd784.jpg,False,540,2442,0,0.91756,1353,3,540
clean_white,1.0,1.0,1.0,0.0,p_6a1e3a14cddb5.jpg,False,540,2443,0,0.97275,1353,6,540
clean_white,1.0,1.0,1.0,0.0,p_6a1e3a15bc300.jpg,False,540,2444,1,0.88428,1354,1,540
clean_white,1.0,1.0,1.0,0.0,p_6a1e3a15bc986.jpg,False,540,2445,0,0.91756,1354,3,540
clean_white,1.0,1.0,1.0,0.0,p_6a1e3a15bd06e.jpg,False,540,2446,0,0.97275,1354,6,540
clean_white,1.0,1.0,1.0,0.0,p_6a1e3a17701d1.jpg,False,540,2447,1,0.88428,1355,1,540
clean_white,1.0,1.0,1.0,0.0,p_6a1e3a17708f9.jpg,False,540,2448,0,0.91756,1355,3,540
clean_white,1.0,1.0,1.0,0.0,p_6a1e3a1770e96.jpg,False,540,2449,0,0.97275,1355,6,540
clean_white,1.0,1.0,1.0,0.0,p_6a1e3a185b888.jpg,False,540,2450,1,0.88428,1356,1,540
clean_white,1.0,1.0,1.0,0.0,p_6a1e3a185be73.jpg,False,540,2451,0,0.91756,1356,3,540
clean_white,1.0,1.0,1.0,0.0,p_6a1e3a185c62d.jpg,False,540,2452,0,0.97275,1356,6,540
clean_white,1.0,1.0,1.0,0.0,p_6a1e3a1944a26.jpg,False,540,2453,1,0.88428,1357,1,540
clean_white,1.0,1.0,1.0,0.0,p_6a1e3a19450fe.jpg,False,540,2454,0,0.91756,1357,3,540
clean_white,1.0,1.0,1.0,0.0,p_6a1e3a1945846.jpg,False,540,2455,0,0.97275,1357,6,540
clean_white,1.0,1.0,1.0,0.0,p_6a1e3a1a36165.jpg,False,540,2456,1,0.88428,1358,1,540
clean_white,1.0,1.0,1.0,0.0,p_6a1e3a1a36964.jpg,False,540,2457,0,0.91756,1358,3,540
clean_white,1.0,1.0,1.0,0.0,p_6a1e3a1a370de.jpg,False,540,2458,0,0.97275,1358,6,540
clean_white,1.0,1.0,1.0,0.0,p_6a1e3a1bc65b5.jpg,False,540,2459,1,0.88428,1359,1,540
clean_white,1.0,1.0,1.0,0.0,p_6a1e3a1bc6d79.jpg,False,540,2460,0,0.91756,1359,3,540
clean_white,1.0,1.0,1.0,0.0,p_6a1e3a1bc74b5.jpg,False,540,2461,0,0.97275,1359,6,540
clean_white,1.0,0.9996,0.99949,0.0,p_6a1e3a1cb80b4.jpg,False,540,2462,1,0.97228,1360,1,540
clean_white,1.0,0.99184,0.99077,0.0,p_6a1e3a1cb85f5.jpg,False,540,2463,0,0.79576,1360,3,540
clean_white,1.0,1.0,1.0,0.0,p_6a1e3a1cb8bdd.jpg,False,540,2464,0,0.88428,1360,6,540
clean_white,1.0,0.9996,0.99949,0.0,p_6a1e3a1da38f8.jpg,False,540,2465,1,0.97228,1361,1,540
clean_white,1.0,0.99184,0.99077,0.0,p_6a1e3a1da3f64.jpg,False,540,2466,0,0.79576,1361,3,540
clean_white,1.0,1.0,1.0,0.0,p_6a1e3a1da4469.jpg,False,540,2467,0,0.88428,1361,6,540
clean_white,1.0,0.9996,0.99949,0.0,p_6a1e3a1e8e390.jpg,False,540,2468,1,0.97228,1362,1,540
clean_white,1.0,0.99184,0.99077,0.0,p_6a1e3a1e8e999.jpg,False,540,2469,0,0.79576,1362,3,540
clean_white,1.0,1.0,1.0,0.0,p_6a1e3a1e8eefd.jpg,False,540,2470,0,0.88428,1362,6,540
clean_white,1.0,0.9996,0.99949,0.0,p_6a1e3a1f7da11.jpg,False,540,2471,1,0.97228,1363,1,540
clean_white,1.0,0.99184,0.99077,0.0,p_6a1e3a1f7e041.jpg,False,540,2472,0,0.79576,1363,3,540
clean_white,1.0,1.0,1.0,0.0,p_6a1e3a1f7e815.jpg,False,540,2473,0,0.88428,1363,6,540
clean_white,1.0,0.9996,0.99949,0.0,p_6a1e3a20a9c38.jpg,False,540,2474,1,0.97228,1364,1,540
clean_white,1.0,0.99184,0.99077,0.0,p_6a1e3a20aa36b.jpg,False,540,2475,0,0.79576,1364,3,540
clean_white,1.0,1.0,1.0,0.0,p_6a1e3a20aaaef.jpg,False,540,2476,0,0.88428,1364,6,540
clean_white,1.0,0.9996,0.99949,0.0,p_6a1e3a218f0d5.jpg,False,540,2477,1,0.97228,1365,1,540
clean_white,1.0,0.99184,0.99077,0.0,p_6a1e3a218f8c7.jpg,False,540,2478,0,0.79576,1365,3,540
clean_white,1.0,1.0,1.0,0.0,p_6a1e3a219008a.jpg,False,540,2479,0,0.88428,1365,6,540
clean_white,1.0,0.9996,0.99949,0.0,p_6a1e3a227bd2c.jpg,False,540,2480,1,0.97228,1366,1,540
clean_white,1.0,0.99184,0.99077,0.0,p_6a1e3a227c460.jpg,False,540,2481,0,0.79576,1366,3,540
clean_white,1.0,1.0,1.0,0.0,p_6a1e3a227cc6f.jpg,False,540,2482,0,0.88428,1366,6,540
clean_white,1.0,0.9996,0.99949,0.0,p_6a1e3a23ba685.jpg,False,540,2483,1,0.97228,1367,1,540
clean_white,1.0,0.99184,0.99077,0.0,p_6a1e3a23bac89.jpg,False,540,2484,0,0.79576,1367,3,540
clean_white,1.0,1.0,1.0,0.0,p_6a1e3a23bb2f5.jpg,False,540,2485,0,0.88428,1367,6,540
clean_white,1.0,0.9996,0.99949,0.0,p_6a1e3a24ec838.jpg,False,540,2486,1,0.97228,1368,1,540
clean_white,1.0,0.99184,0.99077,0.0,p_6a1e3a24ecea0.jpg,False,540,2487,0,0.79576,1368,3,540
clean_white,1.0,1.0,1.0,0.0,p_6a1e3a24ed4e3.jpg,False,540,2488,0,0.88428,1368,6,540
clean_white,1.0,0.9996,0.99949,0.0,p_6a1e3a25d826d.jpg,False,540,2489,1,0.97228,1369,1,540
clean_white,1.0,0.99184,0.99077,0.0,p_6a1e3a25d887e.jpg,False,540,2490,0,0.79576,1369,3,540
clean_white,1.0,1.0,1.0,0.0,p_6a1e3a25d9029.jpg,False,540,2491,0,0.88428,1369,6,540
clean_white,1.0,0.9996,0.99949,0.0,p_6a1e3a26cc14a.jpg,False,540,2492,1,0.97228,1370,1,540
clean_white,1.0,0.99184,0.99077,0.0,p_6a1e3a26cc6bc.jpg,False,540,2493,0,0.79576,1370,3,540
clean_white,1.0,1.0,1.0,0.0,p_6a1e3a26ccd6f.jpg,False,540,2494,0,0.88428,1370,6,540
clean_white,1.0,0.99592,0.99588,0.0,p_6a1e3a297425e.jpg,False,540,2495,1,0.81715,1371,1,540
clean_white,1.0,0.9429,0.94088,0.0,p_6a1e3a29748aa.jpg,False,540,2496,0,0.68594,1371,3,540
clean_white,1.0,1.0,1.0,0.0,p_6a1e3a2974ef3.jpg,False,540,2497,0,0.93798,1371,6,540
review_white,1.0,0.91449,0.90029,0.0,p_6a1e3a2b6a75c.jpg,False,540,2498,1,0.67812,1372,1,540
clean_white,1.0,1.0,1.0,0.0,p_6a1e3a2b6acb6.jpg,False,540,2499,0,0.9161,1372,3,540
clean_white,1.0,1.0,1.0,0.0,p_6a1e3a2b6b26b.jpg,False,540,2500,0,0.9839,1372,6,540
clean_white,1.0,0.9996,0.99949,0.0,p_6a1e3a2c59199.jpg,False,540,2501,1,0.97228,1373,1,540
clean_white,1.0,0.99184,0.99077,0.0,p_6a1e3a2c598b8.jpg,False,540,2502,0,0.79576,1373,3,540
clean_white,1.0,1.0,1.0,0.0,p_6a1e3a2c59f06.jpg,False,540,2503,0,0.88428,1373,6,540
clean_white,1.0,0.9996,0.99949,0.0,p_6a1e3a2d46e46.jpg,False,540,2504,1,0.97228,1374,1,540
clean_white,1.0,0.99184,0.99077,0.0,p_6a1e3a2d47510.jpg,False,540,2505,0,0.79576,1374,3,540
clean_white,1.0,1.0,1.0,0.0,p_6a1e3a2d47b1c.jpg,False,540,2506,0,0.88428,1374,6,540
clean_white,1.0,0.9996,0.99949,0.0,p_6a1e3a2e59af3.jpg,False,540,2507,1,0.97228,1375,1,540
clean_white,1.0,0.99184,0.99077,0.0,p_6a1e3a2e5a1d5.jpg,False,540,2508,0,0.79576,1375,3,540
clean_white,1.0,1.0,1.0,0.0,p_6a1e3a2e5a88c.jpg,False,540,2509,0,0.88428,1375,6,540
clean_white,1.0,1.0,1.0,0.0,p_6a1e3a309b369.jpg,False,540,2510,1,0.70279,1376,1,540
clean_white,1.0,0.98956,0.9889,0.0,p_6a1e3a309b958.jpg,False,540,2511,0,0.79937,1376,3,540
clean_white,1.0,0.99901,0.9989,0.0,p_6a1e3a309bf9e.jpg,False,540,2512,0,0.7107,1376,6,540
clean_white,1.0,0.9996,0.99949,0.0,p_6a1e3a3188836.jpg,False,540,2513,1,0.97228,1377,1,540
clean_white,1.0,0.99184,0.99077,0.0,p_6a1e3a3188efb.jpg,False,540,2514,0,0.79576,1377,3,540
clean_white,1.0,1.0,1.0,0.0,p_6a1e3a31893e0.jpg,False,540,2515,0,0.88428,1377,6,540
clean_white,1.0,0.9996,0.99949,0.0,p_6a1e3a3289e6a.jpg,False,540,2516,1,0.97228,1378,1,540
clean_white,1.0,0.99184,0.99077,0.0,p_6a1e3a328a43c.jpg,False,540,2517,0,0.79576,1378,3,540
clean_white,1.0,1.0,1.0,0.0,p_6a1e3a328aa2a.jpg,False,540,2518,0,0.88428,1378,6,540
clean_white,1.0,0.9996,0.99949,0.0,p_6a1e3a3378b89.jpg,False,540,2519,1,0.97228,1379,1,540
clean_white,1.0,0.99184,0.99077,0.0,p_6a1e3a3379298.jpg,False,540,2520,0,0.79576,1379,3,540
clean_white,1.0,1.0,1.0,0.0,p_6a1e3a3379848.jpg,False,540,2521,0,0.88428,1379,6,540
review_white,1.0,0.9143,0.90029,0.0,p_6a1e3a366b780.jpg,False,540,2522,1,0.69623,1380,1,540
clean_white,1.0,0.99375,0.99353,0.0,p_6a1e3a366bd83.jpg,False,540,2523,0,0.86272,1380,3,540
clean_white,1.0,1.0,1.0,0.0,p_6a1e3a366c311.jpg,False,540,2524,0,0.94759,1380,6,540
clean_white,1.0,1.0,1.0,0.0,p_6a1e3a38d0774.jpg,False,540,2525,1,0.81947,1381,1,540
clean_white,1.0,1.0,1.0,0.0,p_6a1e3a38d0cea.jpg,False,540,2526,0,0.8139,1381,3,540
review_white,1.0,0.99879,0.66746,0.0,p_6a1e3a38d11d9.jpg,False,540,2527,0,0.73167,1381,6,540
clean_white,1.0,0.9996,0.99949,0.0,p_6a1e3a3a1ddf7.jpg,False,540,2528,1,0.97228,1382,1,540
clean_white,1.0,0.99184,0.99077,0.0,p_6a1e3a3a1e49a.jpg,False,540,2529,0,0.79576,1382,3,540
clean_white,1.0,1.0,1.0,0.0,p_6a1e3a3a1ea9c.jpg,False,540,2530,0,0.88428,1382,6,540
clean_white,1.0,0.9996,0.99949,0.0,p_6a1e3a3b0c26e.jpg,False,540,2531,1,0.97228,1383,1,540
clean_white,1.0,0.99184,0.99077,0.0,p_6a1e3a3b0c987.jpg,False,540,2532,0,0.79576,1383,3,540
clean_white,1.0,1.0,1.0,0.0,p_6a1e3a3b0cfac.jpg,False,540,2533,0,0.88428,1383,6,540
clean_white,1.0,0.94603,0.94309,0.0,p_6a1e3a3d3f85e.jpg,False,540,2534,1,0.63907,1384,1,540
clean_white,1.0,1.0,1.0,0.0,p_6a1e3a3d3ff4f.jpg,False,540,2535,0,0.90474,1384,3,540
clean_white,1.0,1.0,1.0,0.0,p_6a1e3a3d405a7.jpg,False,540,2536,0,0.50687,1384,6,540
clean_white,1.0,0.9996,0.99949,0.0,p_6a1e3a3e3249b.jpg,False,540,2537,1,0.97228,1385,1,540
clean_white,1.0,0.99184,0.99077,0.0,p_6a1e3a3e32afa.jpg,False,540,2538,0,0.79576,1385,3,540
clean_white,1.0,1.0,1.0,0.0,p_6a1e3a3e332b1.jpg,False,540,2539,0,0.88428,1385,6,540
clean_white,1.0,0.9996,0.99949,0.0,p_6a1e3a3f20cd1.jpg,False,540,2540,1,0.97228,1386,1,540
clean_white,1.0,0.99184,0.99077,0.0,p_6a1e3a3f213e0.jpg,False,540,2541,0,0.79576,1386,3,540
clean_white,1.0,1.0,1.0,0.0,p_6a1e3a3f219ec.jpg,False,540,2542,0,0.88428,1386,6,540
clean_white,1.0,0.9996,0.99949,0.0,p_6a1e3a4006ecc.jpg,False,540,2543,1,0.97228,1387,1,540
clean_white,1.0,0.99184,0.99077,0.0,p_6a1e3a40088f1.jpg,False,540,2544,0,0.79576,1387,3,540
clean_white,1.0,1.0,1.0,0.0,p_6a1e3a4008f43.jpg,False,540,2545,0,0.88428,1387,6,540
clean_white,1.0,0.9996,0.99949,0.0,p_6a1e3a40e8a09.jpg,False,540,2546,1,0.97228,1388,1,540
clean_white,1.0,0.99184,0.99077,0.0,p_6a1e3a40e8f65.jpg,False,540,2547,0,0.79576,1388,3,540
clean_white,1.0,1.0,1.0,0.0,p_6a1e3a40e96bb.jpg,False,540,2548,0,0.88428,1388,6,540
clean_white,1.0,0.9996,0.99949,0.0,p_6a1e3a41d617f.jpg,False,540,2549,1,0.97228,1389,1,540
clean_white,1.0,0.99184,0.99077,0.0,p_6a1e3a41d68d8.jpg,False,540,2550,0,0.79576,1389,3,540
clean_white,1.0,1.0,1.0,0.0,p_6a1e3a41d6eb7.jpg,False,540,2551,0,0.88428,1389,6,540
clean_white,1.0,0.9996,0.99949,0.0,p_6a1e3a42c177c.jpg,False,540,2552,1,0.97228,1390,1,540
clean_white,1.0,0.99184,0.99077,0.0,p_6a1e3a42c1ee0.jpg,False,540,2553,0,0.79576,1390,3,540
clean_white,1.0,1.0,1.0,0.0,p_6a1e3a42c24a3.jpg,False,540,2554,0,0.88428,1390,6,540
clean_white,1.0,0.9996,0.99949,0.0,p_6a1e3a43acc9c.jpg,False,540,2555,1,0.97228,1391,1,540
clean_white,1.0,0.99184,0.99077,0.0,p_6a1e3a43ad2ac.jpg,False,540,2556,0,0.79576,1391,3,540
clean_white,1.0,1.0,1.0,0.0,p_6a1e3a43ad806.jpg,False,540,2557,0,0.88428,1391,6,540
clean_white,1.0,0.9996,0.99949,0.0,p_6a1e3a449b160.jpg,False,540,2558,1,0.97228,1392,1,540
clean_white,1.0,0.99184,0.99077,0.0,p_6a1e3a449c837.jpg,False,540,2559,0,0.79576,1392,3,540
clean_white,1.0,1.0,1.0,0.0,p_6a1e3a449cdf3.jpg,False,540,2560,0,0.88428,1392,6,540
clean_white,1.0,1.0,1.0,0.0,p_6a1e3a4749f72.jpg,False,540,2561,1,0.9437,1393,1,540
clean_white,1.0,1.0,1.0,0.0,p_6a1e3a474a5a0.jpg,False,540,2562,0,0.99428,1393,3,540
needs_background,1.0,0.60147,0.60147,0.0,p_6a1e3a474ab75.jpg,False,540,2563,0,0.24722,1393,6,540
clean_white,1.0,0.9996,0.99949,0.0,p_6a1e3a483670b.jpg,False,540,2564,1,0.97228,1394,1,540
clean_white,1.0,0.99184,0.99077,0.0,p_6a1e3a4836cf3.jpg,False,540,2565,0,0.79576,1394,3,540
clean_white,1.0,1.0,1.0,0.0,p_6a1e3a483731e.jpg,False,540,2566,0,0.88428,1394,6,540
clean_white,1.0,0.9996,0.99949,0.0,p_6a1e3a492a759.jpg,False,540,2567,1,0.97228,1395,1,540
clean_white,1.0,0.99184,0.99077,0.0,p_6a1e3a492ad9d.jpg,False,540,2568,0,0.79576,1395,3,540
clean_white,1.0,1.0,1.0,0.0,p_6a1e3a492b415.jpg,False,540,2569,0,0.88428,1395,6,540
clean_white,1.0,0.99585,0.99537,0.0,p_6a1e3a4bbfaf6.jpg,False,540,2570,1,0.66283,1396,1,540
clean_white,1.0,0.94665,0.94485,0.0,p_6a1e3a4bc01a4.jpg,False,540,2571,0,0.68943,1396,3,540
clean_white,1.0,0.98051,0.97915,0.0,p_6a1e3a4bc0881.jpg,False,540,2572,0,0.74439,1396,6,540
clean_white,1.0,0.9996,0.99949,0.0,p_6a1e3a4d0d273.jpg,False,540,2573,1,0.97228,1397,1,540
clean_white,1.0,0.99184,0.99077,0.0,p_6a1e3a4d0d864.jpg,False,540,2574,0,0.79576,1397,3,540
clean_white,1.0,1.0,1.0,0.0,p_6a1e3a4d0dd92.jpg,False,540,2575,0,0.88428,1397,6,540
clean_white,1.0,0.9996,0.99949,0.0,p_6a1e3a4dee0e2.jpg,False,540,2576,1,0.97228,1398,1,540
clean_white,1.0,0.99184,0.99077,0.0,p_6a1e3a4dee647.jpg,False,540,2577,0,0.79576,1398,3,540
clean_white,1.0,1.0,1.0,0.0,p_6a1e3a4deec4c.jpg,False,540,2578,0,0.88428,1398,6,540
clean_white,1.0,0.9996,0.99949,0.0,p_6a1e3a4ef3940.jpg,False,540,2579,1,0.97228,1399,1,540
clean_white,1.0,0.99184,0.99077,0.0,p_6a1e3a4ef3fc4.jpg,False,540,2580,0,0.79576,1399,3,540
clean_white,1.0,1.0,1.0,0.0,p_6a1e3a4f00309.jpg,False,540,2581,0,0.88428,1399,6,540
clean_white,1.0,0.9996,0.99949,0.0,p_6a1e3a4fe2d4b.jpg,False,540,2582,1,0.97228,1400,1,540
clean_white,1.0,0.99184,0.99077,0.0,p_6a1e3a4fe340c.jpg,False,540,2583,0,0.79576,1400,3,540
clean_white,1.0,1.0,1.0,0.0,p_6a1e3a4fe3a8b.jpg,False,540,2584,0,0.88428,1400,6,540
clean_white,1.0,0.9996,0.99949,0.0,p_6a1e3a50ce958.jpg,False,540,2585,1,0.97228,1401,1,540
clean_white,1.0,0.99184,0.99077,0.0,p_6a1e3a50cefbc.jpg,False,540,2586,0,0.79576,1401,3,540
clean_white,1.0,1.0,1.0,0.0,p_6a1e3a50cf619.jpg,False,540,2587,0,0.88428,1401,6,540
clean_white,1.0,0.9996,0.99949,0.0,p_6a1e3a51ba0a3.jpg,False,540,2588,1,0.97228,1402,1,540
clean_white,1.0,0.99184,0.99077,0.0,p_6a1e3a51ba742.jpg,False,540,2589,0,0.79576,1402,3,540
clean_white,1.0,1.0,1.0,0.0,p_6a1e3a51bae59.jpg,False,540,2590,0,0.88428,1402,6,540
clean_white,1.0,0.9996,0.99949,0.0,p_6a1e3a52a27f1.jpg,False,540,2591,1,0.97228,1403,1,540
clean_white,1.0,0.99184,0.99077,0.0,p_6a1e3a52a2ec2.jpg,False,540,2592,0,0.79576,1403,3,540
clean_white,1.0,1.0,1.0,0.0,p_6a1e3a52a359c.jpg,False,540,2593,0,0.88428,1403,6,540
clean_white,1.0,0.9996,0.99949,0.0,p_6a1e3a5394517.jpg,False,540,2594,1,0.97228,1404,1,540
clean_white,1.0,0.99184,0.99077,0.0,p_6a1e3a5394d51.jpg,False,540,2595,0,0.79576,1404,3,540
clean_white,1.0,1.0,1.0,0.0,p_6a1e3a5395459.jpg,False,540,2596,0,0.88428,1404,6,540
clean_white,1.0,0.9996,0.99949,0.0,p_6a1e3a54809b2.jpg,False,540,2597,1,0.97228,1405,1,540
clean_white,1.0,0.99184,0.99077,0.0,p_6a1e3a5480f9d.jpg,False,540,2598,0,0.79576,1405,3,540
clean_white,1.0,1.0,1.0,0.0,p_6a1e3a5481d40.jpg,False,540,2599,0,0.88428,1405,6,540
clean_white,1.0,0.9996,0.99949,0.0,p_6a1e3a556c4c8.jpg,False,540,2600,1,0.97228,1406,1,540
clean_white,1.0,0.99184,0.99077,0.0,p_6a1e3a556cb4e.jpg,False,540,2601,0,0.79576,1406,3,540
clean_white,1.0,1.0,1.0,0.0,p_6a1e3a556d261.jpg,False,540,2602,0,0.88428,1406,6,540
clean_white,1.0,0.9996,0.99949,0.0,p_6a1e3a5660bac.jpg,False,540,2603,1,0.97228,1407,1,540
clean_white,1.0,0.99184,0.99077,0.0,p_6a1e3a566128c.jpg,False,540,2604,0,0.79576,1407,3,540
clean_white,1.0,1.0,1.0,0.0,p_6a1e3a56619a2.jpg,False,540,2605,0,0.88428,1407,6,540
clean_white,1.0,0.9996,0.99949,0.0,p_6a1e3a574c54e.jpg,False,540,2606,1,0.97228,1408,1,540
clean_white,1.0,0.99184,0.99077,0.0,p_6a1e3a574cc0f.jpg,False,540,2607,0,0.79576,1408,3,540
clean_white,1.0,1.0,1.0,0.0,p_6a1e3a574d291.jpg,False,540,2608,0,0.88428,1408,6,540
clean_white,1.0,0.9996,0.99949,0.0,p_6a1e3a58aaae5.jpg,False,540,2609,1,0.97228,1409,1,540
clean_white,1.0,0.99184,0.99077,0.0,p_6a1e3a58ab249.jpg,False,540,2610,0,0.79576,1409,3,540
clean_white,1.0,1.0,1.0,0.0,p_6a1e3a58ab8a8.jpg,False,540,2611,0,0.88428,1409,6,540
clean_white,1.0,0.99529,0.99482,0.0,p_6a1e3a5b3d3f2.jpg,False,540,2612,1,0.51948,1410,1,540
clean_white,1.0,0.99044,0.9879,0.0,p_6a1e3a5b3db04.jpg,False,540,2613,0,0.75106,1410,3,540
clean_white,1.0,1.0,1.0,0.0,p_6a1e3a5b3e1aa.jpg,False,540,2614,0,0.83478,1410,6,540
clean_white,1.0,0.9996,0.99949,0.0,p_6a1e3a5c2a05c.jpg,False,540,2615,1,0.97228,1411,1,540
clean_white,1.0,0.99184,0.99077,0.0,p_6a1e3a5c2a808.jpg,False,540,2616,0,0.79576,1411,3,540
clean_white,1.0,1.0,1.0,0.0,p_6a1e3a5c2afb5.jpg,False,540,2617,0,0.88428,1411,6,540
clean_white,1.0,0.9996,0.99949,0.0,p_6a1e3a5d68d0b.jpg,False,540,2618,1,0.97228,1412,1,540
clean_white,1.0,0.99184,0.99077,0.0,p_6a1e3a5d692f0.jpg,False,540,2619,0,0.79576,1412,3,540
clean_white,1.0,1.0,1.0,0.0,p_6a1e3a5d697f1.jpg,False,540,2620,0,0.88428,1412,6,540
clean_white,1.0,0.9996,0.99949,0.0,p_6a1e3a5e59e5b.jpg,False,540,2621,1,0.97228,1413,1,540
clean_white,1.0,0.99184,0.99077,0.0,p_6a1e3a5e5a9eb.jpg,False,540,2622,0,0.79576,1413,3,540
clean_white,1.0,1.0,1.0,0.0,p_6a1e3a5e5af94.jpg,False,540,2623,0,0.88428,1413,6,540
clean_white,1.0,1.0,1.0,0.0,p_6a1e3a5f44354.jpg,False,540,2624,1,0.90461,1414,1,540
clean_white,1.0,0.93338,0.93239,0.0,p_6a1e3a5f44978.jpg,False,540,2625,0,0.82054,1414,3,540
clean_white,1.0,0.98338,0.98243,0.0,p_6a1e3a5f44f61.jpg,False,540,2626,0,0.92095,1414,6,540
clean_white,1.0,1.0,1.0,0.0,p_6a1e3a602bdcd.jpg,False,540,2627,1,0.90461,1415,1,540
clean_white,1.0,0.93338,0.93239,0.0,p_6a1e3a602c448.jpg,False,540,2628,0,0.82054,1415,3,540
clean_white,1.0,0.98338,0.98243,0.0,p_6a1e3a602c9e5.jpg,False,540,2629,0,0.92095,1415,6,540
clean_white,1.0,1.0,1.0,0.0,p_6a1e3a611b1c0.jpg,False,540,2630,1,0.90461,1416,1,540
clean_white,1.0,0.93338,0.93239,0.0,p_6a1e3a611b877.jpg,False,540,2631,0,0.82054,1416,3,540
clean_white,1.0,0.98338,0.98243,0.0,p_6a1e3a611befe.jpg,False,540,2632,0,0.92095,1416,6,540
clean_white,1.0,1.0,1.0,0.0,p_6a1e3a620bdfe.jpg,False,540,2633,1,0.90461,1417,1,540
clean_white,1.0,0.93338,0.93239,0.0,p_6a1e3a620c489.jpg,False,540,2634,0,0.82054,1417,3,540
clean_white,1.0,0.98338,0.98243,0.0,p_6a1e3a620cad0.jpg,False,540,2635,0,0.92095,1417,6,540
clean_white,1.0,0.97956,0.97864,0.0,p_6a1e3a648bdec.jpg,False,540,2636,1,0.58346,1418,1,540
clean_white,1.0,1.0,1.0,0.0,p_6a1e3a648c59f.jpg,False,540,2637,0,0.84227,1418,3,540
clean_white,1.0,1.0,1.0,0.0,p_6a1e3a648cce2.jpg,False,540,2638,0,0.94082,1418,6,540
clean_white,1.0,1.0,1.0,0.0,p_6a1e3a657ee8f.jpg,False,540,2639,1,0.90461,1419,1,540
clean_white,1.0,0.93338,0.93239,0.0,p_6a1e3a657f538.jpg,False,540,2640,0,0.82054,1419,3,540
clean_white,1.0,0.98338,0.98243,0.0,p_6a1e3a657fc3f.jpg,False,540,2641,0,0.92095,1419,6,540
clean_white,1.0,1.0,1.0,0.0,p_6a1e3a666b9f5.jpg,False,540,2642,1,0.90461,1420,1,540
clean_white,1.0,0.93338,0.93239,0.0,p_6a1e3a666c047.jpg,False,540,2643,0,0.82054,1420,3,540
clean_white,1.0,0.98338,0.98243,0.0,p_6a1e3a666c604.jpg,False,540,2644,0,0.92095,1420,6,540
clean_white,1.0,1.0,1.0,0.0,p_6a1e3a675c424.jpg,False,540,2645,1,0.90461,1421,1,540
clean_white,1.0,0.93338,0.93239,0.0,p_6a1e3a675ca11.jpg,False,540,2646,0,0.82054,1421,3,540
clean_white,1.0,0.98338,0.98243,0.0,p_6a1e3a675d008.jpg,False,540,2647,0,0.92095,1421,6,540
clean_white,1.0,1.0,1.0,0.0,p_6a1e3a684e64d.jpg,False,540,2648,1,0.90461,1422,1,540
clean_white,1.0,0.93338,0.93239,0.0,p_6a1e3a684ed3b.jpg,False,540,2649,0,0.82054,1422,3,540
clean_white,1.0,0.98338,0.98243,0.0,p_6a1e3a684f37c.jpg,False,540,2650,0,0.92095,1422,6,540
clean_white,1.0,1.0,1.0,0.0,p_6a1e3a693d2fb.jpg,False,540,2651,1,0.90461,1423,1,540
clean_white,1.0,0.93338,0.93239,0.0,p_6a1e3a693d9d6.jpg,False,540,2652,0,0.82054,1423,3,540
clean_white,1.0,0.98338,0.98243,0.0,p_6a1e3a693dfb4.jpg,False,540,2653,0,0.92095,1423,6,540
clean_white,1.0,1.0,1.0,0.0,p_6a1e3a6a28ff5.jpg,False,540,2654,1,0.90461,1424,1,540
clean_white,1.0,0.93338,0.93239,0.0,p_6a1e3a6a295eb.jpg,False,540,2655,0,0.82054,1424,3,540
clean_white,1.0,0.98338,0.98243,0.0,p_6a1e3a6a29bee.jpg,False,540,2656,0,0.92095,1424,6,540
clean_white,1.0,1.0,1.0,0.0,p_6a1e3a6ac6f46.jpg,False,540,2657,1,0.90461,1425,1,540
clean_white,1.0,0.93338,0.93239,0.0,p_6a1e3a6ac76fa.jpg,False,540,2658,0,0.82054,1425,3,540
clean_white,1.0,0.98338,0.98243,0.0,p_6a1e3a6ac7db3.jpg,False,540,2659,0,0.92095,1425,6,540
clean_white,1.0,1.0,1.0,0.0,p_6a1e3a6b7131c.jpg,False,540,2660,1,0.90461,1426,1,540
clean_white,1.0,0.93338,0.93239,0.0,p_6a1e3a6b71a20.jpg,False,540,2661,0,0.82054,1426,3,540
clean_white,1.0,0.98338,0.98243,0.0,p_6a1e3a6b71f8e.jpg,False,540,2662,0,0.92095,1426,6,540
clean_white,1.0,1.0,1.0,0.0,p_6a1e3a6c6b1ef.jpg,False,540,2663,1,0.90461,1427,1,540
clean_white,1.0,0.93338,0.93239,0.0,p_6a1e3a6c6b8bc.jpg,False,540,2664,0,0.82054,1427,3,540
clean_white,1.0,0.98338,0.98243,0.0,p_6a1e3a6c6bf6e.jpg,False,540,2665,0,0.92095,1427,6,540
clean_white,1.0,1.0,1.0,0.0,p_6a1e3a6d1714b.jpg,False,540,2666,1,0.90461,1428,1,540
clean_white,1.0,0.93338,0.93239,0.0,p_6a1e3a6d1775d.jpg,False,540,2667,0,0.82054,1428,3,540
clean_white,1.0,0.98338,0.98243,0.0,p_6a1e3a6d17dbc.jpg,False,540,2668,0,0.92095,1428,6,540
clean_white,1.0,1.0,1.0,0.0,p_6a1e3a6de3940.jpg,False,540,2669,1,0.90461,1429,1,540
clean_white,1.0,0.93338,0.93239,0.0,p_6a1e3a6de3f62.jpg,False,540,2670,0,0.82054,1429,3,540
clean_white,1.0,0.98338,0.98243,0.0,p_6a1e3a6de4526.jpg,False,540,2671,0,0.92095,1429,6,540
clean_white,1.0,1.0,1.0,0.0,p_6a1e3a6e8eec6.jpg,False,540,2672,1,0.90461,1430,1,540
clean_white,1.0,0.93338,0.93239,0.0,p_6a1e3a6e8f5be.jpg,False,540,2673,0,0.82054,1430,3,540
clean_white,1.0,0.98338,0.98243,0.0,p_6a1e3a6e8fb9a.jpg,False,540,2674,0,0.92095,1430,6,540
clean_white,1.0,1.0,1.0,0.0,p_6a1e3a6f39655.jpg,False,540,2675,1,0.90461,1431,1,540
clean_white,1.0,0.93338,0.93239,0.0,p_6a1e3a6f39c10.jpg,False,540,2676,0,0.82054,1431,3,540
clean_white,1.0,0.98338,0.98243,0.0,p_6a1e3a6f3a322.jpg,False,540,2677,0,0.92095,1431,6,540
clean_white,1.0,1.0,1.0,0.0,p_6a1e3a6fd711a.jpg,False,540,2678,1,0.90461,1432,1,540
clean_white,1.0,0.93338,0.93239,0.0,p_6a1e3a6fd7894.jpg,False,540,2679,0,0.82054,1432,3,540
clean_white,1.0,0.98338,0.98243,0.0,p_6a1e3a6fd7ef9.jpg,False,540,2680,0,0.92095,1432,6,540
clean_white,1.0,0.9843,0.9832,0.0,p_6a1bb9d1115da.jpg,False,800,2681,1,0.58157,1434,0,800
clean_white,0.97415,0.97099,0.96956,0.0,p_6a1bb9d111d40.jpg,False,800,2682,0,0.39443,1434,1,800
clean_white,1.0,0.97217,0.97165,0.0,p_6a1bb9d112411.jpg,False,800,2683,0,0.61706,1434,2,800
clean_white,1.0,1.0,1.0,0.0,p_6a1c6766be8d9.jpg,False,540,2684,0,0.88428,1434,3,540
clean_white,1.0,1.0,1.0,0.0,p_6a1c6766beeda.jpg,False,540,2685,0,0.91756,1434,5,540
clean_white,1.0,1.0,1.0,0.0,p_6a1c6766bf60f.jpg,False,540,2686,0,0.97275,1434,8,540
clean_white,1.0,1.0,1.0,0.0,p_6a1c6d9d09390.jpg,False,540,2687,0,0.88428,1434,9,540
clean_white,1.0,1.0,1.0,0.0,p_6a1c6d9d09ac4.jpg,False,540,2688,0,0.91756,1434,11,540
clean_white,1.0,1.0,1.0,0.0,p_6a1c6d9d0a0fb.jpg,False,540,2689,0,0.97275,1434,14,540
needs_background,0.0,0.0,0.0,0.0,p_6a1bcd089b4af.jpg,False,1280,2690,1,0.00068,1435,0,960
needs_background,0.00034,0.01694,0.00383,0.0,p_6a1bcd089bac8.jpg,False,960,2691,0,0.01578,1435,1,1280
needs_background,0.0,0.0,0.0,0.0,p_6a1bcd089c01a.jpg,False,600,2692,0,3e-05,1435,2,450
clean_white,1.0,0.98892,0.90583,0.0,p_6a1beab5eb5f3.jpg,False,266,2693,1,0.72861,1437,0,400
clean_white,1.0,1.0,1.0,0.0,p_6a1beab5ebd17.jpg,False,480,2694,0,0.72828,1437,1,640
clean_white,1.0,1.0,1.0,0.0,p_6a1beab5ec3c1.jpg,False,532,2695,0,0.62952,1437,2,800
clean_white,1.0,0.99184,0.99077,0.0,p_6a1c6ef2f26c0.jpg,False,540,2696,0,0.79576,1437,3,540
review_white,0.99936,0.8637,0.82449,0.0,p_6a1beda082172.jpg,False,689,2697,1,0.35085,1438,0,894
clean_white,1.0,1.0,1.0,0.0,p_6a1beda0828ae.jpg,False,400,2698,0,0.62863,1438,1,400
clean_white,1.0,0.97978,0.97893,0.0,p_6a1beda082f6c.jpg,False,1200,2699,0,0.55096,1438,2,1200
needs_background,0.9872,0.73454,0.63304,0.0,p_6a1bf13cbc06c.png,True,278,2700,1,0.27044,1439,0,400
clean_white,1.0,0.99403,0.99266,0.0,p_6a1bf13cbc652.jpg,False,225,2701,0,0.67642,1439,1,225
clean_white,1.0,0.99184,0.99077,0.0,p_6a1c6ef215e1f.jpg,False,540,2702,0,0.79576,1439,2,540
clean_white,1.0,0.99169,0.99114,0.0,p_6a1c6ef2165d1.jpg,False,540,2703,0,0.63782,1439,4,540
clean_white,1.0,1.0,1.0,0.0,p_6a1c6ef216d25.jpg,False,540,2704,0,0.75032,1439,7,540
needs_background,0.0,0.00026,4e-05,0.0,p_6a1bf5f004608.jpg,False,1024,2705,1,0.00769,1440,0,1024
needs_background,0.00477,0.00297,8e-05,0.0,p_6a1bf5f004c4b.jpg,False,240,2706,0,0.00495,1440,1,240
clean_white,1.0,0.99184,0.99077,0.0,p_6a1c6ef19ca3e.jpg,False,540,2707,0,0.79576,1440,2,540
clean_white,1.0,0.99169,0.99114,0.0,p_6a1c6ef19d197.jpg,False,540,2708,0,0.63782,1440,4,540
clean_white,1.0,1.0,1.0,0.0,p_6a1c6ef19d7ec.jpg,False,540,2709,0,0.75032,1440,7,540
needs_background,0.75,0.89176,0.64401,0.0,p_6a1bf7508819b.jpg,False,700,2710,1,0.73929,1441,0,700
needs_background,0.0,0.0,0.0,0.0,p_6a1bf750887a7.jpg,False,194,2711,0,0.00462,1441,1,259
needs_background,0.7704,0.73905,0.71652,0.0,p_6a1bf9dd490f9.webp,False,269,2712,1,0.22838,1442,0,240
review_white,0.90017,0.83918,0.82885,0.0,p_6a1bf9dd496ae.webp,False,255,2713,0,0.49188,1442,1,240
clean_white,1.0,0.99184,0.99077,0.0,p_6a1c6ef0b34c0.jpg,False,540,2714,0,0.79576,1442,2,540
clean_white,1.0,0.99169,0.99114,0.0,p_6a1c6ef0b4706.jpg,False,540,2715,0,0.63782,1442,4,540
clean_white,1.0,1.0,1.0,0.0,p_6a1c6ef0b5444.jpg,False,540,2716,0,0.75032,1442,7,540
needs_background,0.75608,0.70243,0.67561,0.0,p_6a1bfc09991e7.webp,False,318,2717,1,0.27939,1443,0,240
needs_background,0.85113,0.79739,0.78021,0.0,p_6a1bfc09998de.webp,False,301,2718,0,0.49463,1443,1,240
clean_white,1.0,0.99184,0.99077,0.0,p_6a1c6ef038014.jpg,False,540,2719,0,0.79576,1443,2,540
needs_background,0.71875,0.74837,0.72113,0.0,p_6a1bff9f116af.webp,False,269,2720,1,0.22582,1444,0,240
needs_background,0.39149,0.36542,0.30659,0.0,p_6a1bff9f11d0e.webp,False,273,2721,0,0.07176,1444,1,240
clean_white,1.0,0.99184,0.99077,0.0,p_6a1c6eefbcbff.jpg,False,540,2722,0,0.79576,1444,2,540
clean_white,1.0,0.99169,0.99114,0.0,p_6a1c6eefbd825.jpg,False,540,2723,0,0.63782,1444,4,540
clean_white,1.0,1.0,1.0,0.0,p_6a1c6eefbdfe0.jpg,False,540,2724,0,0.75032,1444,7,540
clean_white,1.0,0.93425,0.92641,0.0,p_6a1c01821e4e2.webp,False,220,2725,1,0.49328,1445,0,240
clean_white,1.0,0.97496,0.97054,0.0,p_6a1c01821eb98.webp,False,273,2726,0,0.73246,1445,1,240
clean_white,1.0,0.99184,0.99077,0.0,p_6a1c6eef50017.jpg,False,540,2727,0,0.79576,1445,2,540
clean_white,1.0,0.99169,0.99114,0.0,p_6a1c6eef5070b.jpg,False,540,2728,0,0.63782,1445,4,540
clean_white,1.0,1.0,1.0,0.0,p_6a1c6eef50d3d.jpg,False,540,2729,0,0.75032,1445,7,540
needs_background,0.0,0.0,0.0,0.0,p_6a1c040aad9cd.jpg,False,1280,2730,1,0.00068,1446,0,960
clean_white,1.0,0.94061,0.9354,0.0,p_6a1c040aadf6b.webp,False,273,2731,0,0.58584,1446,1,240
clean_white,1.0,1.0,1.0,0.0,p_6a1c6767384b1.jpg,False,540,2732,0,0.88428,1446,2,540
clean_white,1.0,1.0,1.0,0.0,p_6a1c676738b40.jpg,False,540,2733,0,0.91756,1446,4,540
clean_white,1.0,1.0,1.0,0.0,p_6a1c67673911e.jpg,False,540,2734,0,0.97275,1446,7,540
clean_white,1.0,1.0,1.0,0.0,p_6a1c6d9d75fff.jpg,False,540,2735,0,0.88428,1446,8,540
clean_white,1.0,1.0,1.0,0.0,p_6a1c6d9d765e8.jpg,False,540,2736,0,0.91756,1446,10,540
clean_white,1.0,1.0,1.0,0.0,p_6a1c6d9d76b3c.jpg,False,540,2737,0,0.97275,1446,13,540
needs_background,0.00206,0.00072,0.0005,0.0,p_6a1c05d7edd8e.jpg,False,2560,2738,1,0.00601,1447,0,1920
clean_white,1.0,1.0,1.0,0.0,p_6a1c05d7ee41d.jpg,False,1280,2739,0,0.70079,1447,1,960
clean_white,1.0,0.99184,0.99077,0.0,p_6a1c6eeed54a0.jpg,False,540,2740,0,0.79576,1447,2,540
clean_white,1.0,0.99169,0.99114,0.0,p_6a1c6eeed5b53.jpg,False,540,2741,0,0.63782,1447,4,540
clean_white,1.0,1.0,1.0,0.0,p_6a1c6eeed6168.jpg,False,540,2742,0,0.75032,1447,7,540
needs_background,0.0,0.0,0.0,0.0,p_6a1c089c29623.jpg,False,256,2743,1,0.0,1448,0,192
needs_background,0.55469,0.34993,0.20228,0.0,p_6a1c089c29d33.jpg,False,768,2744,0,0.12431,1448,1,1166
clean_white,1.0,0.99184,0.99077,0.0,p_6a1c6eee668a5.jpg,False,540,2745,0,0.79576,1448,2,540
clean_white,1.0,0.99169,0.99114,0.0,p_6a1c6eee67419.jpg,False,540,2746,0,0.63782,1448,4,540
clean_white,1.0,1.0,1.0,0.0,p_6a1c6eee68023.jpg,False,540,2747,0,0.75032,1448,7,540
needs_background,0.0,0.0,0.0,0.0,p_6a1c0cb72bf2d.jpg,False,1920,2748,1,0.01818,1450,0,1920
needs_background,0.0,0.0,0.0,0.0,p_6a1c0cb72c60f.jpg,False,150,2749,0,0.00231,1450,1,150
needs_background,0.00019,0.00029,0.0,0.0,p_6a1c0e63d1365.jpg,False,1920,2750,1,0.0577,1451,0,1920
needs_background,0.0,0.0039,0.0,0.0,p_6a1c0e63d1937.jpg,False,1919,2751,0,0.00118,1451,1,1917
clean_white,1.0,0.9996,0.99949,0.0,p_6a1e3a7152387.jpg,False,540,2752,1,0.97228,1452,1,540
clean_white,1.0,0.99184,0.99077,0.0,p_6a1e3a7152a6f.jpg,False,540,2753,0,0.79576,1452,3,540
clean_white,1.0,1.0,1.0,0.0,p_6a1e3a7152ff3.jpg,False,540,2754,0,0.88428,1452,6,540
clean_white,1.0,0.9996,0.99949,0.0,p_6a1e3a723c24c.jpg,False,540,2755,1,0.97228,1453,1,540
clean_white,1.0,0.99184,0.99077,0.0,p_6a1e3a723c931.jpg,False,540,2756,0,0.79576,1453,3,540
clean_white,1.0,1.0,1.0,0.0,p_6a1e3a723d030.jpg,False,540,2757,0,0.88428,1453,6,540
clean_white,1.0,0.9996,0.99949,0.0,p_6a1e3a73291c7.jpg,False,540,2758,1,0.97228,1454,1,540
clean_white,1.0,0.99184,0.99077,0.0,p_6a1e3a732980a.jpg,False,540,2759,0,0.79576,1454,3,540
clean_white,1.0,1.0,1.0,0.0,p_6a1e3a7329e8c.jpg,False,540,2760,0,0.88428,1454,6,540
clean_white,1.0,0.9996,0.99949,0.0,p_6a1e3a7417f10.jpg,False,540,2761,1,0.97228,1455,1,540
clean_white,1.0,0.99184,0.99077,0.0,p_6a1e3a74185b2.jpg,False,540,2762,0,0.79576,1455,3,540
clean_white,1.0,1.0,1.0,0.0,p_6a1e3a7418c10.jpg,False,540,2763,0,0.88428,1455,6,540
clean_white,1.0,0.9996,0.99949,0.0,p_6a1e3a7505ebf.jpg,False,540,2764,1,0.97228,1456,1,540
clean_white,1.0,0.99184,0.99077,0.0,p_6a1e3a7506581.jpg,False,540,2765,0,0.79576,1456,3,540
clean_white,1.0,1.0,1.0,0.0,p_6a1e3a7506b40.jpg,False,540,2766,0,0.88428,1456,6,540
clean_white,1.0,0.9996,0.99949,0.0,p_6a1e3a75ec5cd.jpg,False,540,2767,1,0.97228,1457,1,540
clean_white,1.0,0.99184,0.99077,0.0,p_6a1e3a75ecc0a.jpg,False,540,2768,0,0.79576,1457,3,540
clean_white,1.0,1.0,1.0,0.0,p_6a1e3a75ed1cb.jpg,False,540,2769,0,0.88428,1457,6,540
clean_white,1.0,0.9996,0.99949,0.0,p_6a1e3a76d9f1c.jpg,False,540,2770,1,0.97228,1458,1,540
clean_white,1.0,0.99184,0.99077,0.0,p_6a1e3a76da629.jpg,False,540,2771,0,0.79576,1458,3,540
clean_white,1.0,1.0,1.0,0.0,p_6a1e3a76dac24.jpg,False,540,2772,0,0.88428,1458,6,540
clean_white,1.0,0.9996,0.99949,0.0,p_6a1e3a782db6e.jpg,False,540,2773,1,0.97228,1459,1,540
clean_white,1.0,0.99184,0.99077,0.0,p_6a1e3a782e2c1.jpg,False,540,2774,0,0.79576,1459,3,540
clean_white,1.0,1.0,1.0,0.0,p_6a1e3a782e96b.jpg,False,540,2775,0,0.88428,1459,6,540
clean_white,1.0,0.9996,0.99949,0.0,p_6a1e3a791c968.jpg,False,540,2776,1,0.97228,1460,1,540
clean_white,1.0,0.99184,0.99077,0.0,p_6a1e3a791cf19.jpg,False,540,2777,0,0.79576,1460,3,540
clean_white,1.0,1.0,1.0,0.0,p_6a1e3a791d47e.jpg,False,540,2778,0,0.88428,1460,6,540
clean_white,1.0,0.9996,0.99949,0.0,p_6a1e3a7a09021.jpg,False,540,2779,1,0.97228,1461,1,540
clean_white,1.0,0.99184,0.99077,0.0,p_6a1e3a7a09717.jpg,False,540,2780,0,0.79576,1461,3,540
clean_white,1.0,1.0,1.0,0.0,p_6a1e3a7a09dfc.jpg,False,540,2781,0,0.88428,1461,6,540
clean_white,1.0,0.9996,0.99949,0.0,p_6a1e3a7b86a6d.jpg,False,540,2782,1,0.97228,1462,1,540
clean_white,1.0,0.99184,0.99077,0.0,p_6a1e3a7b87109.jpg,False,540,2783,0,0.79576,1462,3,540
clean_white,1.0,1.0,1.0,0.0,p_6a1e3a7b875df.jpg,False,540,2784,0,0.88428,1462,6,540
clean_white,1.0,0.9996,0.99949,0.0,p_6a1e3a7c73fa7.jpg,False,540,2785,1,0.97228,1463,1,540
clean_white,1.0,0.99184,0.99077,0.0,p_6a1e3a7c744ea.jpg,False,540,2786,0,0.79576,1463,3,540
clean_white,1.0,1.0,1.0,0.0,p_6a1e3a7c749a6.jpg,False,540,2787,0,0.88428,1463,6,540
clean_white,1.0,0.9996,0.99949,0.0,p_6a1e3a7d6098b.jpg,False,540,2788,1,0.97228,1464,1,540
clean_white,1.0,0.99184,0.99077,0.0,p_6a1e3a7d610db.jpg,False,540,2789,0,0.79576,1464,3,540
clean_white,1.0,1.0,1.0,0.0,p_6a1e3a7d6167a.jpg,False,540,2790,0,0.88428,1464,6,540
clean_white,1.0,0.9996,0.99949,0.0,p_6a1e3a7e50d7d.jpg,False,540,2791,1,0.97228,1465,1,540
clean_white,1.0,0.99184,0.99077,0.0,p_6a1e3a7e51595.jpg,False,540,2792,0,0.79576,1465,3,540
clean_white,1.0,1.0,1.0,0.0,p_6a1e3a7e51c05.jpg,False,540,2793,0,0.88428,1465,6,540
clean_white,1.0,0.9996,0.99949,0.0,p_6a1e3a7f46ab0.jpg,False,540,2794,1,0.97228,1466,1,540
clean_white,1.0,0.99184,0.99077,0.0,p_6a1e3a7f4710e.jpg,False,540,2795,0,0.79576,1466,3,540
clean_white,1.0,1.0,1.0,0.0,p_6a1e3a7f4789e.jpg,False,540,2796,0,0.88428,1466,6,540
clean_white,1.0,0.9996,0.99949,0.0,p_6a1e3a8038055.jpg,False,540,2797,1,0.97228,1467,1,540
clean_white,1.0,0.99184,0.99077,0.0,p_6a1e3a8038690.jpg,False,540,2798,0,0.79576,1467,3,540
clean_white,1.0,1.0,1.0,0.0,p_6a1e3a8038c45.jpg,False,540,2799,0,0.88428,1467,6,540
clean_white,1.0,0.9996,0.99949,0.0,p_6a1e3a8126125.jpg,False,540,2800,1,0.97228,1468,1,540
clean_white,1.0,0.99184,0.99077,0.0,p_6a1e3a81266b1.jpg,False,540,2801,0,0.79576,1468,3,540
clean_white,1.0,1.0,1.0,0.0,p_6a1e3a8126ca7.jpg,False,540,2802,0,0.88428,1468,6,540
clean_white,1.0,0.9996,0.99949,0.0,p_6a1e3a8211812.jpg,False,540,2803,1,0.97228,1469,1,540
clean_white,1.0,0.99184,0.99077,0.0,p_6a1e3a8211e36.jpg,False,540,2804,0,0.79576,1469,3,540
clean_white,1.0,1.0,1.0,0.0,p_6a1e3a821260d.jpg,False,540,2805,0,0.88428,1469,6,540
clean_white,1.0,0.9996,0.99949,0.0,p_6a1e3a8306f82.jpg,False,540,2806,1,0.97228,1470,1,540
clean_white,1.0,0.99184,0.99077,0.0,p_6a1e3a8307511.jpg,False,540,2807,0,0.79576,1470,3,540
clean_white,1.0,1.0,1.0,0.0,p_6a1e3a8307b88.jpg,False,540,2808,0,0.88428,1470,6,540
clean_white,1.0,0.9996,0.99949,0.0,p_6a1e3a83ea5b9.jpg,False,540,2809,1,0.97228,1471,1,540
clean_white,1.0,0.99184,0.99077,0.0,p_6a1e3a83ead1f.jpg,False,540,2810,0,0.79576,1471,3,540
clean_white,1.0,1.0,1.0,0.0,p_6a1e3a83eb384.jpg,False,540,2811,0,0.88428,1471,6,540
clean_white,1.0,0.9996,0.99949,0.0,p_6a1e3a84d5a8e.jpg,False,540,2812,1,0.97228,1472,1,540
clean_white,1.0,0.99184,0.99077,0.0,p_6a1e3a84d612e.jpg,False,540,2813,0,0.79576,1472,3,540
clean_white,1.0,1.0,1.0,0.0,p_6a1e3a84d6697.jpg,False,540,2814,0,0.88428,1472,6,540
clean_white,1.0,0.9996,0.99949,0.0,p_6a1e3a860b7e0.jpg,False,540,2815,1,0.97228,1473,1,540
clean_white,1.0,0.99184,0.99077,0.0,p_6a1e3a860c38a.jpg,False,540,2816,0,0.79576,1473,3,540
clean_white,1.0,1.0,1.0,0.0,p_6a1e3a860ce5e.jpg,False,540,2817,0,0.88428,1473,6,540
clean_white,1.0,0.9996,0.99949,0.0,p_6a1e3a874c821.jpg,False,540,2818,1,0.97228,1474,1,540
clean_white,1.0,0.99184,0.99077,0.0,p_6a1e3a874cec5.jpg,False,540,2819,0,0.79576,1474,3,540
clean_white,1.0,1.0,1.0,0.0,p_6a1e3a874d55c.jpg,False,540,2820,0,0.88428,1474,6,540
clean_white,1.0,0.9996,0.99949,0.0,p_6a1e3a883a9b9.jpg,False,540,2821,1,0.97228,1475,1,540
clean_white,1.0,0.99184,0.99077,0.0,p_6a1e3a883b0b4.jpg,False,540,2822,0,0.79576,1475,3,540
clean_white,1.0,1.0,1.0,0.0,p_6a1e3a883b6bd.jpg,False,540,2823,0,0.88428,1475,6,540
clean_white,1.0,0.9996,0.99949,0.0,p_6a1e3a892c40a.jpg,False,540,2824,1,0.97228,1476,1,540
clean_white,1.0,0.99184,0.99077,0.0,p_6a1e3a892ca1e.jpg,False,540,2825,0,0.79576,1476,3,540
clean_white,1.0,1.0,1.0,0.0,p_6a1e3a892cf65.jpg,False,540,2826,0,0.88428,1476,6,540
clean_white,1.0,0.9996,0.99949,0.0,p_6a1e3a8a6078a.jpg,False,540,2827,1,0.97228,1477,1,540
clean_white,1.0,0.99184,0.99077,0.0,p_6a1e3a8a6140b.jpg,False,540,2828,0,0.79576,1477,3,540
clean_white,1.0,1.0,1.0,0.0,p_6a1e3a8a61a35.jpg,False,540,2829,0,0.88428,1477,6,540
clean_white,1.0,0.9996,0.99949,0.0,p_6a1e3a8b908ec.jpg,False,540,2830,1,0.97228,1478,1,540
clean_white,1.0,0.99184,0.99077,0.0,p_6a1e3a8b90f2f.jpg,False,540,2831,0,0.79576,1478,3,540
clean_white,1.0,1.0,1.0,0.0,p_6a1e3a8b914fe.jpg,False,540,2832,0,0.88428,1478,6,540
clean_white,1.0,0.9996,0.99949,0.0,p_6a1e3a8cc5054.jpg,False,540,2833,1,0.97228,1479,1,540
clean_white,1.0,0.99184,0.99077,0.0,p_6a1e3a8cc56a7.jpg,False,540,2834,0,0.79576,1479,3,540
clean_white,1.0,1.0,1.0,0.0,p_6a1e3a8cc5cad.jpg,False,540,2835,0,0.88428,1479,6,540
clean_white,1.0,0.9996,0.99949,0.0,p_6a1e3a8df0147.jpg,False,540,2836,1,0.97228,1480,1,540
clean_white,1.0,0.99184,0.99077,0.0,p_6a1e3a8df07df.jpg,False,540,2837,0,0.79576,1480,3,540
clean_white,1.0,1.0,1.0,0.0,p_6a1e3a8df0d7f.jpg,False,540,2838,0,0.88428,1480,6,540
clean_white,1.0,0.9996,0.99949,0.0,p_6a1e3a8f24378.jpg,False,540,2839,1,0.97228,1481,1,540
clean_white,1.0,0.99184,0.99077,0.0,p_6a1e3a8f24a51.jpg,False,540,2840,0,0.79576,1481,3,540
clean_white,1.0,1.0,1.0,0.0,p_6a1e3a8f25148.jpg,False,540,2841,0,0.88428,1481,6,540
clean_white,1.0,0.9996,0.99949,0.0,p_6a1e3a905161a.jpg,False,540,2842,1,0.97228,1482,1,540
clean_white,1.0,0.99184,0.99077,0.0,p_6a1e3a9051cf3.jpg,False,540,2843,0,0.79576,1482,3,540
clean_white,1.0,1.0,1.0,0.0,p_6a1e3a9052346.jpg,False,540,2844,0,0.88428,1482,6,540
clean_white,1.0,0.9996,0.99949,0.0,p_6a1e3a917c1ab.jpg,False,540,2845,1,0.97228,1483,1,540
clean_white,1.0,0.99184,0.99077,0.0,p_6a1e3a917c7c7.jpg,False,540,2846,0,0.79576,1483,3,540
clean_white,1.0,1.0,1.0,0.0,p_6a1e3a917ce57.jpg,False,540,2847,0,0.88428,1483,6,540
clean_white,1.0,0.9996,0.99949,0.0,p_6a1e3a92ab599.jpg,False,540,2848,1,0.97228,1484,1,540
clean_white,1.0,0.99184,0.99077,0.0,p_6a1e3a92abcb0.jpg,False,540,2849,0,0.79576,1484,3,540
clean_white,1.0,1.0,1.0,0.0,p_6a1e3a92ac2e8.jpg,False,540,2850,0,0.88428,1484,6,540
clean_white,1.0,0.9996,0.99949,0.0,p_6a1e3a93ddcf9.jpg,False,540,2851,1,0.97228,1485,1,540
clean_white,1.0,0.99184,0.99077,0.0,p_6a1e3a93de36b.jpg,False,540,2852,0,0.79576,1485,3,540
clean_white,1.0,1.0,1.0,0.0,p_6a1e3a93dea9c.jpg,False,540,2853,0,0.88428,1485,6,540
clean_white,1.0,0.9996,0.99949,0.0,p_6a1e3a9510871.jpg,False,540,2854,1,0.97228,1486,1,540
clean_white,1.0,0.99184,0.99077,0.0,p_6a1e3a9510e7d.jpg,False,540,2855,0,0.79576,1486,3,540
clean_white,1.0,1.0,1.0,0.0,p_6a1e3a9511564.jpg,False,540,2856,0,0.88428,1486,6,540
clean_white,1.0,0.9996,0.99949,0.0,p_6a1e3a963e6cb.jpg,False,540,2857,1,0.97228,1487,1,540
clean_white,1.0,0.99184,0.99077,0.0,p_6a1e3a963ecb4.jpg,False,540,2858,0,0.79576,1487,3,540
clean_white,1.0,1.0,1.0,0.0,p_6a1e3a963f344.jpg,False,540,2859,0,0.88428,1487,6,540
clean_white,1.0,0.9996,0.99949,0.0,p_6a1e3a9771a6d.jpg,False,540,2860,1,0.97228,1488,1,540
clean_white,1.0,0.99184,0.99077,0.0,p_6a1e3a97721a1.jpg,False,540,2861,0,0.79576,1488,3,540
clean_white,1.0,1.0,1.0,0.0,p_6a1e3a97727ff.jpg,False,540,2862,0,0.88428,1488,6,540
clean_white,1.0,0.9996,0.99949,0.0,p_6a1e3a98ebb03.jpg,False,540,2863,1,0.97228,1489,1,540
clean_white,1.0,0.99184,0.99077,0.0,p_6a1e3a98ec152.jpg,False,540,2864,0,0.79576,1489,3,540
clean_white,1.0,1.0,1.0,0.0,p_6a1e3a98ec621.jpg,False,540,2865,0,0.88428,1489,6,540
clean_white,1.0,0.9996,0.99949,0.0,p_6a1e3a9a2129d.jpg,False,540,2866,1,0.97228,1490,1,540
clean_white,1.0,0.99184,0.99077,0.0,p_6a1e3a9a218a9.jpg,False,540,2867,0,0.79576,1490,3,540
clean_white,1.0,1.0,1.0,0.0,p_6a1e3a9a21e39.jpg,False,540,2868,0,0.88428,1490,6,540
clean_white,1.0,0.9996,0.99949,0.0,p_6a1e3a9b4e74b.jpg,False,540,2869,1,0.97228,1491,1,540
clean_white,1.0,0.99184,0.99077,0.0,p_6a1e3a9b4ed1c.jpg,False,540,2870,0,0.79576,1491,3,540
clean_white,1.0,1.0,1.0,0.0,p_6a1e3a9b4f2a4.jpg,False,540,2871,0,0.88428,1491,6,540
clean_white,1.0,0.9996,0.99949,0.0,p_6a1e3a9c78f42.jpg,False,540,2872,1,0.97228,1492,1,540
clean_white,1.0,0.99184,0.99077,0.0,p_6a1e3a9c7968a.jpg,False,540,2873,0,0.79576,1492,3,540
clean_white,1.0,1.0,1.0,0.0,p_6a1e3a9c79d8d.jpg,False,540,2874,0,0.88428,1492,6,540
clean_white,1.0,0.9996,0.99949,0.0,p_6a1e3a9d6241b.jpg,False,540,2875,1,0.97228,1493,1,540
clean_white,1.0,0.99184,0.99077,0.0,p_6a1e3a9d62be1.jpg,False,540,2876,0,0.79576,1493,3,540
clean_white,1.0,1.0,1.0,0.0,p_6a1e3a9d631bb.jpg,False,540,2877,0,0.88428,1493,6,540
clean_white,1.0,0.9996,0.99949,0.0,p_6a1e3a9e537d8.jpg,False,540,2878,1,0.97228,1494,1,540
clean_white,1.0,0.99184,0.99077,0.0,p_6a1e3a9e53dbb.jpg,False,540,2879,0,0.79576,1494,3,540
clean_white,1.0,1.0,1.0,0.0,p_6a1e3a9e5436b.jpg,False,540,2880,0,0.88428,1494,6,540
clean_white,1.0,0.9996,0.99949,0.0,p_6a1e3a9f4099b.jpg,False,540,2881,1,0.97228,1495,1,540
clean_white,1.0,0.99184,0.99077,0.0,p_6a1e3a9f41019.jpg,False,540,2882,0,0.79576,1495,3,540
clean_white,1.0,1.0,1.0,0.0,p_6a1e3a9f416a4.jpg,False,540,2883,0,0.88428,1495,6,540
clean_white,1.0,1.0,1.0,0.0,p_6a1e3aa1701ce.jpg,False,540,2884,1,0.88326,1496,1,540
clean_white,1.0,1.0,1.0,0.0,p_6a1e3aa17085f.jpg,False,540,2885,0,0.97823,1496,3,540
clean_white,1.0,1.0,1.0,0.0,p_6a1e3aa170ede.jpg,False,540,2886,0,0.8925,1496,6,540
clean_white,1.0,0.9996,0.99949,0.0,p_6a1e3aa25e15c.jpg,False,540,2887,1,0.97228,1497,1,540
clean_white,1.0,0.99184,0.99077,0.0,p_6a1e3aa25e73e.jpg,False,540,2888,0,0.79576,1497,3,540
clean_white,1.0,1.0,1.0,0.0,p_6a1e3aa25ed40.jpg,False,540,2889,0,0.88428,1497,6,540
clean_white,1.0,0.9996,0.99949,0.0,p_6a1e3aa34ebb0.jpg,False,540,2890,1,0.97228,1498,1,540
clean_white,1.0,0.99184,0.99077,0.0,p_6a1e3aa34f2ac.jpg,False,540,2891,0,0.79576,1498,3,540
clean_white,1.0,1.0,1.0,0.0,p_6a1e3aa34f988.jpg,False,540,2892,0,0.88428,1498,6,540
clean_white,1.0,0.9996,0.99949,0.0,p_6a1e3aa43d552.jpg,False,540,2893,1,0.97228,1499,1,540
clean_white,1.0,0.99184,0.99077,0.0,p_6a1e3aa43dc2a.jpg,False,540,2894,0,0.79576,1499,3,540
clean_white,1.0,1.0,1.0,0.0,p_6a1e3aa43e176.jpg,False,540,2895,0,0.88428,1499,6,540
clean_white,1.0,0.9996,0.99949,0.0,p_6a1e3aa52ee49.jpg,False,540,2896,1,0.97228,1500,1,540
clean_white,1.0,0.99184,0.99077,0.0,p_6a1e3aa52f5a0.jpg,False,540,2897,0,0.79576,1500,3,540
clean_white,1.0,1.0,1.0,0.0,p_6a1e3aa52fc80.jpg,False,540,2898,0,0.88428,1500,6,540
clean_white,1.0,0.9996,0.99949,0.0,p_6a1e3aa61c6c2.jpg,False,540,2899,1,0.97228,1501,1,540
clean_white,1.0,0.99184,0.99077,0.0,p_6a1e3aa61ccdb.jpg,False,540,2900,0,0.79576,1501,3,540
clean_white,1.0,1.0,1.0,0.0,p_6a1e3aa61d286.jpg,False,540,2901,0,0.88428,1501,6,540
clean_white,1.0,0.9996,0.99949,0.0,p_6a1e3aa70cca5.jpg,False,540,2902,1,0.97228,1502,1,540
clean_white,1.0,0.99184,0.99077,0.0,p_6a1e3aa70efea.jpg,False,540,2903,0,0.79576,1502,3,540
clean_white,1.0,1.0,1.0,0.0,p_6a1e3aa70f70a.jpg,False,540,2904,0,0.88428,1502,6,540
clean_white,1.0,0.9996,0.99949,0.0,p_6a1e3aa802014.jpg,False,540,2905,1,0.97228,1503,1,540
clean_white,1.0,0.99184,0.99077,0.0,p_6a1e3aa8026fa.jpg,False,540,2906,0,0.79576,1503,3,540
clean_white,1.0,1.0,1.0,0.0,p_6a1e3aa802d1c.jpg,False,540,2907,0,0.88428,1503,6,540
clean_white,1.0,0.9996,0.99949,0.0,p_6a1e3aa989a8e.jpg,False,540,2908,1,0.97228,1504,1,540
clean_white,1.0,0.99184,0.99077,0.0,p_6a1e3aa98a100.jpg,False,540,2909,0,0.79576,1504,3,540
clean_white,1.0,1.0,1.0,0.0,p_6a1e3aa98a6ed.jpg,False,540,2910,0,0.88428,1504,6,540
clean_white,1.0,0.9996,0.99949,0.0,p_6a1e3aaa78392.jpg,False,540,2911,1,0.97228,1505,1,540
clean_white,1.0,0.99184,0.99077,0.0,p_6a1e3aaa78ab5.jpg,False,540,2912,0,0.79576,1505,3,540
clean_white,1.0,1.0,1.0,0.0,p_6a1e3aaa7914f.jpg,False,540,2913,0,0.88428,1505,6,540
clean_white,1.0,0.9996,0.99949,0.0,p_6a1e3aab6ab16.jpg,False,540,2914,1,0.97228,1506,1,540
clean_white,1.0,0.99184,0.99077,0.0,p_6a1e3aab6b5a4.jpg,False,540,2915,0,0.79576,1506,3,540
clean_white,1.0,1.0,1.0,0.0,p_6a1e3aab6bd7f.jpg,False,540,2916,0,0.88428,1506,6,540
clean_white,1.0,0.9996,0.99949,0.0,p_6a1e3aac5d92e.jpg,False,540,2917,1,0.97228,1507,1,540
clean_white,1.0,0.99184,0.99077,0.0,p_6a1e3aac5dfc4.jpg,False,540,2918,0,0.79576,1507,3,540
clean_white,1.0,1.0,1.0,0.0,p_6a1e3aac5e5d4.jpg,False,540,2919,0,0.88428,1507,6,540
clean_white,1.0,0.9996,0.99949,0.0,p_6a1e3aad4c34b.jpg,False,540,2920,1,0.97228,1508,1,540
clean_white,1.0,0.99184,0.99077,0.0,p_6a1e3aad4ca4d.jpg,False,540,2921,0,0.79576,1508,3,540
clean_white,1.0,1.0,1.0,0.0,p_6a1e3aad4cfee.jpg,False,540,2922,0,0.88428,1508,6,540
clean_white,1.0,0.9996,0.99949,0.0,p_6a1e3aae41c32.jpg,False,540,2923,1,0.97228,1509,1,540
clean_white,1.0,0.99184,0.99077,0.0,p_6a1e3aae42278.jpg,False,540,2924,0,0.79576,1509,3,540
clean_white,1.0,1.0,1.0,0.0,p_6a1e3aae427e4.jpg,False,540,2925,0,0.88428,1509,6,540
clean_white,1.0,0.9996,0.99949,0.0,p_6a1e3aaf30f2d.jpg,False,540,2926,1,0.97228,1510,1,540
clean_white,1.0,0.99184,0.99077,0.0,p_6a1e3aaf3156b.jpg,False,540,2927,0,0.79576,1510,3,540
clean_white,1.0,1.0,1.0,0.0,p_6a1e3aaf31a69.jpg,False,540,2928,0,0.88428,1510,6,540
clean_white,1.0,0.9996,0.99949,0.0,p_6a1e3ab022b20.jpg,False,540,2929,1,0.97228,1511,1,540
clean_white,1.0,0.99184,0.99077,0.0,p_6a1e3ab02309a.jpg,False,540,2930,0,0.79576,1511,3,540
clean_white,1.0,1.0,1.0,0.0,p_6a1e3ab0236af.jpg,False,540,2931,0,0.88428,1511,6,540
clean_white,1.0,0.9996,0.99949,0.0,p_6a1e3ab10fa79.jpg,False,540,2932,1,0.97228,1512,1,540
clean_white,1.0,0.99184,0.99077,0.0,p_6a1e3ab11025f.jpg,False,540,2933,0,0.79576,1512,3,540
clean_white,1.0,1.0,1.0,0.0,p_6a1e3ab1109b5.jpg,False,540,2934,0,0.88428,1512,6,540
clean_white,1.0,0.9996,0.99949,0.0,p_6a1e3ab200763.jpg,False,540,2935,1,0.97228,1513,1,540
clean_white,1.0,0.99184,0.99077,0.0,p_6a1e3ab200f63.jpg,False,540,2936,0,0.79576,1513,3,540
clean_white,1.0,1.0,1.0,0.0,p_6a1e3ab2015f1.jpg,False,540,2937,0,0.88428,1513,6,540
clean_white,1.0,0.9996,0.99949,0.0,p_6a1e3ab2e301e.jpg,False,540,2938,1,0.97228,1514,1,540
clean_white,1.0,0.99184,0.99077,0.0,p_6a1e3ab2e37e9.jpg,False,540,2939,0,0.79576,1514,3,540
clean_white,1.0,1.0,1.0,0.0,p_6a1e3ab2e3eb8.jpg,False,540,2940,0,0.88428,1514,6,540
clean_white,1.0,0.9996,0.99949,0.0,p_6a1e3ab3d51f4.jpg,False,540,2941,1,0.97228,1515,1,540
clean_white,1.0,0.99184,0.99077,0.0,p_6a1e3ab3d5953.jpg,False,540,2942,0,0.79576,1515,3,540
clean_white,1.0,1.0,1.0,0.0,p_6a1e3ab3d600e.jpg,False,540,2943,0,0.88428,1515,6,540
clean_white,1.0,0.9996,0.99949,0.0,p_6a1e3ab4bffbc.jpg,False,540,2944,1,0.97228,1516,1,540
clean_white,1.0,0.99184,0.99077,0.0,p_6a1e3ab4c0628.jpg,False,540,2945,0,0.79576,1516,3,540
clean_white,1.0,1.0,1.0,0.0,p_6a1e3ab4c0c90.jpg,False,540,2946,0,0.88428,1516,6,540
clean_white,1.0,0.9996,0.99949,0.0,p_6a1e3ab5ae566.jpg,False,540,2947,1,0.97228,1517,1,540
clean_white,1.0,0.99184,0.99077,0.0,p_6a1e3ab5aebd7.jpg,False,540,2948,0,0.79576,1517,3,540
clean_white,1.0,1.0,1.0,0.0,p_6a1e3ab5af1d9.jpg,False,540,2949,0,0.88428,1517,6,540
clean_white,1.0,0.9996,0.99949,0.0,p_6a1e3ab69d249.jpg,False,540,2950,1,0.97228,1518,1,540
clean_white,1.0,0.99184,0.99077,0.0,p_6a1e3ab69d790.jpg,False,540,2951,0,0.79576,1518,3,540
clean_white,1.0,1.0,1.0,0.0,p_6a1e3ab69ddae.jpg,False,540,2952,0,0.88428,1518,6,540
clean_white,1.0,0.9996,0.99949,0.0,p_6a1e3ab7dc7d2.jpg,False,540,2953,1,0.97228,1519,1,540
clean_white,1.0,0.99184,0.99077,0.0,p_6a1e3ab7dce3b.jpg,False,540,2954,0,0.79576,1519,3,540
clean_white,1.0,1.0,1.0,0.0,p_6a1e3ab7dd4ec.jpg,False,540,2955,0,0.88428,1519,6,540
clean_white,1.0,0.9996,0.99949,0.0,p_6a1e3ab8c7cb5.jpg,False,540,2956,1,0.97228,1520,1,540
clean_white,1.0,0.99184,0.99077,0.0,p_6a1e3ab8c8372.jpg,False,540,2957,0,0.79576,1520,3,540
clean_white,1.0,1.0,1.0,0.0,p_6a1e3ab8c8a2a.jpg,False,540,2958,0,0.88428,1520,6,540
clean_white,1.0,0.9996,0.99949,0.0,p_6a1e3ab9b090e.jpg,False,540,2959,1,0.97228,1521,1,540
clean_white,1.0,0.99184,0.99077,0.0,p_6a1e3ab9b0fd8.jpg,False,540,2960,0,0.79576,1521,3,540
clean_white,1.0,1.0,1.0,0.0,p_6a1e3ab9b1618.jpg,False,540,2961,0,0.88428,1521,6,540
clean_white,1.0,0.9996,0.99949,0.0,p_6a1e3aba9b26e.jpg,False,540,2962,1,0.97228,1522,1,540
clean_white,1.0,0.99184,0.99077,0.0,p_6a1e3aba9b972.jpg,False,540,2963,0,0.79576,1522,3,540
clean_white,1.0,1.0,1.0,0.0,p_6a1e3aba9bf7d.jpg,False,540,2964,0,0.88428,1522,6,540
clean_white,1.0,0.9996,0.99949,0.0,p_6a1e3abb8870c.jpg,False,540,2965,1,0.97228,1523,1,540
clean_white,1.0,0.99184,0.99077,0.0,p_6a1e3abb88dd3.jpg,False,540,2966,0,0.79576,1523,3,540
clean_white,1.0,1.0,1.0,0.0,p_6a1e3abb894d9.jpg,False,540,2967,0,0.88428,1523,6,540
clean_white,1.0,0.9996,0.99949,0.0,p_6a1e3abc73e99.jpg,False,540,2968,1,0.97228,1524,1,540
clean_white,1.0,0.99184,0.99077,0.0,p_6a1e3abc744dc.jpg,False,540,2969,0,0.79576,1524,3,540
clean_white,1.0,1.0,1.0,0.0,p_6a1e3abc74ae4.jpg,False,540,2970,0,0.88428,1524,6,540
clean_white,1.0,0.9996,0.99949,0.0,p_6a1e3abd6ba01.jpg,False,540,2971,1,0.97228,1525,1,540
clean_white,1.0,0.99184,0.99077,0.0,p_6a1e3abd6bff5.jpg,False,540,2972,0,0.79576,1525,3,540
clean_white,1.0,1.0,1.0,0.0,p_6a1e3abd6c611.jpg,False,540,2973,0,0.88428,1525,6,540
clean_white,1.0,0.9996,0.99949,0.0,p_6a1e3abe56362.jpg,False,540,2974,1,0.97228,1526,1,540
clean_white,1.0,0.99184,0.99077,0.0,p_6a1e3abe56c3a.jpg,False,540,2975,0,0.79576,1526,3,540
clean_white,1.0,1.0,1.0,0.0,p_6a1e3abe57187.jpg,False,540,2976,0,0.88428,1526,6,540
clean_white,1.0,0.9996,0.99949,0.0,p_6a1e3abf4639d.jpg,False,540,2977,1,0.97228,1527,1,540
clean_white,1.0,0.99184,0.99077,0.0,p_6a1e3abf46959.jpg,False,540,2978,0,0.79576,1527,3,540
clean_white,1.0,1.0,1.0,0.0,p_6a1e3abf46f0e.jpg,False,540,2979,0,0.88428,1527,6,540
clean_white,1.0,0.9996,0.99949,0.0,p_6a1e3ac031bf5.jpg,False,540,2980,1,0.97228,1528,1,540
clean_white,1.0,0.99184,0.99077,0.0,p_6a1e3ac032393.jpg,False,540,2981,0,0.79576,1528,3,540
clean_white,1.0,1.0,1.0,0.0,p_6a1e3ac0328f8.jpg,False,540,2982,0,0.88428,1528,6,540
clean_white,1.0,0.9996,0.99949,0.0,p_6a1e3ac11cd57.jpg,False,540,2983,1,0.97228,1529,1,540
clean_white,1.0,0.99184,0.99077,0.0,p_6a1e3ac11d35d.jpg,False,540,2984,0,0.79576,1529,3,540
clean_white,1.0,1.0,1.0,0.0,p_6a1e3ac11d90f.jpg,False,540,2985,0,0.88428,1529,6,540
clean_white,1.0,0.9996,0.99949,0.0,p_6a1e3ac208d7d.jpg,False,540,2986,1,0.97228,1530,1,540
clean_white,1.0,0.99184,0.99077,0.0,p_6a1e3ac20958f.jpg,False,540,2987,0,0.79576,1530,3,540
clean_white,1.0,1.0,1.0,0.0,p_6a1e3ac209baa.jpg,False,540,2988,0,0.88428,1530,6,540
clean_white,1.0,0.9996,0.99949,0.0,p_6a1e3ac2e455b.jpg,False,540,2989,1,0.97228,1531,1,540
clean_white,1.0,0.99184,0.99077,0.0,p_6a1e3ac2e4bc5.jpg,False,540,2990,0,0.79576,1531,3,540
clean_white,1.0,1.0,1.0,0.0,p_6a1e3ac2e51df.jpg,False,540,2991,0,0.88428,1531,6,540
clean_white,1.0,0.9996,0.99949,0.0,p_6a1e3ac3d20fb.jpg,False,540,2992,1,0.97228,1532,1,540
clean_white,1.0,0.99184,0.99077,0.0,p_6a1e3ac3d27ae.jpg,False,540,2993,0,0.79576,1532,3,540
clean_white,1.0,1.0,1.0,0.0,p_6a1e3ac3d2d97.jpg,False,540,2994,0,0.88428,1532,6,540
clean_white,1.0,0.9996,0.99949,0.0,p_6a1e3ac4bc1c7.jpg,False,540,2995,1,0.97228,1533,1,540
clean_white,1.0,0.99184,0.99077,0.0,p_6a1e3ac4bc8e4.jpg,False,540,2996,0,0.79576,1533,3,540
clean_white,1.0,1.0,1.0,0.0,p_6a1e3ac4bcee0.jpg,False,540,2997,0,0.88428,1533,6,540
clean_white,1.0,0.9996,0.99949,0.0,p_6a1e3ac6046bf.jpg,False,540,2998,1,0.97228,1534,1,540
clean_white,1.0,0.99184,0.99077,0.0,p_6a1e3ac605034.jpg,False,540,2999,0,0.79576,1534,3,540
clean_white,1.0,1.0,1.0,0.0,p_6a1e3ac6058be.jpg,False,540,3000,0,0.88428,1534,6,540
clean_white,1.0,0.9996,0.99949,0.0,p_6a1e3ac6e1929.jpg,False,540,3001,1,0.97228,1535,1,540
clean_white,1.0,0.99184,0.99077,0.0,p_6a1e3ac6e1f6a.jpg,False,540,3002,0,0.79576,1535,3,540
clean_white,1.0,1.0,1.0,0.0,p_6a1e3ac6e25b7.jpg,False,540,3003,0,0.88428,1535,6,540
clean_white,1.0,0.9996,0.99949,0.0,p_6a1e3ac7d116d.jpg,False,540,3004,1,0.97228,1536,1,540
clean_white,1.0,0.99184,0.99077,0.0,p_6a1e3ac7d17c8.jpg,False,540,3005,0,0.79576,1536,3,540
clean_white,1.0,1.0,1.0,0.0,p_6a1e3ac7d1e28.jpg,False,540,3006,0,0.88428,1536,6,540
clean_white,1.0,0.9996,0.99949,0.0,p_6a1e3ac8df697.jpg,False,540,3007,1,0.97228,1537,1,540
clean_white,1.0,0.99184,0.99077,0.0,p_6a1e3ac8e0dde.jpg,False,540,3008,0,0.79576,1537,3,540
clean_white,1.0,1.0,1.0,0.0,p_6a1e3ac8e12ed.jpg,False,540,3009,0,0.88428,1537,6,540
clean_white,1.0,0.9996,0.99949,0.0,p_6a1e3ac9c867e.jpg,False,540,3010,1,0.97228,1538,1,540
clean_white,1.0,0.99184,0.99077,0.0,p_6a1e3ac9c8cc5.jpg,False,540,3011,0,0.79576,1538,3,540
clean_white,1.0,1.0,1.0,0.0,p_6a1e3ac9c931e.jpg,False,540,3012,0,0.88428,1538,6,540
clean_white,1.0,0.9996,0.99949,0.0,p_6a1e3acab52e6.jpg,False,540,3013,1,0.97228,1539,1,540
clean_white,1.0,0.99184,0.99077,0.0,p_6a1e3acab5902.jpg,False,540,3014,0,0.79576,1539,3,540
clean_white,1.0,1.0,1.0,0.0,p_6a1e3acab5eaf.jpg,False,540,3015,0,0.88428,1539,6,540
clean_white,1.0,0.9996,0.99949,0.0,p_6a1e3acbaf66e.jpg,False,540,3016,1,0.97228,1540,1,540
clean_white,1.0,0.99184,0.99077,0.0,p_6a1e3acbafe7d.jpg,False,540,3017,0,0.79576,1540,3,540
clean_white,1.0,1.0,1.0,0.0,p_6a1e3acbb06b7.jpg,False,540,3018,0,0.88428,1540,6,540
clean_white,1.0,0.9996,0.99949,0.0,p_6a1e3acc9f8a4.jpg,False,540,3019,1,0.97228,1541,1,540
clean_white,1.0,0.99184,0.99077,0.0,p_6a1e3acc9ff41.jpg,False,540,3020,0,0.79576,1541,3,540
clean_white,1.0,1.0,1.0,0.0,p_6a1e3acca0641.jpg,False,540,3021,0,0.88428,1541,6,540
clean_white,1.0,0.9996,0.99949,0.0,p_6a1e3acd880fc.jpg,False,540,3022,1,0.97228,1542,1,540
clean_white,1.0,0.99184,0.99077,0.0,p_6a1e3acd886aa.jpg,False,540,3023,0,0.79576,1542,3,540
clean_white,1.0,1.0,1.0,0.0,p_6a1e3acd88cfa.jpg,False,540,3024,0,0.88428,1542,6,540
clean_white,1.0,0.9996,0.99949,0.0,p_6a1e3ace7a522.jpg,False,540,3025,1,0.97228,1543,1,540
clean_white,1.0,0.99184,0.99077,0.0,p_6a1e3ace7ab69.jpg,False,540,3026,0,0.79576,1543,3,540
clean_white,1.0,1.0,1.0,0.0,p_6a1e3ace7b2a5.jpg,False,540,3027,0,0.88428,1543,6,540
needs_background,1.0,0.60261,0.60162,0.0,p_6a1c12d8bb74e.jpg,False,600,3028,1,0.25032,1544,0,600
needs_background,0.0,0.0002,0.0,0.0,p_6a1c12d8bbcb8.jpg,False,492,3029,0,0.00023,1544,1,624
clean_white,1.0,1.0,1.0,0.0,p_6a1c676f7a1fe.jpg,False,540,3030,0,0.88428,1544,2,540
clean_white,1.0,1.0,1.0,0.0,p_6a1c676f7aa0f.jpg,False,540,3031,0,0.91756,1544,4,540
clean_white,1.0,1.0,1.0,0.0,p_6a1c676f7afa6.jpg,False,540,3032,0,0.97275,1544,7,540
clean_white,1.0,0.99184,0.99077,0.0,p_6a1c6ec282f1f.jpg,False,540,3033,0,0.79576,1544,8,540
clean_white,1.0,0.99169,0.99114,0.0,p_6a1c6ec28360c.jpg,False,540,3034,0,0.63782,1544,10,540
clean_white,1.0,1.0,1.0,0.0,p_6a1c6ec283de6.jpg,False,540,3035,0,0.75032,1544,13,540
clean_white,1.0,1.0,1.0,0.0,p_6a1e3acfad5ff.jpg,False,540,3036,1,0.88428,1545,1,540
clean_white,1.0,1.0,1.0,0.0,p_6a1e3acfadb70.jpg,False,540,3037,0,0.91756,1545,3,540
clean_white,1.0,1.0,1.0,0.0,p_6a1e3acfae1e1.jpg,False,540,3038,0,0.97275,1545,6,540
review_white,1.0,0.85022,0.82342,0.0,p_6a1e3ad28622e.jpg,False,540,3039,1,0.58293,1546,1,540
clean_white,1.0,1.0,1.0,0.0,p_6a1e3ad28683f.jpg,False,540,3040,0,0.88211,1546,3,540
review_white,0.92303,0.97643,0.97397,0.0,p_6a1e3ad286d22.jpg,False,540,3041,0,0.669,1546,6,540
clean_white,1.0,0.93721,0.93643,0.0,p_6a1e3ad46a053.jpg,False,540,3042,1,0.52382,1547,1,540
clean_white,1.0,1.0,1.0,0.0,p_6a1e3ad46a7f1.jpg,False,540,3043,0,0.63819,1547,3,540
review_white,1.0,0.89993,0.89853,0.0,p_6a1e3ad46af45.jpg,False,540,3044,0,0.55247,1547,6,540
clean_white,1.0,1.0,1.0,0.0,p_6a1e3ad595ffe.jpg,False,540,3045,1,0.9831,1548,1,540
clean_white,1.0,1.0,1.0,0.0,p_6a1e3ad59660a.jpg,False,540,3046,0,0.9735,1548,3,540
clean_white,1.0,1.0,1.0,0.0,p_6a1e3ad596cf4.jpg,False,540,3047,0,0.97748,1548,6,540
clean_white,1.0,1.0,1.0,0.0,p_6a1e3ad6c74a4.jpg,False,540,3048,1,0.88428,1549,1,540
clean_white,1.0,1.0,1.0,0.0,p_6a1e3ad6c7b68.jpg,False,540,3049,0,0.91756,1549,3,540
clean_white,1.0,1.0,1.0,0.0,p_6a1e3ad6c81c8.jpg,False,540,3050,0,0.97275,1549,6,540
clean_white,1.0,0.99184,0.99077,0.0,p_6a1e3ad84ae7f.jpg,False,540,3051,1,0.79576,1550,1,540
clean_white,1.0,0.99169,0.99114,0.0,p_6a1e3ad84b511.jpg,False,540,3052,0,0.63782,1550,3,540
clean_white,1.0,1.0,1.0,0.0,p_6a1e3ad84bd02.jpg,False,540,3053,0,0.75032,1550,6,540
clean_white,1.0,0.9996,0.99949,0.0,p_6a1e3ad97628c.jpg,False,540,3054,1,0.97228,1551,1,540
clean_white,1.0,0.99184,0.99077,0.0,p_6a1e3ad976a58.jpg,False,540,3055,0,0.79576,1551,3,540
clean_white,1.0,1.0,1.0,0.0,p_6a1e3ad977149.jpg,False,540,3056,0,0.88428,1551,6,540
clean_white,1.0,0.9996,0.99949,0.0,p_6a1e3ada9e880.jpg,False,540,3057,1,0.97228,1552,1,540
clean_white,1.0,0.99184,0.99077,0.0,p_6a1e3ada9ee4f.jpg,False,540,3058,0,0.79576,1552,3,540
clean_white,1.0,1.0,1.0,0.0,p_6a1e3ada9f3c5.jpg,False,540,3059,0,0.88428,1552,6,540
clean_white,1.0,1.0,1.0,0.0,p_6a1e3adbcb7cc.jpg,False,540,3060,1,0.88428,1553,1,540
clean_white,1.0,1.0,1.0,0.0,p_6a1e3adbcbf1d.jpg,False,540,3061,0,0.91756,1553,3,540
clean_white,1.0,1.0,1.0,0.0,p_6a1e3adbcc595.jpg,False,540,3062,0,0.97275,1553,6,540
clean_white,1.0,0.99184,0.99077,0.0,p_6a1e3add08318.jpg,False,540,3063,1,0.79576,1554,1,540
clean_white,1.0,0.99169,0.99114,0.0,p_6a1e3add08a66.jpg,False,540,3064,0,0.63782,1554,3,540
clean_white,1.0,1.0,1.0,0.0,p_6a1e3add09174.jpg,False,540,3065,0,0.75032,1554,6,540
clean_white,1.0,1.0,1.0,0.0,p_6a1e3ade3c7c0.jpg,False,540,3066,1,0.9831,1555,1,540
clean_white,1.0,1.0,1.0,0.0,p_6a1e3ade3cdd5.jpg,False,540,3067,0,0.9735,1555,3,540
clean_white,1.0,1.0,1.0,0.0,p_6a1e3ade3d494.jpg,False,540,3068,0,0.97748,1555,6,540
clean_white,1.0,1.0,1.0,0.0,p_6a1e3adf6f0d7.jpg,False,540,3069,1,0.88428,1556,1,540
clean_white,1.0,1.0,1.0,0.0,p_6a1e3adf6f876.jpg,False,540,3070,0,0.91756,1556,3,540
clean_white,1.0,1.0,1.0,0.0,p_6a1e3adf6fe51.jpg,False,540,3071,0,0.97275,1556,6,540
review_white,1.0,0.92308,0.92219,0.0,p_6a1e4ed507cb8.png,True,473,3072,1,0.50546,1557,1,516
needs_background,0.48148,0.44034,0.44001,0.0,p_6a1e4ed508343.png,True,612,3073,0,0.27984,1557,3,804
review_white,0.89163,0.90061,0.90061,0.0,p_6a1e4ed508996.png,True,606,3074,0,0.70511,1557,6,816
clean_white,1.0,0.9996,0.99949,0.0,p_6a1e3ae1cf5aa.jpg,False,540,3075,1,0.97228,1558,1,540
clean_white,1.0,0.99184,0.99077,0.0,p_6a1e3ae1cfc4c.jpg,False,540,3076,0,0.79576,1558,3,540
clean_white,1.0,1.0,1.0,0.0,p_6a1e3ae1d04ef.jpg,False,540,3077,0,0.88428,1558,6,540
clean_white,1.0,0.9996,0.99949,0.0,p_6a1e3ae308248.jpg,False,540,3078,1,0.97228,1559,1,540
clean_white,1.0,0.99184,0.99077,0.0,p_6a1e3ae3088e6.jpg,False,540,3079,0,0.79576,1559,3,540
clean_white,1.0,1.0,1.0,0.0,p_6a1e3ae308eac.jpg,False,540,3080,0,0.88428,1559,6,540
clean_white,1.0,1.0,1.0,0.0,p_6a1e3ae4306eb.jpg,False,540,3081,1,0.88428,1560,1,540
clean_white,1.0,1.0,1.0,0.0,p_6a1e3ae430d64.jpg,False,540,3082,0,0.91756,1560,3,540
clean_white,1.0,1.0,1.0,0.0,p_6a1e3ae4313d3.jpg,False,540,3083,0,0.97275,1560,6,540
clean_white,1.0,1.0,1.0,0.0,p_6a1e3ae55d078.jpg,False,540,3084,1,0.88428,1561,1,540
clean_white,1.0,1.0,1.0,0.0,p_6a1e3ae55d7df.jpg,False,540,3085,0,0.91756,1561,3,540
clean_white,1.0,1.0,1.0,0.0,p_6a1e3ae55de8c.jpg,False,540,3086,0,0.97275,1561,6,540
clean_white,1.0,0.99184,0.99077,0.0,p_6a1e3ae6862e0.jpg,False,540,3087,1,0.79576,1562,1,540
clean_white,1.0,0.99169,0.99114,0.0,p_6a1e3ae6868f6.jpg,False,540,3088,0,0.63782,1562,3,540
clean_white,1.0,1.0,1.0,0.0,p_6a1e3ae687012.jpg,False,540,3089,0,0.75032,1562,6,540
clean_white,1.0,0.93721,0.93643,0.0,p_6a1e3ae8aa39a.jpg,False,540,3090,1,0.52382,1563,1,540
clean_white,1.0,1.0,1.0,0.0,p_6a1e3ae8aaacb.jpg,False,540,3091,0,0.63819,1563,3,540
review_white,1.0,0.89993,0.89853,0.0,p_6a1e3ae8ab048.jpg,False,540,3092,0,0.55247,1563,6,540
clean_white,1.0,1.0,1.0,0.0,p_6a1e3aea205fa.jpg,False,540,3093,1,0.9831,1564,1,540
clean_white,1.0,1.0,1.0,0.0,p_6a1e3aea20c4f.jpg,False,540,3094,0,0.9735,1564,3,540
clean_white,1.0,1.0,1.0,0.0,p_6a1e3aea2125e.jpg,False,540,3095,0,0.97748,1564,6,540
clean_white,1.0,1.0,1.0,0.0,p_6a1e3aeba0a0f.jpg,False,540,3096,1,0.88428,1565,1,540
clean_white,1.0,1.0,1.0,0.0,p_6a1e3aeba0fe4.jpg,False,540,3097,0,0.91756,1565,3,540
clean_white,1.0,1.0,1.0,0.0,p_6a1e3aeba155d.jpg,False,540,3098,0,0.97275,1565,6,540
clean_white,1.0,0.99184,0.99077,0.0,p_6a1e3aecd900e.jpg,False,540,3099,1,0.79576,1566,1,540
clean_white,1.0,0.99169,0.99114,0.0,p_6a1e3aecd9707.jpg,False,540,3100,0,0.63782,1566,3,540
clean_white,1.0,1.0,1.0,0.0,p_6a1e3aecd9e87.jpg,False,540,3101,0,0.75032,1566,6,540
clean_white,1.0,0.9996,0.99949,0.0,p_6a1e3aee17d07.jpg,False,540,3102,1,0.97228,1567,1,540
clean_white,1.0,0.99184,0.99077,0.0,p_6a1e3aee18296.jpg,False,540,3103,0,0.79576,1567,3,540
clean_white,1.0,1.0,1.0,0.0,p_6a1e3aee187a0.jpg,False,540,3104,0,0.88428,1567,6,540
clean_white,1.0,0.9996,0.99949,0.0,p_6a1e3af062a75.jpg,False,540,3105,1,0.97228,1568,1,540
clean_white,1.0,0.99184,0.99077,0.0,p_6a1e3af063226.jpg,False,540,3106,0,0.79576,1568,3,540
clean_white,1.0,1.0,1.0,0.0,p_6a1e3af0639a8.jpg,False,540,3107,0,0.88428,1568,6,540
clean_white,1.0,0.9996,0.99949,0.0,p_6a1e3af189844.jpg,False,540,3108,1,0.97228,1569,1,540
clean_white,1.0,0.99184,0.99077,0.0,p_6a1e3af189e85.jpg,False,540,3109,0,0.79576,1569,3,540
clean_white,1.0,1.0,1.0,0.0,p_6a1e3af18a354.jpg,False,540,3110,0,0.88428,1569,6,540
clean_white,1.0,0.9996,0.99949,0.0,p_6a1e3af2b9e36.jpg,False,540,3111,1,0.97228,1570,1,540
clean_white,1.0,0.99184,0.99077,0.0,p_6a1e3af2ba66b.jpg,False,540,3112,0,0.79576,1570,3,540
clean_white,1.0,1.0,1.0,0.0,p_6a1e3af2bac28.jpg,False,540,3113,0,0.88428,1570,6,540
clean_white,1.0,0.9996,0.99949,0.0,p_6a1e3af3e715f.jpg,False,540,3114,1,0.97228,1571,1,540
clean_white,1.0,0.99184,0.99077,0.0,p_6a1e3af3e7766.jpg,False,540,3115,0,0.79576,1571,3,540
clean_white,1.0,1.0,1.0,0.0,p_6a1e3af3e7da6.jpg,False,540,3116,0,0.88428,1571,6,540
clean_white,1.0,1.0,1.0,0.0,p_6a1e3af519710.jpg,False,540,3117,1,0.90461,1572,1,540
clean_white,1.0,0.93338,0.93239,0.0,p_6a1e3af51a047.jpg,False,540,3118,0,0.82054,1572,3,540
clean_white,1.0,0.98338,0.98243,0.0,p_6a1e3af51a85a.jpg,False,540,3119,0,0.92095,1572,6,540
clean_white,1.0,1.0,1.0,0.0,p_6a1e3af640b07.jpg,False,540,3120,1,0.88428,1573,1,540
clean_white,1.0,1.0,1.0,0.0,p_6a1e3af641034.jpg,False,540,3121,0,0.91756,1573,3,540
clean_white,1.0,1.0,1.0,0.0,p_6a1e3af641692.jpg,False,540,3122,0,0.97275,1573,6,540
needs_background,0.04948,0.01963,0.00665,0.0,p_6a1e4f509bbe1.png,True,640,3123,1,0.02037,1574,1,946
needs_background,0.0,0.00651,0.00651,0.0,p_6a1e4f509c171.png,True,303,3124,0,0.06146,1574,3,966
needs_background,0.0,0.00616,0.00576,0.0,p_6a1e4f509c837.png,True,631,3125,0,0.04398,1574,6,972
clean_white,1.0,0.93721,0.93643,0.0,p_6a1e3af90404d.jpg,False,540,3126,1,0.52382,1575,1,540
clean_white,1.0,1.0,1.0,0.0,p_6a1e3af904642.jpg,False,540,3127,0,0.63819,1575,3,540
review_white,1.0,0.89993,0.89853,0.0,p_6a1e3af904f6e.jpg,False,540,3128,0,0.55247,1575,6,540
clean_white,1.0,1.0,1.0,0.0,p_6a1e3afa2bd98.jpg,False,540,3129,1,0.9831,1576,1,540
clean_white,1.0,1.0,1.0,0.0,p_6a1e3afa2c34d.jpg,False,540,3130,0,0.9735,1576,3,540
clean_white,1.0,1.0,1.0,0.0,p_6a1e3afa2c8a4.jpg,False,540,3131,0,0.97748,1576,6,540
clean_white,1.0,1.0,1.0,0.0,p_6a1e3afb592e0.jpg,False,540,3132,1,0.88428,1577,1,540
clean_white,1.0,1.0,1.0,0.0,p_6a1e3afb598de.jpg,False,540,3133,0,0.91756,1577,3,540
clean_white,1.0,1.0,1.0,0.0,p_6a1e3afb59fe5.jpg,False,540,3134,0,0.97275,1577,6,540
clean_white,1.0,0.99184,0.99077,0.0,p_6a1e3afc816d0.jpg,False,540,3135,1,0.79576,1578,1,540
clean_white,1.0,0.99169,0.99114,0.0,p_6a1e3afc81dc1.jpg,False,540,3136,0,0.63782,1578,3,540
clean_white,1.0,1.0,1.0,0.0,p_6a1e3afc823d9.jpg,False,540,3137,0,0.75032,1578,6,540
clean_white,1.0,0.9996,0.99949,0.0,p_6a1e3afe2095a.jpg,False,540,3138,1,0.97228,1579,1,540
clean_white,1.0,0.99184,0.99077,0.0,p_6a1e3afe211b5.jpg,False,540,3139,0,0.79576,1579,3,540
clean_white,1.0,1.0,1.0,0.0,p_6a1e3afe218f1.jpg,False,540,3140,0,0.88428,1579,6,540
clean_white,1.0,0.9996,0.99949,0.0,p_6a1e3aff9d68c.jpg,False,540,3141,1,0.97228,1580,1,540
clean_white,1.0,0.99184,0.99077,0.0,p_6a1e3aff9dd96.jpg,False,540,3142,0,0.79576,1580,3,540
clean_white,1.0,1.0,1.0,0.0,p_6a1e3aff9e340.jpg,False,540,3143,0,0.88428,1580,6,540
clean_white,1.0,1.0,1.0,0.0,p_6a1e3b00c73a7.jpg,False,540,3144,1,0.90461,1581,1,540
clean_white,1.0,0.93338,0.93239,0.0,p_6a1e3b00c79ee.jpg,False,540,3145,0,0.82054,1581,3,540
clean_white,1.0,0.98338,0.98243,0.0,p_6a1e3b00c8035.jpg,False,540,3146,0,0.92095,1581,6,540
clean_white,1.0,1.0,1.0,0.0,p_6a1e3b01f2f8e.jpg,False,540,3147,1,0.88428,1582,1,540
clean_white,1.0,1.0,1.0,0.0,p_6a1e3b01f34ec.jpg,False,540,3148,0,0.91756,1582,3,540
clean_white,1.0,1.0,1.0,0.0,p_6a1e3b01f3a3a.jpg,False,540,3149,0,0.97275,1582,6,540
clean_white,1.0,0.99184,0.99077,0.0,p_6a1e3b0327bdd.jpg,False,540,3150,1,0.79576,1583,1,540
clean_white,1.0,0.99169,0.99114,0.0,p_6a1e3b03281d9.jpg,False,540,3151,0,0.63782,1583,3,540
clean_white,1.0,1.0,1.0,0.0,p_6a1e3b03287ea.jpg,False,540,3152,0,0.75032,1583,6,540
clean_white,1.0,0.93721,0.93643,0.0,p_6a1e3b04557ab.jpg,False,540,3153,1,0.52382,1584,1,540
clean_white,1.0,1.0,1.0,0.0,p_6a1e3b0455dba.jpg,False,540,3154,0,0.63819,1584,3,540
review_white,1.0,0.89993,0.89853,0.0,p_6a1e3b0456481.jpg,False,540,3155,0,0.55247,1584,6,540
clean_white,1.0,0.9996,0.99949,0.0,p_6a1e3b0580e12.jpg,False,540,3156,1,0.97228,1585,1,540
clean_white,1.0,0.99184,0.99077,0.0,p_6a1e3b05815a4.jpg,False,540,3157,0,0.79576,1585,3,540
clean_white,1.0,1.0,1.0,0.0,p_6a1e3b0581bc9.jpg,False,540,3158,0,0.88428,1585,6,540
clean_white,1.0,1.0,1.0,0.0,p_6a1e3b06a66f0.jpg,False,540,3159,1,0.88428,1586,1,540
clean_white,1.0,1.0,1.0,0.0,p_6a1e3b06a6d95.jpg,False,540,3160,0,0.91756,1586,3,540
clean_white,1.0,1.0,1.0,0.0,p_6a1e3b06a7370.jpg,False,540,3161,0,0.97275,1586,6,540
clean_white,1.0,1.0,1.0,0.0,p_6a1e3b0833b21.jpg,False,540,3162,1,0.88428,1587,1,540
clean_white,1.0,1.0,1.0,0.0,p_6a1e3b083410c.jpg,False,540,3163,0,0.91756,1587,3,540
clean_white,1.0,1.0,1.0,0.0,p_6a1e3b0834666.jpg,False,540,3164,0,0.97275,1587,6,540
clean_white,1.0,0.99184,0.99077,0.0,p_6a1e3b0958ccc.jpg,False,540,3165,1,0.79576,1588,1,540
clean_white,1.0,0.99169,0.99114,0.0,p_6a1e3b09593ca.jpg,False,540,3166,0,0.63782,1588,3,540
clean_white,1.0,1.0,1.0,0.0,p_6a1e3b095998a.jpg,False,540,3167,0,0.75032,1588,6,540
clean_white,1.0,0.94489,0.94298,0.0,p_6a1e3b0beffbf.jpg,False,540,3168,1,0.84052,1589,1,540
review_white,1.0,0.92283,0.91846,0.0,p_6a1e3b0bf0614.jpg,False,540,3169,0,0.54779,1589,3,540
clean_white,1.0,1.0,1.0,0.0,p_6a1e3b0bf0bac.jpg,False,540,3170,0,0.83054,1589,6,540
clean_white,1.0,0.9996,0.99949,0.0,p_6a1e3b0d200d0.jpg,False,540,3171,1,0.97228,1590,1,540
clean_white,1.0,0.99184,0.99077,0.0,p_6a1e3b0d20817.jpg,False,540,3172,0,0.79576,1590,3,540
clean_white,1.0,1.0,1.0,0.0,p_6a1e3b0d20d53.jpg,False,540,3173,0,0.88428,1590,6,540
clean_white,1.0,1.0,1.0,0.0,p_6a1e3b0e48ec1.jpg,False,540,3174,1,0.88428,1591,1,540
clean_white,1.0,1.0,1.0,0.0,p_6a1e3b0e495fb.jpg,False,540,3175,0,0.91756,1591,3,540
clean_white,1.0,1.0,1.0,0.0,p_6a1e3b0e49c7a.jpg,False,540,3176,0,0.97275,1591,6,540
clean_white,1.0,1.0,1.0,0.0,p_6a1e3b0f78dca.jpg,False,540,3177,1,0.88428,1592,1,540
clean_white,1.0,1.0,1.0,0.0,p_6a1e3b0f79467.jpg,False,540,3178,0,0.91756,1592,3,540
clean_white,1.0,1.0,1.0,0.0,p_6a1e3b0f79bf2.jpg,False,540,3179,0,0.97275,1592,6,540
clean_white,1.0,0.99184,0.99077,0.0,p_6a1e3b10a54dd.jpg,False,540,3180,1,0.79576,1593,1,540
clean_white,1.0,0.99169,0.99114,0.0,p_6a1e3b10a5b60.jpg,False,540,3181,0,0.63782,1593,3,540
clean_white,1.0,1.0,1.0,0.0,p_6a1e3b10a6248.jpg,False,540,3182,0,0.75032,1593,6,540
clean_white,1.0,0.93721,0.93643,0.0,p_6a1e3b11d35aa.jpg,False,540,3183,1,0.52382,1594,1,540
clean_white,1.0,1.0,1.0,0.0,p_6a1e3b11d3c0f.jpg,False,540,3184,0,0.63819,1594,3,540
review_white,1.0,0.89993,0.89853,0.0,p_6a1e3b11d413e.jpg,False,540,3185,0,0.55247,1594,6,540
clean_white,1.0,0.9996,0.99949,0.0,p_6a1e3b1360660.jpg,False,540,3186,1,0.97228,1595,1,540
clean_white,1.0,0.99184,0.99077,0.0,p_6a1e3b1360c35.jpg,False,540,3187,0,0.79576,1595,3,540
clean_white,1.0,1.0,1.0,0.0,p_6a1e3b136123f.jpg,False,540,3188,0,0.88428,1595,6,540
clean_white,1.0,1.0,1.0,0.0,p_6a1e3b148b465.jpg,False,540,3189,1,0.9831,1596,1,540
clean_white,1.0,1.0,1.0,0.0,p_6a1e3b148ba2d.jpg,False,540,3190,0,0.9735,1596,3,540
clean_white,1.0,1.0,1.0,0.0,p_6a1e3b148bf65.jpg,False,540,3191,0,0.97748,1596,6,540
clean_white,1.0,1.0,1.0,0.0,p_6a1e3b15b3455.jpg,False,540,3192,1,0.88428,1597,1,540
clean_white,1.0,1.0,1.0,0.0,p_6a1e3b15b397a.jpg,False,540,3193,0,0.91756,1597,3,540
clean_white,1.0,1.0,1.0,0.0,p_6a1e3b15b3e98.jpg,False,540,3194,0,0.97275,1597,6,540
clean_white,1.0,1.0,1.0,0.0,p_6a1e3b16de9d6.jpg,False,540,3195,1,0.88428,1598,1,540
clean_white,1.0,1.0,1.0,0.0,p_6a1e3b16df142.jpg,False,540,3196,0,0.91756,1598,3,540
clean_white,1.0,1.0,1.0,0.0,p_6a1e3b16df7bd.jpg,False,540,3197,0,0.97275,1598,6,540
clean_white,1.0,0.99184,0.99077,0.0,p_6a1e3b181b081.jpg,False,540,3198,1,0.79576,1599,1,540
clean_white,1.0,0.99169,0.99114,0.0,p_6a1e3b181b84a.jpg,False,540,3199,0,0.63782,1599,3,540
clean_white,1.0,1.0,1.0,0.0,p_6a1e3b181bedb.jpg,False,540,3200,0,0.75032,1599,6,540
clean_white,1.0,0.93721,0.93643,0.0,p_6a1e3b1948bb8.jpg,False,540,3201,1,0.52382,1600,1,540
clean_white,1.0,1.0,1.0,0.0,p_6a1e3b1949264.jpg,False,540,3202,0,0.63819,1600,3,540
review_white,1.0,0.89993,0.89853,0.0,p_6a1e3b1949938.jpg,False,540,3203,0,0.55247,1600,6,540
clean_white,1.0,0.9996,0.99949,0.0,p_6a1e3b1a807d0.jpg,False,540,3204,1,0.97228,1601,1,540
clean_white,1.0,0.99184,0.99077,0.0,p_6a1e3b1a80e4b.jpg,False,540,3205,0,0.79576,1601,3,540
clean_white,1.0,1.0,1.0,0.0,p_6a1e3b1a81485.jpg,False,540,3206,0,0.88428,1601,6,540
clean_white,1.0,1.0,1.0,0.0,p_6a1e3b1bad6eb.jpg,False,540,3207,1,0.88428,1602,1,540
clean_white,1.0,1.0,1.0,0.0,p_6a1e3b1badcc7.jpg,False,540,3208,0,0.91756,1602,3,540
clean_white,1.0,1.0,1.0,0.0,p_6a1e3b1bae301.jpg,False,540,3209,0,0.97275,1602,6,540
clean_white,1.0,0.99184,0.99077,0.0,p_6a1e3b1cd74aa.jpg,False,540,3210,1,0.79576,1603,1,540
clean_white,1.0,0.99169,0.99114,0.0,p_6a1e3b1cd7aa8.jpg,False,540,3211,0,0.63782,1603,3,540
clean_white,1.0,1.0,1.0,0.0,p_6a1e3b1cd8067.jpg,False,540,3212,0,0.75032,1603,6,540
clean_white,1.0,0.93721,0.93643,0.0,p_6a1e3b1e0f154.jpg,False,540,3213,1,0.52382,1604,1,540
clean_white,1.0,1.0,1.0,0.0,p_6a1e3b1e0f7c9.jpg,False,540,3214,0,0.63819,1604,3,540
review_white,1.0,0.89993,0.89853,0.0,p_6a1e3b1e0fda8.jpg,False,540,3215,0,0.55247,1604,6,540
clean_white,1.0,0.9996,0.99949,0.0,p_6a1e3b1f643c8.jpg,False,540,3216,1,0.97228,1605,1,540
clean_white,1.0,0.99184,0.99077,0.0,p_6a1e3b1f6498a.jpg,False,540,3217,0,0.79576,1605,3,540
clean_white,1.0,1.0,1.0,0.0,p_6a1e3b1f64f23.jpg,False,540,3218,0,0.88428,1605,6,540
clean_white,1.0,1.0,1.0,0.0,p_6a1e3b208cebf.jpg,False,540,3219,1,0.88428,1606,1,540
clean_white,1.0,1.0,1.0,0.0,p_6a1e3b208d578.jpg,False,540,3220,0,0.91756,1606,3,540
clean_white,1.0,1.0,1.0,0.0,p_6a1e3b208dbd8.jpg,False,540,3221,0,0.97275,1606,6,540
clean_white,1.0,1.0,1.0,0.0,p_6a1e3b21ede2a.jpg,False,540,3222,1,0.88428,1607,1,540
clean_white,1.0,1.0,1.0,0.0,p_6a1e3b21ee491.jpg,False,540,3223,0,0.91756,1607,3,540
clean_white,1.0,1.0,1.0,0.0,p_6a1e3b21eeaa7.jpg,False,540,3224,0,0.97275,1607,6,540
clean_white,1.0,0.99184,0.99077,0.0,p_6a1e3b23360ad.jpg,False,540,3225,1,0.79576,1608,1,540
clean_white,1.0,0.99169,0.99114,0.0,p_6a1e3b2336704.jpg,False,540,3226,0,0.63782,1608,3,540
clean_white,1.0,1.0,1.0,0.0,p_6a1e3b2336d88.jpg,False,540,3227,0,0.75032,1608,6,540
clean_white,1.0,0.93721,0.93643,0.0,p_6a1e3b2460819.jpg,False,540,3228,1,0.52382,1609,1,540
clean_white,1.0,1.0,1.0,0.0,p_6a1e3b24614f1.jpg,False,540,3229,0,0.63819,1609,3,540
review_white,1.0,0.89993,0.89853,0.0,p_6a1e3b2461bd3.jpg,False,540,3230,0,0.55247,1609,6,540
clean_white,1.0,0.9996,0.99949,0.0,p_6a1e3b25dde4b.jpg,False,540,3231,1,0.97228,1610,1,540
clean_white,1.0,0.99184,0.99077,0.0,p_6a1e3b25de42d.jpg,False,540,3232,0,0.79576,1610,3,540
clean_white,1.0,1.0,1.0,0.0,p_6a1e3b25deaa6.jpg,False,540,3233,0,0.88428,1610,6,540
clean_white,1.0,1.0,0.9975,0.0,p_6a1e3b28cfde4.jpg,False,540,3234,1,0.86775,1611,1,540
clean_white,1.0,1.0,1.0,0.0,p_6a1e3b28d03a9.jpg,False,540,3235,0,0.72441,1611,3,540
clean_white,1.0,1.0,1.0,0.0,p_6a1e3b28d090c.jpg,False,540,3236,0,0.78904,1611,6,540
clean_white,1.0,1.0,1.0,0.0,p_6a1e3b2a0a847.jpg,False,540,3237,1,0.88428,1612,1,540
clean_white,1.0,1.0,1.0,0.0,p_6a1e3b2a0adc7.jpg,False,540,3238,0,0.91756,1612,3,540
clean_white,1.0,1.0,1.0,0.0,p_6a1e3b2a0b3a9.jpg,False,540,3239,0,0.97275,1612,6,540
clean_white,1.0,0.99184,0.99077,0.0,p_6a1e3b2b3b4a8.jpg,False,540,3240,1,0.79576,1613,1,540
clean_white,1.0,0.99169,0.99114,0.0,p_6a1e3b2b3bb28.jpg,False,540,3241,0,0.63782,1613,3,540
clean_white,1.0,1.0,1.0,0.0,p_6a1e3b2b3c090.jpg,False,540,3242,0,0.75032,1613,6,540
clean_white,1.0,0.93721,0.93643,0.0,p_6a1e3b2c7332d.jpg,False,540,3243,1,0.52382,1614,1,540
clean_white,1.0,1.0,1.0,0.0,p_6a1e3b2c739ce.jpg,False,540,3244,0,0.63819,1614,3,540
review_white,1.0,0.89993,0.89853,0.0,p_6a1e3b2c7409a.jpg,False,540,3245,0,0.55247,1614,6,540
clean_white,1.0,0.9996,0.99949,0.0,p_6a1e3b2db4245.jpg,False,540,3246,1,0.97228,1615,1,540
clean_white,1.0,0.99184,0.99077,0.0,p_6a1e3b2db4849.jpg,False,540,3247,0,0.79576,1615,3,540
clean_white,1.0,1.0,1.0,0.0,p_6a1e3b2db53d2.jpg,False,540,3248,0,0.88428,1615,6,540
clean_white,1.0,1.0,1.0,0.0,p_6a1e3b304faac.jpg,False,540,3249,1,0.68808,1616,1,540
clean_white,1.0,1.0,1.0,0.0,p_6a1e3b3050089.jpg,False,540,3250,0,0.81906,1616,3,540
clean_white,1.0,1.0,1.0,0.0,p_6a1e3b305067f.jpg,False,540,3251,0,0.8146,1616,6,540
clean_white,1.0,0.9996,0.99949,0.0,p_6a1e3b3180167.jpg,False,540,3252,1,0.97228,1617,1,540
clean_white,1.0,0.99184,0.99077,0.0,p_6a1e3b318070f.jpg,False,540,3253,0,0.79576,1617,3,540
clean_white,1.0,1.0,1.0,0.0,p_6a1e3b3180e22.jpg,False,540,3254,0,0.88428,1617,6,540
clean_white,1.0,0.9996,0.99949,0.0,p_6a1e3b32a88ae.jpg,False,540,3255,1,0.97228,1618,1,540
clean_white,1.0,0.99184,0.99077,0.0,p_6a1e3b32a8f8a.jpg,False,540,3256,0,0.79576,1618,3,540
clean_white,1.0,1.0,1.0,0.0,p_6a1e3b32a9658.jpg,False,540,3257,0,0.88428,1618,6,540
clean_white,1.0,1.0,1.0,0.0,p_6a1e3b33dae8f.jpg,False,540,3258,1,0.90461,1619,1,540
clean_white,1.0,0.93338,0.93239,0.0,p_6a1e3b33db5e5.jpg,False,540,3259,0,0.82054,1619,3,540
clean_white,1.0,0.98338,0.98243,0.0,p_6a1e3b33dbcb5.jpg,False,540,3260,0,0.92095,1619,6,540
clean_white,1.0,0.9996,0.99949,0.0,p_6a1e3b35119b2.jpg,False,540,3261,1,0.97228,1620,1,540
clean_white,1.0,0.99184,0.99077,0.0,p_6a1e3b3512105.jpg,False,540,3262,0,0.79576,1620,3,540
clean_white,1.0,1.0,1.0,0.0,p_6a1e3b3512730.jpg,False,540,3263,0,0.88428,1620,6,540
clean_white,1.0,0.9996,0.99949,0.0,p_6a1e3b364a3cd.jpg,False,540,3264,1,0.97228,1621,1,540
clean_white,1.0,0.99184,0.99077,0.0,p_6a1e3b364ac0d.jpg,False,540,3265,0,0.79576,1621,3,540
clean_white,1.0,1.0,1.0,0.0,p_6a1e3b364b282.jpg,False,540,3266,0,0.88428,1621,6,540
clean_white,1.0,0.9996,0.99949,0.0,p_6a1e3b378267f.jpg,False,540,3267,1,0.97228,1622,1,540
clean_white,1.0,0.99184,0.99077,0.0,p_6a1e3b3782dd2.jpg,False,540,3268,0,0.79576,1622,3,540
clean_white,1.0,1.0,1.0,0.0,p_6a1e3b37833ba.jpg,False,540,3269,0,0.88428,1622,6,540
clean_white,1.0,0.9996,0.99949,0.0,p_6a1e3b38b411f.jpg,False,540,3270,1,0.97228,1623,1,540
clean_white,1.0,0.99184,0.99077,0.0,p_6a1e3b38b4783.jpg,False,540,3271,0,0.79576,1623,3,540
clean_white,1.0,1.0,1.0,0.0,p_6a1e3b38b4c96.jpg,False,540,3272,0,0.88428,1623,6,540
clean_white,1.0,1.0,1.0,0.0,p_6a1e3b39e5673.jpg,False,540,3273,1,0.90461,1624,1,540
clean_white,1.0,0.93338,0.93239,0.0,p_6a1e3b39e5e77.jpg,False,540,3274,0,0.82054,1624,3,540
clean_white,1.0,0.98338,0.98243,0.0,p_6a1e3b39e6462.jpg,False,540,3275,0,0.92095,1624,6,540
clean_white,1.0,0.9996,0.99949,0.0,p_6a1e3b3b6f539.jpg,False,540,3276,1,0.97228,1625,1,540
clean_white,1.0,0.99184,0.99077,0.0,p_6a1e3b3b6fbf4.jpg,False,540,3277,0,0.79576,1625,3,540
clean_white,1.0,1.0,1.0,0.0,p_6a1e3b3b70228.jpg,False,540,3278,0,0.88428,1625,6,540
clean_white,1.0,1.0,1.0,0.0,p_6a1e3b3c9ccba.jpg,False,540,3279,1,0.90461,1626,1,540
clean_white,1.0,0.93338,0.93239,0.0,p_6a1e3b3c9d369.jpg,False,540,3280,0,0.82054,1626,3,540
clean_white,1.0,0.98338,0.98243,0.0,p_6a1e3b3c9d999.jpg,False,540,3281,0,0.92095,1626,6,540
clean_white,1.0,0.9996,0.99949,0.0,p_6a1e3b3e6ad66.jpg,False,540,3282,1,0.97228,1627,1,540
clean_white,1.0,0.99184,0.99077,0.0,p_6a1e3b3e6bf7d.jpg,False,540,3283,0,0.79576,1627,3,540
clean_white,1.0,1.0,1.0,0.0,p_6a1e3b3e6c9e6.jpg,False,540,3284,0,0.88428,1627,6,540
clean_white,1.0,0.9996,0.99949,0.0,p_6a1e3b3fa0782.jpg,False,540,3285,1,0.97228,1628,1,540
clean_white,1.0,0.99184,0.99077,0.0,p_6a1e3b3fa0e88.jpg,False,540,3286,0,0.79576,1628,3,540
clean_white,1.0,1.0,1.0,0.0,p_6a1e3b3fa144c.jpg,False,540,3287,0,0.88428,1628,6,540
clean_white,1.0,0.9996,0.99949,0.0,p_6a1e3b40d5276.jpg,False,540,3288,1,0.97228,1629,1,540
clean_white,1.0,0.99184,0.99077,0.0,p_6a1e3b40d595e.jpg,False,540,3289,0,0.79576,1629,3,540
clean_white,1.0,1.0,1.0,0.0,p_6a1e3b40d5ec1.jpg,False,540,3290,0,0.88428,1629,6,540
clean_white,1.0,0.9996,0.99949,0.0,p_6a1e3b4211533.jpg,False,540,3291,1,0.97228,1630,1,540
clean_white,1.0,0.99184,0.99077,0.0,p_6a1e3b4211b77.jpg,False,540,3292,0,0.79576,1630,3,540
clean_white,1.0,1.0,1.0,0.0,p_6a1e3b4212239.jpg,False,540,3293,0,0.88428,1630,6,540
clean_white,1.0,0.9996,0.99949,0.0,p_6a1e3b433e510.jpg,False,540,3294,1,0.97228,1631,1,540
clean_white,1.0,0.99184,0.99077,0.0,p_6a1e3b433eb2a.jpg,False,540,3295,0,0.79576,1631,3,540
clean_white,1.0,1.0,1.0,0.0,p_6a1e3b433f0f9.jpg,False,540,3296,0,0.88428,1631,6,540
clean_white,1.0,1.0,1.0,0.0,p_6a1e3b4473f71.jpg,False,540,3297,1,0.90461,1632,1,540
clean_white,1.0,0.93338,0.93239,0.0,p_6a1e3b447457b.jpg,False,540,3298,0,0.82054,1632,3,540
clean_white,1.0,0.98338,0.98243,0.0,p_6a1e3b4474c4a.jpg,False,540,3299,0,0.92095,1632,6,540
clean_white,1.0,0.9996,0.99949,0.0,p_6a1e3b45a5cad.jpg,False,540,3300,1,0.97228,1633,1,540
clean_white,1.0,0.99184,0.99077,0.0,p_6a1e3b45a623d.jpg,False,540,3301,0,0.79576,1633,3,540
clean_white,1.0,1.0,1.0,0.0,p_6a1e3b45a6783.jpg,False,540,3302,0,0.88428,1633,6,540
clean_white,1.0,0.9996,0.99949,0.0,p_6a1e3b46d53bb.jpg,False,540,3303,1,0.97228,1634,1,540
clean_white,1.0,0.99184,0.99077,0.0,p_6a1e3b46d5a28.jpg,False,540,3304,0,0.79576,1634,3,540
clean_white,1.0,1.0,1.0,0.0,p_6a1e3b46d60ad.jpg,False,540,3305,0,0.88428,1634,6,540
clean_white,1.0,1.0,1.0,0.0,p_6a1e3b480a001.jpg,False,540,3306,1,0.90461,1635,1,540
clean_white,1.0,0.93338,0.93239,0.0,p_6a1e3b480a7b8.jpg,False,540,3307,0,0.82054,1635,3,540
clean_white,1.0,0.98338,0.98243,0.0,p_6a1e3b480ad8a.jpg,False,540,3308,0,0.92095,1635,6,540
clean_white,1.0,0.9996,0.99949,0.0,p_6a1e3b4944174.jpg,False,540,3309,1,0.97228,1636,1,540
clean_white,1.0,0.99184,0.99077,0.0,p_6a1e3b49474e3.jpg,False,540,3310,0,0.79576,1636,3,540
clean_white,1.0,1.0,1.0,0.0,p_6a1e3b494a624.jpg,False,540,3311,0,0.88428,1636,6,540
clean_white,1.0,1.0,1.0,0.0,p_6a1e3b4a77dab.jpg,False,540,3312,1,0.90461,1637,1,540
clean_white,1.0,0.93338,0.93239,0.0,p_6a1e3b4a782ec.jpg,False,540,3313,0,0.82054,1637,3,540
clean_white,1.0,0.98338,0.98243,0.0,p_6a1e3b4a787dd.jpg,False,540,3314,0,0.92095,1637,6,540
clean_white,1.0,0.9996,0.99949,0.0,p_6a1e3b4ba4613.jpg,False,540,3315,1,0.97228,1638,1,540
clean_white,1.0,0.99184,0.99077,0.0,p_6a1e3b4ba4d26.jpg,False,540,3316,0,0.79576,1638,3,540
clean_white,1.0,1.0,1.0,0.0,p_6a1e3b4ba53bd.jpg,False,540,3317,0,0.88428,1638,6,540
clean_white,1.0,0.9996,0.99949,0.0,p_6a1e3b4cd53ac.jpg,False,540,3318,1,0.97228,1639,1,540
clean_white,1.0,0.99184,0.99077,0.0,p_6a1e3b4cd5c15.jpg,False,540,3319,0,0.79576,1639,3,540
clean_white,1.0,1.0,1.0,0.0,p_6a1e3b4cd62e2.jpg,False,540,3320,0,0.88428,1639,6,540
clean_white,1.0,1.0,1.0,0.0,p_6a1e3b4f20330.jpg,False,540,3321,1,0.90461,1640,1,540
clean_white,1.0,0.93338,0.93239,0.0,p_6a1e3b4f20953.jpg,False,540,3322,0,0.82054,1640,3,540
clean_white,1.0,0.98338,0.98243,0.0,p_6a1e3b4f21072.jpg,False,540,3323,0,0.92095,1640,6,540
clean_white,1.0,0.9996,0.99949,0.0,p_6a1e3b5052fe5.jpg,False,540,3324,1,0.97228,1641,1,540
clean_white,1.0,0.99184,0.99077,0.0,p_6a1e3b50535df.jpg,False,540,3325,0,0.79576,1641,3,540
clean_white,1.0,1.0,1.0,0.0,p_6a1e3b5053c13.jpg,False,540,3326,0,0.88428,1641,6,540
clean_white,1.0,0.9996,0.99949,0.0,p_6a1e3b517b5a0.jpg,False,540,3327,1,0.97228,1642,1,540
clean_white,1.0,0.99184,0.99077,0.0,p_6a1e3b517bb14.jpg,False,540,3328,0,0.79576,1642,3,540
clean_white,1.0,1.0,1.0,0.0,p_6a1e3b517bfe2.jpg,False,540,3329,0,0.88428,1642,6,540
clean_white,1.0,1.0,1.0,0.0,p_6a1e3b52a8008.jpg,False,540,3330,1,0.90461,1643,1,540
clean_white,1.0,0.93338,0.93239,0.0,p_6a1e3b52a8669.jpg,False,540,3331,0,0.82054,1643,3,540
clean_white,1.0,0.98338,0.98243,0.0,p_6a1e3b52a8b99.jpg,False,540,3332,0,0.92095,1643,6,540
clean_white,1.0,0.9996,0.99949,0.0,p_6a1e3b545e419.jpg,False,540,3333,1,0.97228,1644,1,540
clean_white,1.0,0.99184,0.99077,0.0,p_6a1e3b545eaff.jpg,False,540,3334,0,0.79576,1644,3,540
clean_white,1.0,1.0,1.0,0.0,p_6a1e3b545f103.jpg,False,540,3335,0,0.88428,1644,6,540
clean_white,1.0,0.9996,0.99949,0.0,p_6a1e3b558798c.jpg,False,540,3336,1,0.97228,1645,1,540
clean_white,1.0,0.99184,0.99077,0.0,p_6a1e3b5587ee3.jpg,False,540,3337,0,0.79576,1645,3,540
clean_white,1.0,1.0,1.0,0.0,p_6a1e3b5588447.jpg,False,540,3338,0,0.88428,1645,6,540
clean_white,1.0,0.9996,0.99949,0.0,p_6a1e3b56afcff.jpg,False,540,3339,1,0.97228,1646,1,540
clean_white,1.0,0.99184,0.99077,0.0,p_6a1e3b56b0390.jpg,False,540,3340,0,0.79576,1646,3,540
clean_white,1.0,1.0,1.0,0.0,p_6a1e3b56b0a40.jpg,False,540,3341,0,0.88428,1646,6,540
clean_white,1.0,1.0,1.0,0.0,p_6a1e3b57e618e.jpg,False,540,3342,1,0.90461,1647,1,540
clean_white,1.0,0.93338,0.93239,0.0,p_6a1e3b57e68f9.jpg,False,540,3343,0,0.82054,1647,3,540
clean_white,1.0,0.98338,0.98243,0.0,p_6a1e3b57e6f15.jpg,False,540,3344,0,0.92095,1647,6,540
clean_white,1.0,0.9996,0.99949,0.0,p_6a1e3b5929a53.jpg,False,540,3345,1,0.97228,1648,1,540
clean_white,1.0,0.99184,0.99077,0.0,p_6a1e3b592a189.jpg,False,540,3346,0,0.79576,1648,3,540
clean_white,1.0,1.0,1.0,0.0,p_6a1e3b592a830.jpg,False,540,3347,0,0.88428,1648,6,540
clean_white,1.0,0.9996,0.99949,0.0,p_6a1e3b5a5f2e4.jpg,False,540,3348,1,0.97228,1649,1,540
clean_white,1.0,0.99184,0.99077,0.0,p_6a1e3b5a5fa8b.jpg,False,540,3349,0,0.79576,1649,3,540
clean_white,1.0,1.0,1.0,0.0,p_6a1e3b5a60132.jpg,False,540,3350,0,0.88428,1649,6,540
clean_white,1.0,1.0,1.0,0.0,p_6a1e3b5b8fc61.jpg,False,540,3351,1,0.90461,1650,1,540
clean_white,1.0,0.93338,0.93239,0.0,p_6a1e3b5b90258.jpg,False,540,3352,0,0.82054,1650,3,540
clean_white,1.0,0.98338,0.98243,0.0,p_6a1e3b5b90773.jpg,False,540,3353,0,0.92095,1650,6,540
clean_white,1.0,0.9996,0.99949,0.0,p_6a1e3b5cc6e0f.jpg,False,540,3354,1,0.97228,1651,1,540
clean_white,1.0,0.99184,0.99077,0.0,p_6a1e3b5cc739c.jpg,False,540,3355,0,0.79576,1651,3,540
clean_white,1.0,1.0,1.0,0.0,p_6a1e3b5cc79e2.jpg,False,540,3356,0,0.88428,1651,6,540
clean_white,1.0,0.9996,0.99949,0.0,p_6a1e3b5e0cd54.jpg,False,540,3357,1,0.97228,1652,1,540
clean_white,1.0,0.99184,0.99077,0.0,p_6a1e3b5e0d2dd.jpg,False,540,3358,0,0.79576,1652,3,540
clean_white,1.0,1.0,1.0,0.0,p_6a1e3b5e0d92b.jpg,False,540,3359,0,0.88428,1652,6,540
clean_white,1.0,1.0,1.0,0.0,p_6a1e3b5f44fa4.jpg,False,540,3360,1,0.90461,1653,1,540
clean_white,1.0,0.93338,0.93239,0.0,p_6a1e3b5f456b8.jpg,False,540,3361,0,0.82054,1653,3,540
clean_white,1.0,0.98338,0.98243,0.0,p_6a1e3b5f45c97.jpg,False,540,3362,0,0.92095,1653,6,540
clean_white,1.0,1.0,1.0,0.0,p_6a1e3b60ab3c9.jpg,False,540,3363,1,0.88428,1654,1,540
clean_white,1.0,1.0,1.0,0.0,p_6a1e3b60abae7.jpg,False,540,3364,0,0.91756,1654,3,540
clean_white,1.0,1.0,1.0,0.0,p_6a1e3b60ac151.jpg,False,540,3365,0,0.97275,1654,6,540
clean_white,1.0,1.0,1.0,0.0,p_6a1e3b623f020.jpg,False,540,3366,1,0.9831,1655,1,540
clean_white,1.0,1.0,1.0,0.0,p_6a1e3b623f6e5.jpg,False,540,3367,0,0.9735,1655,3,540
clean_white,1.0,1.0,1.0,0.0,p_6a1e3b623fd7b.jpg,False,540,3368,0,0.97748,1655,6,540
clean_white,1.0,0.9996,0.99949,0.0,p_6a1e3b637b6cc.jpg,False,540,3369,1,0.97228,1656,1,540
clean_white,1.0,0.99184,0.99077,0.0,p_6a1e3b637bcf6.jpg,False,540,3370,0,0.79576,1656,3,540
clean_white,1.0,1.0,1.0,0.0,p_6a1e3b637c2f3.jpg,False,540,3371,0,0.88428,1656,6,540
clean_white,1.0,0.9996,0.99949,0.0,p_6a1e3b64b905c.jpg,False,540,3372,1,0.97228,1657,1,540
clean_white,1.0,0.99184,0.99077,0.0,p_6a1e3b64b9654.jpg,False,540,3373,0,0.79576,1657,3,540
clean_white,1.0,1.0,1.0,0.0,p_6a1e3b64b9b21.jpg,False,540,3374,0,0.88428,1657,6,540
clean_white,1.0,1.0,1.0,0.0,p_6a1e3b65f2646.jpg,False,540,3375,1,0.90461,1658,1,540
clean_white,1.0,0.93338,0.93239,0.0,p_6a1e3b65f2d49.jpg,False,540,3376,0,0.82054,1658,3,540
clean_white,1.0,0.98338,0.98243,0.0,p_6a1e3b65f3325.jpg,False,540,3377,0,0.92095,1658,6,540
clean_white,1.0,0.9996,0.99949,0.0,p_6a1e3b673ac21.jpg,False,540,3378,1,0.97228,1659,1,540
clean_white,1.0,0.99184,0.99077,0.0,p_6a1e3b673b1e6.jpg,False,540,3379,0,0.79576,1659,3,540
clean_white,1.0,1.0,1.0,0.0,p_6a1e3b673b752.jpg,False,540,3380,0,0.88428,1659,6,540
clean_white,1.0,0.9996,0.99949,0.0,p_6a1e3b6871192.jpg,False,540,3381,1,0.97228,1660,1,540
clean_white,1.0,0.99184,0.99077,0.0,p_6a1e3b68717be.jpg,False,540,3382,0,0.79576,1660,3,540
clean_white,1.0,1.0,1.0,0.0,p_6a1e3b6871dcc.jpg,False,540,3383,0,0.88428,1660,6,540
clean_white,1.0,1.0,1.0,0.0,p_6a1e3b69ada4a.jpg,False,540,3384,1,0.90461,1661,1,540
clean_white,1.0,0.93338,0.93239,0.0,p_6a1e3b69ae338.jpg,False,540,3385,0,0.82054,1661,3,540
clean_white,1.0,0.98338,0.98243,0.0,p_6a1e3b69aeaab.jpg,False,540,3386,0,0.92095,1661,6,540
clean_white,1.0,0.9996,0.99949,0.0,p_6a1e3b6add3ef.jpg,False,540,3387,1,0.97228,1662,1,540
clean_white,1.0,0.99184,0.99077,0.0,p_6a1e3b6addf7e.jpg,False,540,3388,0,0.79576,1662,3,540
clean_white,1.0,1.0,1.0,0.0,p_6a1e3b6ade62e.jpg,False,540,3389,0,0.88428,1662,6,540
clean_white,1.0,0.9996,0.99949,0.0,p_6a1e3b6c1a5b6.jpg,False,540,3390,1,0.97228,1663,1,540
clean_white,1.0,0.99184,0.99077,0.0,p_6a1e3b6c1ac76.jpg,False,540,3391,0,0.79576,1663,3,540
clean_white,1.0,1.0,1.0,0.0,p_6a1e3b6c1b299.jpg,False,540,3392,0,0.88428,1663,6,540
clean_white,1.0,0.9996,0.99949,0.0,p_6a1e3b6d477c1.jpg,False,540,3393,1,0.97228,1664,1,540
clean_white,1.0,0.99184,0.99077,0.0,p_6a1e3b6d47d6a.jpg,False,540,3394,0,0.79576,1664,3,540
clean_white,1.0,1.0,1.0,0.0,p_6a1e3b6d48312.jpg,False,540,3395,0,0.88428,1664,6,540
clean_white,1.0,0.9996,0.99949,0.0,p_6a1e3b6e731cf.jpg,False,540,3396,1,0.97228,1665,1,540
clean_white,1.0,0.99184,0.99077,0.0,p_6a1e3b6e73845.jpg,False,540,3397,0,0.79576,1665,3,540
clean_white,1.0,1.0,1.0,0.0,p_6a1e3b6e73f17.jpg,False,540,3398,0,0.88428,1665,6,540
clean_white,1.0,1.0,1.0,0.0,p_6a1e3b6fac762.jpg,False,540,3399,1,0.90461,1666,1,540
clean_white,1.0,0.93338,0.93239,0.0,p_6a1e3b6facdd8.jpg,False,540,3400,0,0.82054,1666,3,540
clean_white,1.0,0.98338,0.98243,0.0,p_6a1e3b6fad41f.jpg,False,540,3401,0,0.92095,1666,6,540
clean_white,1.0,0.9996,0.99949,0.0,p_6a1e3b70d78ee.jpg,False,540,3402,1,0.97228,1667,1,540
clean_white,1.0,0.99184,0.99077,0.0,p_6a1e3b70d7f44.jpg,False,540,3403,0,0.79576,1667,3,540
clean_white,1.0,1.0,1.0,0.0,p_6a1e3b70d8579.jpg,False,540,3404,0,0.88428,1667,6,540
clean_white,1.0,0.9996,0.99949,0.0,p_6a1e3b7210445.jpg,False,540,3405,1,0.97228,1668,1,540
clean_white,1.0,0.99184,0.99077,0.0,p_6a1e3b7210b8c.jpg,False,540,3406,0,0.79576,1668,3,540
clean_white,1.0,1.0,1.0,0.0,p_6a1e3b721113f.jpg,False,540,3407,0,0.88428,1668,6,540
clean_white,1.0,0.9996,0.99949,0.0,p_6a1e3b7341ba6.jpg,False,540,3408,1,0.97228,1669,1,540
clean_white,1.0,0.99184,0.99077,0.0,p_6a1e3b73421b4.jpg,False,540,3409,0,0.79576,1669,3,540
clean_white,1.0,1.0,1.0,0.0,p_6a1e3b73426af.jpg,False,540,3410,0,0.88428,1669,6,540
needs_background,1.0,0.7837,0.78091,0.0,p_6a1e3ef2796af.png,True,513,3411,1,0.3529,1670,1,555
review_white,0.98677,0.87546,0.87003,0.0,p_6a1e3ef279c3a.png,True,344,3412,0,0.4961,1670,3,531
review_white,0.99059,0.81815,0.81481,0.0,p_6a1e3ef27a1ff.png,True,512,3413,0,0.40053,1670,6,553
clean_white,1.0,1.0,1.0,0.0,p_6a1e3b765692f.jpg,False,540,3414,1,0.88428,1671,1,540
clean_white,1.0,1.0,1.0,0.0,p_6a1e3b7656edd.jpg,False,540,3415,0,0.91756,1671,3,540
clean_white,1.0,1.0,1.0,0.0,p_6a1e3b765744c.jpg,False,540,3416,0,0.97275,1671,6,540
clean_white,1.0,1.0,1.0,0.0,p_6a1e3b7785b38.jpg,False,540,3417,1,0.9735,1672,0,540
clean_white,1.0,1.0,1.0,0.0,p_6a1e3b77854be.jpg,False,540,3418,0,0.9831,1672,1,540
clean_white,1.0,1.0,1.0,0.0,p_6a1e3b77860da.jpg,False,540,3419,0,0.97748,1672,2,540
clean_white,1.0,0.99184,0.99077,0.0,p_6a1e3b78b7ddc.jpg,False,540,3420,1,0.79576,1673,1,540
clean_white,1.0,0.99169,0.99114,0.0,p_6a1e3b78b84f1.jpg,False,540,3421,0,0.63782,1673,3,540
clean_white,1.0,1.0,1.0,0.0,p_6a1e3b78b8ea7.jpg,False,540,3422,0,0.75032,1673,6,540
clean_white,1.0,0.9996,0.99949,0.0,p_6a1e3b79e74f5.jpg,False,540,3423,1,0.97228,1674,1,540
clean_white,1.0,0.99184,0.99077,0.0,p_6a1e3b79e7c4c.jpg,False,540,3424,0,0.79576,1674,3,540
clean_white,1.0,1.0,1.0,0.0,p_6a1e3b79e8179.jpg,False,540,3425,0,0.88428,1674,6,540
clean_white,1.0,0.9996,0.99949,0.0,p_6a1e3b7b29392.jpg,False,540,3426,1,0.97228,1675,1,540
clean_white,1.0,0.99184,0.99077,0.0,p_6a1e3b7b299c2.jpg,False,540,3427,0,0.79576,1675,3,540
clean_white,1.0,1.0,1.0,0.0,p_6a1e3b7b2a07e.jpg,False,540,3428,0,0.88428,1675,6,540
clean_white,1.0,0.9996,0.99949,0.0,p_6a1e3b7c59cff.jpg,False,540,3429,1,0.97228,1676,1,540
clean_white,1.0,0.99184,0.99077,0.0,p_6a1e3b7c5a5bc.jpg,False,540,3430,0,0.79576,1676,3,540
clean_white,1.0,1.0,1.0,0.0,p_6a1e3b7c5abc0.jpg,False,540,3431,0,0.88428,1676,6,540
clean_white,1.0,0.9996,0.99949,0.0,p_6a1e3b7d8604a.jpg,False,540,3432,1,0.97228,1677,1,540
clean_white,1.0,0.99184,0.99077,0.0,p_6a1e3b7d86535.jpg,False,540,3433,0,0.79576,1677,3,540
clean_white,1.0,1.0,1.0,0.0,p_6a1e3b7d86a32.jpg,False,540,3434,0,0.88428,1677,6,540
review_white,0.99564,0.92317,0.00106,0.0,p_6a1e498fef369.png,True,690,3435,1,0.50152,1678,1,743
review_white,0.99194,0.90627,0.0024,0.0,p_6a1e498fef9f0.png,True,672,3436,0,0.52765,1678,3,745
review_white,1.0,0.93808,0.04673,0.0,p_6a1e498ff00e1.png,True,733,3437,0,0.43911,1678,6,543
clean_white,1.0,1.0,1.0,0.0,p_6a1e3b8121e0c.jpg,False,540,3438,1,0.88428,1679,1,540
clean_white,1.0,1.0,1.0,0.0,p_6a1e3b81224ee.jpg,False,540,3439,0,0.91756,1679,3,540
clean_white,1.0,1.0,1.0,0.0,p_6a1e3b8122b97.jpg,False,540,3440,0,0.97275,1679,6,540
clean_white,1.0,0.9996,0.99949,0.0,p_6a1e3b82492d5.jpg,False,540,3441,1,0.97228,1680,1,540
clean_white,1.0,0.99184,0.99077,0.0,p_6a1e3b82499ab.jpg,False,540,3442,0,0.79576,1680,3,540
clean_white,1.0,1.0,1.0,0.0,p_6a1e3b8249fc3.jpg,False,540,3443,0,0.88428,1680,6,540
clean_white,1.0,0.9996,0.99949,0.0,p_6a1e3b8371fa8.jpg,False,540,3444,1,0.97228,1681,1,540
clean_white,1.0,0.99184,0.99077,0.0,p_6a1e3b8372590.jpg,False,540,3445,0,0.79576,1681,3,540
clean_white,1.0,1.0,1.0,0.0,p_6a1e3b8372ad0.jpg,False,540,3446,0,0.88428,1681,6,540
clean_white,1.0,0.9996,0.99949,0.0,p_6a1e3b85cbd6b.jpg,False,540,3447,1,0.97228,1683,1,540
clean_white,1.0,0.99184,0.99077,0.0,p_6a1e3b85cc539.jpg,False,540,3448,0,0.79576,1683,3,540
clean_white,1.0,1.0,1.0,0.0,p_6a1e3b85cca25.jpg,False,540,3449,0,0.88428,1683,6,540
clean_white,1.0,0.93721,0.93643,0.0,p_6a1e3b8756171.jpg,False,540,3450,1,0.52382,1684,1,540
clean_white,1.0,1.0,1.0,0.0,p_6a1e3b875680c.jpg,False,540,3451,0,0.63819,1684,3,540
review_white,1.0,0.89993,0.89853,0.0,p_6a1e3b8756e3a.jpg,False,540,3452,0,0.55247,1684,6,540
needs_background,0.0,0.0,0.0,0.0,p_6a1e443205d1d.png,True,222,3453,1,0.0,1686,1,563
needs_background,0.35286,0.35396,0.20973,0.0,p_6a1e4432063ec.png,True,271,3454,0,0.11219,1686,3,243
needs_background,0.0,0.0,0.0,0.0,p_6a1e443206976.png,True,222,3455,0,0.0,1686,6,563
needs_background,0.00089,0.00041,0.0,0.0,p_6a1e434648177.png,True,415,3456,1,0.00015,1687,1,520
needs_background,0.0,0.00051,0.0,0.0,p_6a1e434648991.png,True,405,3457,0,0.00013,1687,3,516
needs_background,0.0,0.00047,9e-05,0.0,p_6a1e4346490cc.png,True,416,3458,0,0.00016,1687,6,467
needs_background,0.0,0.00015,0.0,0.0,p_6a1e42c0ea8cb.png,True,186,3459,1,0.03386,1688,1,510
needs_background,0.0,0.00709,0.00013,0.0,p_6a1e42c0eafea.png,True,199,3460,0,0.02874,1688,3,478
needs_background,0.0,0.00018,0.00018,0.0,p_6a1e42c0eb674.png,True,156,3461,0,0.04005,1688,6,509
clean_white,1.0,0.93721,0.93643,0.0,p_6a1e3b8e769ac.jpg,False,540,3462,1,0.52382,1689,1,540
clean_white,1.0,1.0,1.0,0.0,p_6a1e3b8e77118.jpg,False,540,3463,0,0.63819,1689,3,540
review_white,1.0,0.89993,0.89853,0.0,p_6a1e3b8e77880.jpg,False,540,3464,0,0.55247,1689,6,540
needs_background,0.0,0.0,0.0,0.0,p_6a1e45bdd04a5.png,True,342,3465,1,0.0,1690,1,271
review_white,0.88429,0.93433,0.92747,0.0,p_6a1e45bdd0b7a.png,True,359,3466,0,0.83696,1690,3,351
needs_background,0.0,0.0,0.0,0.0,p_6a1e45bdd12a8.png,True,209,3467,0,0.0,1690,6,343
review_white,1.0,0.84067,0.84056,0.0,p_6a1e464acffc9.png,True,220,3468,1,0.74168,1691,1,502
clean_white,1.0,0.9482,0.94183,0.0,p_6a1e464ad0667.png,True,283,3469,0,0.75157,1691,3,435
needs_background,0.79444,0.67449,0.67079,0.0,p_6a1e464ad0cb0.png,True,191,3470,0,0.6887,1691,6,471
clean_white,1.0,0.9996,0.99949,0.0,p_6a1e3b9214192.jpg,False,540,3471,1,0.97228,1692,1,540
clean_white,1.0,0.99184,0.99077,0.0,p_6a1e3b921470b.jpg,False,540,3472,0,0.79576,1692,3,540
clean_white,1.0,1.0,1.0,0.0,p_6a1e3b9214ce1.jpg,False,540,3473,0,0.88428,1692,6,540
clean_white,1.0,0.9996,0.99949,0.0,p_6a1e3b9369772.jpg,False,540,3474,1,0.97228,1693,1,540
clean_white,1.0,0.99184,0.99077,0.0,p_6a1e3b9369cc3.jpg,False,540,3475,0,0.79576,1693,3,540
clean_white,1.0,1.0,1.0,0.0,p_6a1e3b936a1e4.jpg,False,540,3476,0,0.88428,1693,6,540
clean_white,1.0,1.0,1.0,0.0,p_6a1e3b94968cc.jpg,False,540,3477,1,0.90461,1694,1,540
clean_white,1.0,0.93338,0.93239,0.0,p_6a1e3b9496f9f.jpg,False,540,3478,0,0.82054,1694,3,540
clean_white,1.0,0.98338,0.98243,0.0,p_6a1e3b94975b1.jpg,False,540,3479,0,0.92095,1694,6,540
clean_white,1.0,0.9996,0.99949,0.0,p_6a1e3b95bebd8.jpg,False,540,3480,1,0.97228,1695,1,540
clean_white,1.0,0.99184,0.99077,0.0,p_6a1e3b95bf2c2.jpg,False,540,3481,0,0.79576,1695,3,540
clean_white,1.0,1.0,1.0,0.0,p_6a1e3b95bf97b.jpg,False,540,3482,0,0.88428,1695,6,540
clean_white,1.0,0.9996,0.99949,0.0,p_6a1e3b96ef55d.jpg,False,540,3483,1,0.97228,1696,1,540
clean_white,1.0,0.99184,0.99077,0.0,p_6a1e3b96efcdf.jpg,False,540,3484,0,0.79576,1696,3,540
clean_white,1.0,1.0,1.0,0.0,p_6a1e3b96f03d1.jpg,False,540,3485,0,0.88428,1696,6,540
clean_white,1.0,1.0,1.0,0.0,p_6a1e3b9834845.jpg,False,540,3486,1,0.90461,1697,1,540
clean_white,1.0,0.93338,0.93239,0.0,p_6a1e3b9834eb2.jpg,False,540,3487,0,0.82054,1697,3,540
clean_white,1.0,0.98338,0.98243,0.0,p_6a1e3b98354c9.jpg,False,540,3488,0,0.92095,1697,6,540
clean_white,1.0,0.9996,0.99949,0.0,p_6a1e3b9966323.jpg,False,540,3489,1,0.97228,1698,1,540
clean_white,1.0,0.99184,0.99077,0.0,p_6a1e3b996714e.jpg,False,540,3490,0,0.79576,1698,3,540
clean_white,1.0,1.0,1.0,0.0,p_6a1e3b9967900.jpg,False,540,3491,0,0.88428,1698,6,540
clean_white,1.0,0.9996,0.99949,0.0,p_6a1e3b9a93754.jpg,False,540,3492,1,0.97228,1699,1,540
clean_white,1.0,0.99184,0.99077,0.0,p_6a1e3b9a93de6.jpg,False,540,3493,0,0.79576,1699,3,540
clean_white,1.0,1.0,1.0,0.0,p_6a1e3b9a944f7.jpg,False,540,3494,0,0.88428,1699,6,540
clean_white,1.0,1.0,1.0,0.0,p_6a1c67ba0c426.jpg,False,540,3495,1,0.90461,1700,1,540
clean_white,1.0,0.93338,0.93239,0.0,p_6a1c67ba0ca9c.jpg,False,540,3496,0,0.82054,1700,3,540
clean_white,1.0,0.98338,0.98243,0.0,p_6a1c67ba0d054.jpg,False,540,3497,0,0.92095,1700,6,540
clean_white,1.0,1.0,1.0,0.0,p_6a1c6de84d561.jpg,False,540,3498,0,0.90461,1700,7,540
clean_white,1.0,0.93338,0.93239,0.0,p_6a1c6de84dc24.jpg,False,540,3499,0,0.82054,1700,9,540
clean_white,1.0,0.98338,0.98243,0.0,p_6a1c6de84e171.jpg,False,540,3500,0,0.92095,1700,12,540
clean_white,1.0,0.99184,0.99077,0.0,p_6a1c67ba79cf2.jpg,False,540,3501,1,0.79576,1701,1,540
clean_white,1.0,0.99169,0.99114,0.0,p_6a1c67ba7a2c6.jpg,False,540,3502,0,0.63782,1701,3,540
clean_white,1.0,1.0,1.0,0.0,p_6a1c67ba7a881.jpg,False,540,3503,0,0.75032,1701,6,540
clean_white,1.0,0.99184,0.99077,0.0,p_6a1c6de955c6d.jpg,False,540,3504,0,0.79576,1701,7,540
clean_white,1.0,0.99169,0.99114,0.0,p_6a1c6de9563b2.jpg,False,540,3505,0,0.63782,1701,9,540
clean_white,1.0,1.0,1.0,0.0,p_6a1c6de956d76.jpg,False,540,3506,0,0.75032,1701,12,540
clean_white,1.0,0.99184,0.99077,0.0,p_6a1c67bae779d.jpg,False,540,3507,1,0.79576,1702,1,540
clean_white,1.0,0.99169,0.99114,0.0,p_6a1c67bae7d69.jpg,False,540,3508,0,0.63782,1702,3,540
clean_white,1.0,1.0,1.0,0.0,p_6a1c67bae83a6.jpg,False,540,3509,0,0.75032,1702,6,540
clean_white,1.0,0.99184,0.99077,0.0,p_6a1c6de9c2c49.jpg,False,540,3510,0,0.79576,1702,7,540
clean_white,1.0,0.99169,0.99114,0.0,p_6a1c6de9c33c7.jpg,False,540,3511,0,0.63782,1702,9,540
clean_white,1.0,1.0,1.0,0.0,p_6a1c6de9c3928.jpg,False,540,3512,0,0.75032,1702,12,540
clean_white,1.0,0.99184,0.99077,0.0,p_6a1c67bb62556.jpg,False,540,3513,1,0.79576,1703,1,540
clean_white,1.0,0.99169,0.99114,0.0,p_6a1c67bb62c6c.jpg,False,540,3514,0,0.63782,1703,3,540
clean_white,1.0,1.0,1.0,0.0,p_6a1c67bb6325e.jpg,False,540,3515,0,0.75032,1703,6,540
clean_white,1.0,0.99184,0.99077,0.0,p_6a1c6dea3d268.jpg,False,540,3516,0,0.79576,1703,7,540
clean_white,1.0,0.99169,0.99114,0.0,p_6a1c6dea3d94b.jpg,False,540,3517,0,0.63782,1703,9,540
clean_white,1.0,1.0,1.0,0.0,p_6a1c6dea3df23.jpg,False,540,3518,0,0.75032,1703,12,540
clean_white,1.0,0.99184,0.99077,0.0,p_6a1c67bc6a7a3.jpg,False,540,3519,1,0.79576,1704,1,540
clean_white,1.0,0.99169,0.99114,0.0,p_6a1c67bc6ad58.jpg,False,540,3520,0,0.63782,1704,3,540
clean_white,1.0,1.0,1.0,0.0,p_6a1c67bc6b48e.jpg,False,540,3521,0,0.75032,1704,6,540
clean_white,1.0,0.99184,0.99077,0.0,p_6a1c6deaa95e6.jpg,False,540,3522,0,0.79576,1704,7,540
clean_white,1.0,0.99169,0.99114,0.0,p_6a1c6deaa9c23.jpg,False,540,3523,0,0.63782,1704,9,540
clean_white,1.0,1.0,1.0,0.0,p_6a1c6deaaa366.jpg,False,540,3524,0,0.75032,1704,12,540
clean_white,1.0,1.0,1.0,0.0,p_6a1c67bcd8322.jpg,False,540,3525,1,0.90461,1705,1,540
clean_white,1.0,0.93338,0.93239,0.0,p_6a1c67bcd8a36.jpg,False,540,3526,0,0.82054,1705,3,540
clean_white,1.0,0.98338,0.98243,0.0,p_6a1c67bcd9120.jpg,False,540,3527,0,0.92095,1705,6,540
clean_white,1.0,1.0,1.0,0.0,p_6a1c6deb22b4c.jpg,False,540,3528,0,0.90461,1705,7,540
clean_white,1.0,0.93338,0.93239,0.0,p_6a1c6deb230d0.jpg,False,540,3529,0,0.82054,1705,9,540
clean_white,1.0,0.98338,0.98243,0.0,p_6a1c6deb2368f.jpg,False,540,3530,0,0.92095,1705,12,540
clean_white,1.0,0.99184,0.99077,0.0,p_6a1c67bd55b49.jpg,False,540,3531,1,0.79576,1706,1,540
clean_white,1.0,0.99169,0.99114,0.0,p_6a1c67bd561ed.jpg,False,540,3532,0,0.63782,1706,3,540
clean_white,1.0,1.0,1.0,0.0,p_6a1c67bd567f4.jpg,False,540,3533,0,0.75032,1706,6,540
clean_white,1.0,0.99184,0.99077,0.0,p_6a1c6deb9206c.jpg,False,540,3534,0,0.79576,1706,7,540
clean_white,1.0,0.99169,0.99114,0.0,p_6a1c6deb92622.jpg,False,540,3535,0,0.63782,1706,9,540
clean_white,1.0,1.0,1.0,0.0,p_6a1c6deb92bd5.jpg,False,540,3536,0,0.75032,1706,12,540
clean_white,1.0,0.99184,0.99077,0.0,p_6a1c67bdc310c.jpg,False,540,3537,1,0.79576,1707,1,540
clean_white,1.0,0.99169,0.99114,0.0,p_6a1c67bdc3746.jpg,False,540,3538,0,0.63782,1707,3,540
clean_white,1.0,1.0,1.0,0.0,p_6a1c67bdc3e89.jpg,False,540,3539,0,0.75032,1707,6,540
clean_white,1.0,0.99184,0.99077,0.0,p_6a1c6dec0d049.jpg,False,540,3540,0,0.79576,1707,7,540
clean_white,1.0,0.99169,0.99114,0.0,p_6a1c6dec0d68c.jpg,False,540,3541,0,0.63782,1707,9,540
clean_white,1.0,1.0,1.0,0.0,p_6a1c6dec0dd35.jpg,False,540,3542,0,0.75032,1707,12,540
clean_white,1.0,1.0,1.0,0.0,p_6a1c67be3d756.jpg,False,540,3543,1,0.90461,1708,1,540
clean_white,1.0,0.93338,0.93239,0.0,p_6a1c67be3debc.jpg,False,540,3544,0,0.82054,1708,3,540
clean_white,1.0,0.98338,0.98243,0.0,p_6a1c67be3e531.jpg,False,540,3545,0,0.92095,1708,6,540
clean_white,1.0,1.0,1.0,0.0,p_6a1c6dec79c31.jpg,False,540,3546,0,0.90461,1708,7,540
clean_white,1.0,0.93338,0.93239,0.0,p_6a1c6dec7a254.jpg,False,540,3547,0,0.82054,1708,9,540
clean_white,1.0,0.98338,0.98243,0.0,p_6a1c6dec7a804.jpg,False,540,3548,0,0.92095,1708,12,540
clean_white,1.0,0.99184,0.99077,0.0,p_6a1c67bea9a2b.jpg,False,540,3549,1,0.79576,1709,1,540
clean_white,1.0,0.99169,0.99114,0.0,p_6a1c67beaa227.jpg,False,540,3550,0,0.63782,1709,3,540
clean_white,1.0,1.0,1.0,0.0,p_6a1c67beaa851.jpg,False,540,3551,0,0.75032,1709,6,540
clean_white,1.0,0.99184,0.99077,0.0,p_6a1c6dece85d1.jpg,False,540,3552,0,0.79576,1709,7,540
clean_white,1.0,0.99169,0.99114,0.0,p_6a1c6dece8c2e.jpg,False,540,3553,0,0.63782,1709,9,540
clean_white,1.0,1.0,1.0,0.0,p_6a1c6dece920b.jpg,False,540,3554,0,0.75032,1709,12,540
clean_white,1.0,0.99184,0.99077,0.0,p_6a1c67bf238a3.jpg,False,540,3555,1,0.79576,1710,1,540
clean_white,1.0,0.99169,0.99114,0.0,p_6a1c67bf23f72.jpg,False,540,3556,0,0.63782,1710,3,540
clean_white,1.0,1.0,1.0,0.0,p_6a1c67bf2475a.jpg,False,540,3557,0,0.75032,1710,6,540
clean_white,1.0,0.99184,0.99077,0.0,p_6a1c6ded61c2b.jpg,False,540,3558,0,0.79576,1710,7,540
clean_white,1.0,0.99169,0.99114,0.0,p_6a1c6ded622ef.jpg,False,540,3559,0,0.63782,1710,9,540
clean_white,1.0,1.0,1.0,0.0,p_6a1c6ded62921.jpg,False,540,3560,0,0.75032,1710,12,540
clean_white,1.0,1.0,1.0,0.0,p_6a1c67bf96ee2.jpg,False,540,3561,1,0.90461,1711,1,540
clean_white,1.0,0.93338,0.93239,0.0,p_6a1c67bf97534.jpg,False,540,3562,0,0.82054,1711,3,540
clean_white,1.0,0.98338,0.98243,0.0,p_6a1c67bf97bda.jpg,False,540,3563,0,0.92095,1711,6,540
clean_white,1.0,1.0,1.0,0.0,p_6a1c6dedcf20d.jpg,False,540,3564,0,0.90461,1711,7,540
clean_white,1.0,0.93338,0.93239,0.0,p_6a1c6dedcf8e3.jpg,False,540,3565,0,0.82054,1711,9,540
clean_white,1.0,0.98338,0.98243,0.0,p_6a1c6dedcff17.jpg,False,540,3566,0,0.92095,1711,12,540
clean_white,1.0,0.99184,0.99077,0.0,p_6a1c67c00f5f6.jpg,False,540,3567,1,0.79576,1712,1,540
clean_white,1.0,0.99169,0.99114,0.0,p_6a1c67c00fd4b.jpg,False,540,3568,0,0.63782,1712,3,540
clean_white,1.0,1.0,1.0,0.0,p_6a1c67c01034b.jpg,False,540,3569,0,0.75032,1712,6,540
clean_white,1.0,0.99184,0.99077,0.0,p_6a1c6dee46005.jpg,False,540,3570,0,0.79576,1712,7,540
clean_white,1.0,0.99169,0.99114,0.0,p_6a1c6dee4689d.jpg,False,540,3571,0,0.63782,1712,9,540
clean_white,1.0,1.0,1.0,0.0,p_6a1c6dee46f35.jpg,False,540,3572,0,0.75032,1712,12,540
clean_white,1.0,0.99184,0.99077,0.0,p_6a1c67c07b0e5.jpg,False,540,3573,1,0.79576,1713,1,540
clean_white,1.0,0.99169,0.99114,0.0,p_6a1c67c07b6f3.jpg,False,540,3574,0,0.63782,1713,3,540
clean_white,1.0,1.0,1.0,0.0,p_6a1c67c07bda4.jpg,False,540,3575,0,0.75032,1713,6,540
clean_white,1.0,0.99184,0.99077,0.0,p_6a1c6deeb4018.jpg,False,540,3576,0,0.79576,1713,7,540
clean_white,1.0,0.99169,0.99114,0.0,p_6a1c6deeb4672.jpg,False,540,3577,0,0.63782,1713,9,540
clean_white,1.0,1.0,1.0,0.0,p_6a1c6deeb4dcc.jpg,False,540,3578,0,0.75032,1713,12,540
clean_white,1.0,1.0,1.0,0.0,p_6a1c67c0e6d60.jpg,False,540,3579,1,0.90461,1714,1,540
clean_white,1.0,0.93338,0.93239,0.0,p_6a1c67c0e7355.jpg,False,540,3580,0,0.82054,1714,3,540
clean_white,1.0,0.98338,0.98243,0.0,p_6a1c67c0e79eb.jpg,False,540,3581,0,0.92095,1714,6,540
clean_white,1.0,1.0,1.0,0.0,p_6a1c6def2f1c7.jpg,False,540,3582,0,0.90461,1714,7,540
clean_white,1.0,0.93338,0.93239,0.0,p_6a1c6def2f77b.jpg,False,540,3583,0,0.82054,1714,9,540
clean_white,1.0,0.98338,0.98243,0.0,p_6a1c6def2fe63.jpg,False,540,3584,0,0.92095,1714,12,540
clean_white,1.0,0.99184,0.99077,0.0,p_6a1c67c163c25.jpg,False,540,3585,1,0.79576,1715,1,540
clean_white,1.0,0.99169,0.99114,0.0,p_6a1c67c1641be.jpg,False,540,3586,0,0.63782,1715,3,540
clean_white,1.0,1.0,1.0,0.0,p_6a1c67c1646e5.jpg,False,540,3587,0,0.75032,1715,6,540
clean_white,1.0,0.99184,0.99077,0.0,p_6a1c6def9de62.jpg,False,540,3588,0,0.79576,1715,7,540
clean_white,1.0,0.99169,0.99114,0.0,p_6a1c6def9e6a4.jpg,False,540,3589,0,0.63782,1715,9,540
clean_white,1.0,1.0,1.0,0.0,p_6a1c6def9ecd0.jpg,False,540,3590,0,0.75032,1715,12,540
clean_white,1.0,1.0,1.0,0.0,p_6a1c67c1d3607.jpg,False,540,3591,1,0.90461,1716,1,540
clean_white,1.0,0.93338,0.93239,0.0,p_6a1c67c1d3d57.jpg,False,540,3592,0,0.82054,1716,3,540
clean_white,1.0,0.98338,0.98243,0.0,p_6a1c67c1d440b.jpg,False,540,3593,0,0.92095,1716,6,540
clean_white,1.0,1.0,1.0,0.0,p_6a1c6df016c93.jpg,False,540,3594,0,0.90461,1716,7,540
clean_white,1.0,0.93338,0.93239,0.0,p_6a1c6df0172ab.jpg,False,540,3595,0,0.82054,1716,9,540
clean_white,1.0,0.98338,0.98243,0.0,p_6a1c6df0179e5.jpg,False,540,3596,0,0.92095,1716,12,540
clean_white,1.0,0.99184,0.99077,0.0,p_6a1c67c24b58e.jpg,False,540,3597,1,0.79576,1717,1,540
clean_white,1.0,0.99169,0.99114,0.0,p_6a1c67c24bc76.jpg,False,540,3598,0,0.63782,1717,3,540
clean_white,1.0,1.0,1.0,0.0,p_6a1c67c24c243.jpg,False,540,3599,0,0.75032,1717,6,540
clean_white,1.0,0.99184,0.99077,0.0,p_6a1c6df0832f6.jpg,False,540,3600,0,0.79576,1717,7,540
clean_white,1.0,0.99169,0.99114,0.0,p_6a1c6df083a66.jpg,False,540,3601,0,0.63782,1717,9,540
clean_white,1.0,1.0,1.0,0.0,p_6a1c6df084132.jpg,False,540,3602,0,0.75032,1717,12,540
clean_white,1.0,0.99184,0.99077,0.0,p_6a1c67c2b9852.jpg,False,540,3603,1,0.79576,1718,1,540
clean_white,1.0,0.99169,0.99114,0.0,p_6a1c67c2b9ed9.jpg,False,540,3604,0,0.63782,1718,3,540
clean_white,1.0,1.0,1.0,0.0,p_6a1c67c2ba4c5.jpg,False,540,3605,0,0.75032,1718,6,540
clean_white,1.0,0.99184,0.99077,0.0,p_6a1c6df0f0f61.jpg,False,540,3606,0,0.79576,1718,7,540
clean_white,1.0,0.99169,0.99114,0.0,p_6a1c6df0f1701.jpg,False,540,3607,0,0.63782,1718,9,540
clean_white,1.0,1.0,1.0,0.0,p_6a1c6df0f1db1.jpg,False,540,3608,0,0.75032,1718,12,540
clean_white,1.0,1.0,1.0,0.0,p_6a1c67c335394.jpg,False,540,3609,1,0.90461,1719,1,540
clean_white,1.0,0.93338,0.93239,0.0,p_6a1c67c33593a.jpg,False,540,3610,0,0.82054,1719,3,540
clean_white,1.0,0.98338,0.98243,0.0,p_6a1c67c335ec2.jpg,False,540,3611,0,0.92095,1719,6,540
clean_white,1.0,1.0,1.0,0.0,p_6a1c6df16a761.jpg,False,540,3612,0,0.90461,1719,7,540
clean_white,1.0,0.93338,0.93239,0.0,p_6a1c6df16af29.jpg,False,540,3613,0,0.82054,1719,9,540
clean_white,1.0,0.98338,0.98243,0.0,p_6a1c6df16b5cc.jpg,False,540,3614,0,0.92095,1719,12,540
clean_white,1.0,0.99184,0.99077,0.0,p_6a1c67c3a4516.jpg,False,540,3615,1,0.79576,1720,1,540
clean_white,1.0,0.99169,0.99114,0.0,p_6a1c67c3a4b8c.jpg,False,540,3616,0,0.63782,1720,3,540
clean_white,1.0,1.0,1.0,0.0,p_6a1c67c3a5187.jpg,False,540,3617,0,0.75032,1720,6,540
clean_white,1.0,0.99184,0.99077,0.0,p_6a1c6df1da3de.jpg,False,540,3618,0,0.79576,1720,7,540
clean_white,1.0,0.99169,0.99114,0.0,p_6a1c6df1da9ba.jpg,False,540,3619,0,0.63782,1720,9,540
clean_white,1.0,1.0,1.0,0.0,p_6a1c6df1db105.jpg,False,540,3620,0,0.75032,1720,12,540
clean_white,1.0,0.99184,0.99077,0.0,p_6a1c67c457bcc.jpg,False,540,3621,1,0.79576,1721,1,540
clean_white,1.0,0.99169,0.99114,0.0,p_6a1c67c458184.jpg,False,540,3622,0,0.63782,1721,3,540
clean_white,1.0,1.0,1.0,0.0,p_6a1c67c4587fe.jpg,False,540,3623,0,0.75032,1721,6,540
clean_white,1.0,0.99184,0.99077,0.0,p_6a1c6df2e7b17.jpg,False,540,3624,0,0.79576,1721,7,540
clean_white,1.0,0.99169,0.99114,0.0,p_6a1c6df2e861b.jpg,False,540,3625,0,0.63782,1721,9,540
clean_white,1.0,1.0,1.0,0.0,p_6a1c6df2e8bc8.jpg,False,540,3626,0,0.75032,1721,12,540
clean_white,1.0,1.0,1.0,0.0,p_6a1c67c4c75ff.jpg,False,540,3627,1,0.90461,1722,1,540
clean_white,1.0,0.93338,0.93239,0.0,p_6a1c67c4c7c5c.jpg,False,540,3628,0,0.82054,1722,3,540
clean_white,1.0,0.98338,0.98243,0.0,p_6a1c67c4c8158.jpg,False,540,3629,0,0.92095,1722,6,540
clean_white,1.0,1.0,1.0,0.0,p_6a1c6df35fc62.jpg,False,540,3630,0,0.90461,1722,7,540
clean_white,1.0,0.93338,0.93239,0.0,p_6a1c6df3601ef.jpg,False,540,3631,0,0.82054,1722,9,540
clean_white,1.0,0.98338,0.98243,0.0,p_6a1c6df3607b1.jpg,False,540,3632,0,0.92095,1722,12,540
clean_white,1.0,0.99184,0.99077,0.0,p_6a1c67c542191.jpg,False,540,3633,1,0.79576,1723,1,540
clean_white,1.0,0.99169,0.99114,0.0,p_6a1c67c5427f2.jpg,False,540,3634,0,0.63782,1723,3,540
clean_white,1.0,1.0,1.0,0.0,p_6a1c67c543910.jpg,False,540,3635,0,0.75032,1723,6,540
clean_white,1.0,0.99184,0.99077,0.0,p_6a1c6df3d0af4.jpg,False,540,3636,0,0.79576,1723,7,540
clean_white,1.0,0.99169,0.99114,0.0,p_6a1c6df3d1225.jpg,False,540,3637,0,0.63782,1723,9,540
clean_white,1.0,1.0,1.0,0.0,p_6a1c6df3d185e.jpg,False,540,3638,0,0.75032,1723,12,540
clean_white,1.0,0.99184,0.99077,0.0,p_6a1c67c64a883.jpg,False,540,3639,1,0.79576,1724,1,540
clean_white,1.0,0.99169,0.99114,0.0,p_6a1c67c64ade4.jpg,False,540,3640,0,0.63782,1724,3,540
clean_white,1.0,1.0,1.0,0.0,p_6a1c67c64b3d1.jpg,False,540,3641,0,0.75032,1724,6,540
clean_white,1.0,0.99184,0.99077,0.0,p_6a1c6df44b262.jpg,False,540,3642,0,0.79576,1724,7,540
clean_white,1.0,0.99169,0.99114,0.0,p_6a1c6df44c49f.jpg,False,540,3643,0,0.63782,1724,9,540
clean_white,1.0,1.0,1.0,0.0,p_6a1c6df44ce63.jpg,False,540,3644,0,0.75032,1724,12,540
clean_white,1.0,1.0,1.0,0.0,p_6a1c67c6bdd98.jpg,False,540,3645,1,0.90461,1725,1,540
clean_white,1.0,0.93338,0.93239,0.0,p_6a1c67c6be470.jpg,False,540,3646,0,0.82054,1725,3,540
clean_white,1.0,0.98338,0.98243,0.0,p_6a1c67c6bec53.jpg,False,540,3647,0,0.92095,1725,6,540
clean_white,1.0,1.0,1.0,0.0,p_6a1c6df4ba0c3.jpg,False,540,3648,0,0.90461,1725,7,540
clean_white,1.0,0.93338,0.93239,0.0,p_6a1c6df4ba6be.jpg,False,540,3649,0,0.82054,1725,9,540
clean_white,1.0,0.98338,0.98243,0.0,p_6a1c6df4bad82.jpg,False,540,3650,0,0.92095,1725,12,540
clean_white,1.0,0.99949,0.99944,0.0,p_6a1e4e1523fb1.png,True,465,3651,1,0.53652,1726,1,395
needs_background,0.0,0.00022,0.0,0.0,p_6a1e4e152458a.png,True,199,3652,0,0.00181,1726,3,462
needs_background,0.0,0.0,0.0,0.0,p_6a1e4e1524a8f.png,True,579,3653,0,0.00069,1726,6,1063
clean_white,1.0,0.93721,0.93643,0.0,p_6a1c67c7acb6a.jpg,False,540,3654,1,0.52382,1727,1,540
clean_white,1.0,1.0,1.0,0.0,p_6a1c67c7ad1ea.jpg,False,540,3655,0,0.63819,1727,3,540
review_white,1.0,0.89993,0.89853,0.0,p_6a1c67c7ad70e.jpg,False,540,3656,0,0.55247,1727,6,540
clean_white,1.0,0.93721,0.93643,0.0,p_6a1c6df5a338c.jpg,False,540,3657,0,0.52382,1727,7,540
clean_white,1.0,1.0,1.0,0.0,p_6a1c6df5a3a28.jpg,False,540,3658,0,0.63819,1727,9,540
review_white,1.0,0.89993,0.89853,0.0,p_6a1c6df5a4085.jpg,False,540,3659,0,0.55247,1727,12,540
needs_background,0.0,0.0,0.0,0.0,p_6a1e4a9b76860.png,True,238,3660,1,0.01184,1728,1,290
needs_background,0.0,0.0,0.0,0.0,p_6a1e4a9b76e06.png,True,325,3661,0,5e-05,1728,3,434
needs_background,0.00034,0.00077,0.0,0.0,p_6a1e4a9b7756d.png,True,567,3662,0,0.00368,1728,6,749
clean_white,1.0,0.93721,0.93643,0.0,p_6a1c67c898540.jpg,False,540,3663,1,0.52382,1729,1,540
clean_white,1.0,1.0,1.0,0.0,p_6a1c67c898bd8.jpg,False,540,3664,0,0.63819,1729,3,540
review_white,1.0,0.89993,0.89853,0.0,p_6a1c67c89920c.jpg,False,540,3665,0,0.55247,1729,6,540
clean_white,1.0,0.93721,0.93643,0.0,p_6a1c6df68a92f.jpg,False,540,3666,0,0.52382,1729,7,540
clean_white,1.0,1.0,1.0,0.0,p_6a1c6df68b212.jpg,False,540,3667,0,0.63819,1729,9,540
review_white,1.0,0.89993,0.89853,0.0,p_6a1c6df68bb02.jpg,False,540,3668,0,0.55247,1729,12,540
clean_white,1.0,0.99184,0.99077,0.0,p_6a1c67c914c93.jpg,False,540,3669,1,0.79576,1730,1,540
clean_white,1.0,0.99169,0.99114,0.0,p_6a1c67c91539e.jpg,False,540,3670,0,0.63782,1730,3,540
clean_white,1.0,1.0,1.0,0.0,p_6a1c67c915a4d.jpg,False,540,3671,0,0.75032,1730,6,540
clean_white,1.0,0.99184,0.99077,0.0,p_6a1c6df703059.jpg,False,540,3672,0,0.79576,1730,7,540
clean_white,1.0,0.99169,0.99114,0.0,p_6a1c6df7036b8.jpg,False,540,3673,0,0.63782,1730,9,540
clean_white,1.0,1.0,1.0,0.0,p_6a1c6df703d46.jpg,False,540,3674,0,0.75032,1730,12,540
clean_white,1.0,0.99184,0.99077,0.0,p_6a1c67c98298f.jpg,False,540,3675,1,0.79576,1731,1,540
clean_white,1.0,0.99169,0.99114,0.0,p_6a1c67c982fe7.jpg,False,540,3676,0,0.63782,1731,3,540
clean_white,1.0,1.0,1.0,0.0,p_6a1c67c98373c.jpg,False,540,3677,0,0.75032,1731,6,540
clean_white,1.0,0.99184,0.99077,0.0,p_6a1c6df7747fa.jpg,False,540,3678,0,0.79576,1731,7,540
clean_white,1.0,0.99169,0.99114,0.0,p_6a1c6df774eae.jpg,False,540,3679,0,0.63782,1731,9,540
clean_white,1.0,1.0,1.0,0.0,p_6a1c6df77545b.jpg,False,540,3680,0,0.75032,1731,12,540
clean_white,1.0,0.99184,0.99077,0.0,p_6a1c67ca006c2.jpg,False,540,3681,1,0.79576,1732,1,540
clean_white,1.0,0.99169,0.99114,0.0,p_6a1c67ca00dd2.jpg,False,540,3682,0,0.63782,1732,3,540
clean_white,1.0,1.0,1.0,0.0,p_6a1c67ca013e3.jpg,False,540,3683,0,0.75032,1732,6,540
clean_white,1.0,0.99184,0.99077,0.0,p_6a1c6df7e1474.jpg,False,540,3684,0,0.79576,1732,7,540
clean_white,1.0,0.99169,0.99114,0.0,p_6a1c6df7e1c64.jpg,False,540,3685,0,0.63782,1732,9,540
clean_white,1.0,1.0,1.0,0.0,p_6a1c6df7e2254.jpg,False,540,3686,0,0.75032,1732,12,540
clean_white,1.0,0.93721,0.93643,0.0,p_6a1c67ca6f0cf.jpg,False,540,3687,1,0.52382,1733,1,540
clean_white,1.0,1.0,1.0,0.0,p_6a1c67ca6f715.jpg,False,540,3688,0,0.63819,1733,3,540
review_white,1.0,0.89993,0.89853,0.0,p_6a1c67ca6fd6e.jpg,False,540,3689,0,0.55247,1733,6,540
clean_white,1.0,0.93721,0.93643,0.0,p_6a1c6df85cdf5.jpg,False,540,3690,0,0.52382,1733,7,540
clean_white,1.0,1.0,1.0,0.0,p_6a1c6df85d3f3.jpg,False,540,3691,0,0.63819,1733,9,540
review_white,1.0,0.89993,0.89853,0.0,p_6a1c6df85da87.jpg,False,540,3692,0,0.55247,1733,12,540
clean_white,1.0,0.99184,0.99077,0.0,p_6a1c67cade63b.jpg,False,540,3693,1,0.79576,1734,1,540
clean_white,1.0,0.99169,0.99114,0.0,p_6a1c67caded99.jpg,False,540,3694,0,0.63782,1734,3,540
clean_white,1.0,1.0,1.0,0.0,p_6a1c67cadf41d.jpg,False,540,3695,0,0.75032,1734,6,540
clean_white,1.0,0.99184,0.99077,0.0,p_6a1c6df8c9c09.jpg,False,540,3696,0,0.79576,1734,7,540
clean_white,1.0,0.99169,0.99114,0.0,p_6a1c6df8ca2c5.jpg,False,540,3697,0,0.63782,1734,9,540
clean_white,1.0,1.0,1.0,0.0,p_6a1c6df8caa5b.jpg,False,540,3698,0,0.75032,1734,12,540
clean_white,1.0,1.0,1.0,0.0,p_6a1c67cb59ee2.jpg,False,540,3699,1,0.9831,1735,1,540
clean_white,1.0,1.0,1.0,0.0,p_6a1c67cb5a65a.jpg,False,540,3700,0,0.9735,1735,3,540
clean_white,1.0,1.0,1.0,0.0,p_6a1c67cb5ab94.jpg,False,540,3701,0,0.97748,1735,6,540
clean_white,1.0,1.0,1.0,0.0,p_6a1c6df9436ed.jpg,False,540,3702,0,0.9831,1735,7,540
clean_white,1.0,1.0,1.0,0.0,p_6a1c6df943e14.jpg,False,540,3703,0,0.9735,1735,9,540
clean_white,1.0,1.0,1.0,0.0,p_6a1c6df944331.jpg,False,540,3704,0,0.97748,1735,12,540
clean_white,1.0,1.0,1.0,0.0,p_6a1c67cbc76e3.jpg,False,540,3705,1,0.90461,1736,1,540
clean_white,1.0,0.93338,0.93239,0.0,p_6a1c67cbc7d80.jpg,False,540,3706,0,0.82054,1736,3,540
clean_white,1.0,0.98338,0.98243,0.0,p_6a1c67cbc8446.jpg,False,540,3707,0,0.92095,1736,6,540
clean_white,1.0,1.0,1.0,0.0,p_6a1c6df9b260b.jpg,False,540,3708,0,0.90461,1736,7,540
clean_white,1.0,0.93338,0.93239,0.0,p_6a1c6df9b2c38.jpg,False,540,3709,0,0.82054,1736,9,540
clean_white,1.0,0.98338,0.98243,0.0,p_6a1c6df9b320c.jpg,False,540,3710,0,0.92095,1736,12,540
clean_white,1.0,0.99184,0.99077,0.0,p_6a1c67cc43344.jpg,False,540,3711,1,0.79576,1737,1,540
clean_white,1.0,0.99169,0.99114,0.0,p_6a1c67cc43fba.jpg,False,540,3712,0,0.63782,1737,3,540
clean_white,1.0,1.0,1.0,0.0,p_6a1c67cc444d3.jpg,False,540,3713,0,0.75032,1737,6,540
clean_white,1.0,0.99184,0.99077,0.0,p_6a1c6dfa2d700.jpg,False,540,3714,0,0.79576,1737,7,540
clean_white,1.0,0.99169,0.99114,0.0,p_6a1c6dfa2dcc2.jpg,False,540,3715,0,0.63782,1737,9,540
clean_white,1.0,1.0,1.0,0.0,p_6a1c6dfa2e288.jpg,False,540,3716,0,0.75032,1737,12,540
clean_white,1.0,0.99184,0.99077,0.0,p_6a1c67ccb18df.jpg,False,540,3717,1,0.79576,1738,1,540
clean_white,1.0,0.99169,0.99114,0.0,p_6a1c67ccb1fa7.jpg,False,540,3718,0,0.63782,1738,3,540
clean_white,1.0,1.0,1.0,0.0,p_6a1c67ccb2667.jpg,False,540,3719,0,0.75032,1738,6,540
clean_white,1.0,0.99184,0.99077,0.0,p_6a1c6dfa99abc.jpg,False,540,3720,0,0.79576,1738,7,540
clean_white,1.0,0.99169,0.99114,0.0,p_6a1c6dfa9a050.jpg,False,540,3721,0,0.63782,1738,9,540
clean_white,1.0,1.0,1.0,0.0,p_6a1c6dfa9a79e.jpg,False,540,3722,0,0.75032,1738,12,540
clean_white,1.0,0.93721,0.93643,0.0,p_6a1c67cd2bda3.jpg,False,540,3723,1,0.52382,1739,1,540
clean_white,1.0,1.0,1.0,0.0,p_6a1c67cd2c467.jpg,False,540,3724,0,0.63819,1739,3,540
review_white,1.0,0.89993,0.89853,0.0,p_6a1c67cd2cb92.jpg,False,540,3725,0,0.55247,1739,6,540
clean_white,1.0,0.93721,0.93643,0.0,p_6a1c6dfb1411f.jpg,False,540,3726,0,0.52382,1739,7,540
clean_white,1.0,1.0,1.0,0.0,p_6a1c6dfb14794.jpg,False,540,3727,0,0.63819,1739,9,540
review_white,1.0,0.89993,0.89853,0.0,p_6a1c6dfb155e9.jpg,False,540,3728,0,0.55247,1739,12,540
clean_white,1.0,0.99184,0.99077,0.0,p_6a1c67cd9d119.jpg,False,540,3729,1,0.79576,1740,1,540
clean_white,1.0,0.99169,0.99114,0.0,p_6a1c67cd9d87b.jpg,False,540,3730,0,0.63782,1740,3,540
clean_white,1.0,1.0,1.0,0.0,p_6a1c67cd9df66.jpg,False,540,3731,0,0.75032,1740,6,540
clean_white,1.0,0.99184,0.99077,0.0,p_6a1c6dfb80c2d.jpg,False,540,3732,0,0.79576,1740,7,540
clean_white,1.0,0.99169,0.99114,0.0,p_6a1c6dfb812d4.jpg,False,540,3733,0,0.63782,1740,9,540
clean_white,1.0,1.0,1.0,0.0,p_6a1c6dfb818b7.jpg,False,540,3734,0,0.75032,1740,12,540
clean_white,1.0,1.0,1.0,0.0,p_6a1c67ce17ef3.jpg,False,540,3735,1,0.9831,1741,1,540
clean_white,1.0,1.0,1.0,0.0,p_6a1c67ce1856a.jpg,False,540,3736,0,0.9735,1741,3,540
clean_white,1.0,1.0,1.0,0.0,p_6a1c67ce18b44.jpg,False,540,3737,0,0.97748,1741,6,540
clean_white,1.0,1.0,1.0,0.0,p_6a1c6dfc8aa3c.jpg,False,540,3738,0,0.9831,1741,7,540
clean_white,1.0,1.0,1.0,0.0,p_6a1c6dfc8afe8.jpg,False,540,3739,0,0.9735,1741,9,540
clean_white,1.0,1.0,1.0,0.0,p_6a1c6dfc8b5f8.jpg,False,540,3740,0,0.97748,1741,12,540
clean_white,1.0,1.0,1.0,0.0,p_6a1c67ce89e1d.jpg,False,540,3741,1,0.90461,1742,1,540
clean_white,1.0,0.93338,0.93239,0.0,p_6a1c67ce8a46b.jpg,False,540,3742,0,0.82054,1742,3,540
clean_white,1.0,0.98338,0.98243,0.0,p_6a1c67ce8a9fc.jpg,False,540,3743,0,0.92095,1742,6,540
clean_white,1.0,1.0,1.0,0.0,p_6a1c6dfd0371b.jpg,False,540,3744,0,0.90461,1742,7,540
clean_white,1.0,0.93338,0.93239,0.0,p_6a1c6dfd03d76.jpg,False,540,3745,0,0.82054,1742,9,540
clean_white,1.0,0.98338,0.98243,0.0,p_6a1c6dfd043b3.jpg,False,540,3746,0,0.92095,1742,12,540
clean_white,1.0,0.99184,0.99077,0.0,p_6a1c67cf02420.jpg,False,540,3747,1,0.79576,1743,1,540
clean_white,1.0,0.99169,0.99114,0.0,p_6a1c67cf029bf.jpg,False,540,3748,0,0.63782,1743,3,540
clean_white,1.0,1.0,1.0,0.0,p_6a1c67cf030a3.jpg,False,540,3749,0,0.75032,1743,6,540
clean_white,1.0,0.99184,0.99077,0.0,p_6a1c6dfd73535.jpg,False,540,3750,0,0.79576,1743,7,540
clean_white,1.0,0.99169,0.99114,0.0,p_6a1c6dfd73dc5.jpg,False,540,3751,0,0.63782,1743,9,540
clean_white,1.0,1.0,1.0,0.0,p_6a1c6dfd7457c.jpg,False,540,3752,0,0.75032,1743,12,540
clean_white,1.0,0.99184,0.99077,0.0,p_6a1c67d00bf81.jpg,False,540,3753,1,0.79576,1744,1,540
clean_white,1.0,0.99169,0.99114,0.0,p_6a1c67d00c49b.jpg,False,540,3754,0,0.63782,1744,3,540
clean_white,1.0,1.0,1.0,0.0,p_6a1c67d00c9d7.jpg,False,540,3755,0,0.75032,1744,6,540
clean_white,1.0,0.99184,0.99077,0.0,p_6a1c6dfde1931.jpg,False,540,3756,0,0.79576,1744,7,540
clean_white,1.0,0.99169,0.99114,0.0,p_6a1c6dfde1fda.jpg,False,540,3757,0,0.63782,1744,9,540
clean_white,1.0,1.0,1.0,0.0,p_6a1c6dfde2558.jpg,False,540,3758,0,0.75032,1744,12,540
clean_white,1.0,1.0,1.0,0.0,p_6a1c67d0e8e55.jpg,False,540,3759,1,0.90461,1746,1,540
clean_white,1.0,0.93338,0.93239,0.0,p_6a1c67d0e9663.jpg,False,540,3760,0,0.82054,1746,3,540
clean_white,1.0,0.98338,0.98243,0.0,p_6a1c67d0e9c52.jpg,False,540,3761,0,0.92095,1746,6,540
clean_white,1.0,1.0,1.0,0.0,p_6a1c6dfec85c4.jpg,False,540,3762,0,0.90461,1746,7,540
clean_white,1.0,0.93338,0.93239,0.0,p_6a1c6dfec8bf0.jpg,False,540,3763,0,0.82054,1746,9,540
clean_white,1.0,0.98338,0.98243,0.0,p_6a1c6dfec9109.jpg,False,540,3764,0,0.92095,1746,12,540
clean_white,1.0,0.99184,0.99077,0.0,p_6a1c67d16525d.jpg,False,540,3765,1,0.79576,1747,1,540
clean_white,1.0,0.99169,0.99114,0.0,p_6a1c67d165d04.jpg,False,540,3766,0,0.63782,1747,3,540
clean_white,1.0,1.0,1.0,0.0,p_6a1c67d1662dd.jpg,False,540,3767,0,0.75032,1747,6,540
clean_white,1.0,0.99184,0.99077,0.0,p_6a1c6dff40b54.jpg,False,540,3768,0,0.79576,1747,7,540
clean_white,1.0,0.99169,0.99114,0.0,p_6a1c6dff41255.jpg,False,540,3769,0,0.63782,1747,9,540
clean_white,1.0,1.0,1.0,0.0,p_6a1c6dff41768.jpg,False,540,3770,0,0.75032,1747,12,540
clean_white,1.0,0.99184,0.99077,0.0,p_6a1c67d1d5c51.jpg,False,540,3771,1,0.79576,1748,1,540
clean_white,1.0,0.99169,0.99114,0.0,p_6a1c67d1d637c.jpg,False,540,3772,0,0.63782,1748,3,540
clean_white,1.0,1.0,1.0,0.0,p_6a1c67d1d68f3.jpg,False,540,3773,0,0.75032,1748,6,540
clean_white,1.0,0.99184,0.99077,0.0,p_6a1c6dffac35a.jpg,False,540,3774,0,0.79576,1748,7,540
clean_white,1.0,0.99169,0.99114,0.0,p_6a1c6dffaca39.jpg,False,540,3775,0,0.63782,1748,9,540
clean_white,1.0,1.0,1.0,0.0,p_6a1c6dffad0bd.jpg,False,540,3776,0,0.75032,1748,12,540
needs_background,0.0,0.0,0.0,0.0,p_6a1e4b71f115d.png,True,94,3777,1,0.00503,1749,1,428
needs_background,0.06579,0.04848,0.03558,0.0,p_6a1e4b71f17d2.png,True,268,3778,0,0.01598,1749,3,516
needs_background,0.0,0.0846,0.04666,0.0,p_6a1e4b71f1d35.png,True,141,3779,0,0.04464,1749,6,456
clean_white,1.0,0.99184,0.99077,0.0,p_6a1c67d2beed1.jpg,False,540,3780,1,0.79576,1750,1,540
clean_white,1.0,0.99169,0.99114,0.0,p_6a1c67d2bf567.jpg,False,540,3781,0,0.63782,1750,3,540
clean_white,1.0,1.0,1.0,0.0,p_6a1c67d2bfb4a.jpg,False,540,3782,0,0.75032,1750,6,540
clean_white,1.0,0.99184,0.99077,0.0,p_6a1c6e0096310.jpg,False,540,3783,0,0.79576,1750,7,540
clean_white,1.0,0.99169,0.99114,0.0,p_6a1c6e00969c1.jpg,False,540,3784,0,0.63782,1750,9,540
clean_white,1.0,1.0,1.0,0.0,p_6a1c6e0096fe5.jpg,False,540,3785,0,0.75032,1750,12,540
clean_white,1.0,1.0,1.0,0.0,p_6a1c67d33bdf9.jpg,False,540,3786,1,0.9831,1751,1,540
clean_white,1.0,1.0,1.0,0.0,p_6a1c67d33c53d.jpg,False,540,3787,0,0.9735,1751,3,540
clean_white,1.0,1.0,1.0,0.0,p_6a1c67d33cc20.jpg,False,540,3788,0,0.97748,1751,6,540
clean_white,1.0,1.0,1.0,0.0,p_6a1c6e01110f6.jpg,False,540,3789,0,0.9831,1751,7,540
clean_white,1.0,1.0,1.0,0.0,p_6a1c6e0111c48.jpg,False,540,3790,0,0.9735,1751,9,540
clean_white,1.0,1.0,1.0,0.0,p_6a1c6e011273a.jpg,False,540,3791,0,0.97748,1751,12,540
clean_white,1.0,0.99572,0.94794,0.0,p_0960736c26a7.jpg,False,825,3792,1,0.51162,1752,0,1100
clean_white,1.0,1.0,0.99906,0.0,p_19cb329e390c.jpg,False,825,3793,0,0.52156,1752,1,1100
clean_white,1.0,0.995,0.99489,0.0,p_2c2ffd4baeee.jpg,False,825,3794,0,0.5593,1752,2,1100
clean_white,1.0,0.93272,0.87694,0.0,p_7cfb1c624d8f.jpg,False,825,3795,0,0.54437,1752,3,1100
clean_white,1.0,0.93721,0.93643,0.0,p_6a1c67d3aaf9e.jpg,False,540,3796,0,0.52382,1752,4,540
clean_white,1.0,1.0,1.0,0.0,p_6a1c67d3ab5b9.jpg,False,540,3797,0,0.63819,1752,6,540
review_white,1.0,0.89993,0.89853,0.0,p_6a1c67d3abc95.jpg,False,540,3798,0,0.55247,1752,9,540
clean_white,1.0,0.93721,0.93643,0.0,p_6a1c6e017ee86.jpg,False,540,3799,0,0.52382,1752,10,540
clean_white,1.0,1.0,1.0,0.0,p_6a1c6e017f3c1.jpg,False,540,3800,0,0.63819,1752,12,540
review_white,1.0,0.89993,0.89853,0.0,p_6a1c6e017faaf.jpg,False,540,3801,0,0.55247,1752,15,540
clean_white,1.0,0.99184,0.99077,0.0,p_6a1c67d424c76.jpg,False,540,3802,1,0.79576,1753,1,540
clean_white,1.0,0.99169,0.99114,0.0,p_6a1c67d425363.jpg,False,540,3803,0,0.63782,1753,3,540
clean_white,1.0,1.0,1.0,0.0,p_6a1c67d425955.jpg,False,540,3804,0,0.75032,1753,6,540
clean_white,1.0,0.99184,0.99077,0.0,p_6a1c6e01ed4df.jpg,False,540,3805,0,0.79576,1753,7,540
clean_white,1.0,0.99169,0.99114,0.0,p_6a1c6e01ee7c9.jpg,False,540,3806,0,0.63782,1753,9,540
clean_white,1.0,1.0,1.0,0.0,p_6a1c6e01f0557.jpg,False,540,3807,0,0.75032,1753,12,540
clean_white,1.0,0.99184,0.99077,0.0,p_6a1c67d494589.jpg,False,540,3808,1,0.79576,1754,1,540
clean_white,1.0,0.99169,0.99114,0.0,p_6a1c67d494bb5.jpg,False,540,3809,0,0.63782,1754,3,540
clean_white,1.0,1.0,1.0,0.0,p_6a1c67d49511d.jpg,False,540,3810,0,0.75032,1754,6,540
clean_white,1.0,0.99184,0.99077,0.0,p_6a1c6e0269852.jpg,False,540,3811,0,0.79576,1754,7,540
clean_white,1.0,0.99169,0.99114,0.0,p_6a1c6e026a326.jpg,False,540,3812,0,0.63782,1754,9,540
clean_white,1.0,1.0,1.0,0.0,p_6a1c6e026add3.jpg,False,540,3813,0,0.75032,1754,12,540
clean_white,1.0,1.0,1.0,0.0,p_6a1c67d510e89.jpg,False,540,3814,1,0.90461,1755,1,540
clean_white,1.0,0.93338,0.93239,0.0,p_6a1c67d511770.jpg,False,540,3815,0,0.82054,1755,3,540
clean_white,1.0,0.98338,0.98243,0.0,p_6a1c67d51206b.jpg,False,540,3816,0,0.92095,1755,6,540
clean_white,1.0,1.0,1.0,0.0,p_6a1c6e02d98ca.jpg,False,540,3817,0,0.90461,1755,7,540
clean_white,1.0,0.93338,0.93239,0.0,p_6a1c6e02d9e4b.jpg,False,540,3818,0,0.82054,1755,9,540
clean_white,1.0,0.98338,0.98243,0.0,p_6a1c6e02da3de.jpg,False,540,3819,0,0.92095,1755,12,540
needs_background,0.03587,0.0005,0.00034,0.0,p_6a1c150509062.jpg,False,754,3820,1,0.00361,1756,0,1024
needs_background,0.00207,0.0009,0.00067,0.0,p_6a1c15050970d.jpg,False,368,3821,0,0.00627,1756,1,600
clean_white,1.0,1.0,1.0,0.0,p_6a1c67d57f13f.jpg,False,540,3822,0,0.97275,1756,7,540
clean_white,1.0,1.0,1.0,0.0,p_6a1c6e0355526.jpg,False,540,3823,0,0.88428,1756,8,540
clean_white,1.0,1.0,1.0,0.0,p_6a1c6e0355b81.jpg,False,540,3824,0,0.91756,1756,10,540
clean_white,1.0,0.99844,0.81808,0.0,p_6a1c19fb3259b.jpg,False,225,3825,1,0.64136,1757,1,225
review_white,1.0,0.89993,0.89853,0.0,p_6a1c67d5f1305.jpg,False,540,3826,0,0.55247,1757,9,540
needs_background,0.0027,0.00085,4e-05,0.0,p_6a1fbd3d9e254.jpg,False,1276,3827,1,0.00076,1759,1,1276
needs_background,0.0,0.0,0.0,0.0,p_6a1fbd3d9e9b5.jpg,False,1276,3828,0,1e-05,1759,3,1276
needs_background,0.84313,0.89357,0.88632,0.0,p_6a1fbd3d9f238.jpg,False,1070,3829,0,0.25087,1759,6,1919
needs_background,0.02778,0.04533,0.0,0.0,p_6a1fbd8ed1cfb.jpg,False,150,3830,1,0.1888,1760,1,150
needs_background,0.0,0.0,0.0,0.0,p_6a1fbd8ed234b.jpg,False,1792,3831,0,0.00012,1760,3,2394
needs_background,0.00039,0.01577,0.0,0.0,p_6a1fbd8ed2984.jpg,False,500,3832,0,0.02897,1760,6,500
needs_background,0.0,0.00018,0.0,0.0,p_6a1fbdd5141ef.jpg,False,1919,3833,1,0.0061,1761,1,1917
needs_background,0.01215,0.00379,0.0,0.0,p_6a1fbdd5147ad.jpg,False,1918,3834,0,0.00314,1761,3,1916
clean_white,1.0,1.0,1.0,0.0,p_6a1fbdd514de0.jpg,False,651,3835,0,0.62479,1761,6,651
needs_background,0.5,0.36018,0.1129,0.0,p_6a1fbdd5154f5.jpg,False,1920,3836,0,0.18212,1761,10,1920
needs_background,0.5,0.50419,0.00129,0.0,p_6a1fbe874d8f7.jpg,False,1500,3837,1,0.21623,1762,1,1500
needs_background,0.0,4e-05,0.0,0.0,p_6a1fbe874df89.jpg,False,1600,3838,0,0.0029,1762,3,1600
needs_background,0.05305,0.0225,0.01426,0.0,p_6a1fbe874e4bb.jpg,False,650,3839,0,0.0426,1762,6,650
needs_background,0.83481,0.84515,0.00544,0.0,p_6a1fbfd3a6b65.jpg,False,554,3840,1,0.23168,1763,1,480
needs_background,0.03061,0.00979,0.00867,0.0,p_6a1fbfd3a71f3.jpg,False,507,3841,0,0.0064,1763,3,640
needs_background,0.01245,0.00538,0.00094,0.0,p_6a1fbfd3a7780.jpg,False,651,3842,0,0.00685,1763,6,630
needs_background,0.0,0.0,0.0,0.0,p_6a1fc055d882b.jpg,False,500,3843,1,0.0,1764,1,500
needs_background,0.0,0.0,0.0,0.0,p_6a1fc055d8f5d.jpg,False,500,3844,0,0.0,1764,3,500
needs_background,0.0,0.0,0.0,0.0,p_6a1fc055d954b.jpg,False,500,3845,0,2e-05,1764,6,500
needs_background,0.34761,0.27121,0.03313,0.0,p_6a1fc01ea3c2e.jpg,False,1919,3846,1,0.14104,1765,1,1917
needs_background,0.0,0.0361,0.0,0.0,p_6a1fc01ea41f8.jpg,False,1918,3847,0,0.01181,1765,3,1916
needs_background,0.08854,0.19404,0.06305,0.0,p_6a1fc01ea47d1.jpg,False,1919,3848,0,0.09978,1765,6,1917
needs_background,0.93711,0.78154,7e-05,0.0,p_6a1fc1eb92fa4.jpg,False,1000,3849,1,0.47517,1766,1,1000
needs_background,0.0,0.0,0.0,0.0,p_6a1fc1eb93743.jpeg,False,1440,3850,0,0.00097,1766,3,1920
needs_background,0.0,0.0,0.0,0.0,p_6a1fc1eb93e4b.jpg,False,1000,3851,0,0.00303,1766,6,1000
review_white,1.0,0.85783,0.60452,0.0,p_6a1fc0ec9a4c0.jpg,False,1000,3852,1,0.64389,1767,1,1000
needs_background,0.0,0.0,0.0,0.0,p_6a1fc0ec9aac0.jpg,False,445,3853,0,0.00071,1767,3,599
needs_background,0.02758,0.03346,0.02699,0.0,p_6a1fc0ec9b10b.jpg,False,650,3854,0,0.06178,1767,6,650
needs_background,0.05305,0.0225,0.01426,0.0,p_6a1fc2f18b4d4.jpg,False,650,3855,1,0.0426,1768,1,650
review_white,1.0,0.85783,0.60452,0.0,p_6a1fc2f18bbc5.jpg,False,1000,3856,0,0.64389,1768,3,1000
needs_background,0.02701,0.03658,0.02768,0.0,p_6a1fc2f18c2d7.jpg,False,650,3857,0,0.0505,1768,6,650
needs_background,1.0,0.79912,0.79824,0.0,p_6a1fc23bc611a.jpg,False,1000,3858,1,0.56319,1769,1,1000
review_white,1.0,1.0,0.0,0.0,p_6a1fc23bc672e.jpg,False,1000,3859,0,0.70186,1769,3,1000
needs_background,0.93711,0.78154,7e-05,0.0,p_6a1fc23bc6e4c.jpg,False,1000,3860,0,0.47517,1769,6,1000
needs_background,0.0,0.0,0.0,0.0,p_6a1fc3b548dc4.jpg,False,1276,3861,1,1e-05,1770,1,1276
needs_background,0.0027,0.00085,4e-05,0.0,p_6a1fc3b549386.jpg,False,1276,3862,0,0.00076,1770,3,1276
needs_background,0.84313,0.89357,0.88632,0.0,p_6a1fc3b549943.jpg,False,1070,3863,0,0.25087,1770,6,1919
needs_background,0.0,0.0,0.0,0.0,p_6a1fc5cc1c4d6.jpg,False,843,3864,1,0.0007,1771,1,1500
needs_background,0.0,0.0,0.0,0.0,p_6a1fc5cc1cb3d.jpg,False,612,3865,0,0.0,1771,3,344
needs_background,0.0,0.0,0.0,0.0,p_6a1fc5cc1d141.jpg,False,843,3866,0,0.00052,1771,6,1500
review_white,1.0,1.0,0.0,0.0,p_6a1fc66508dad.jpg,False,1000,3867,1,0.70186,1772,1,1000
needs_background,0.93711,0.78154,7e-05,0.0,p_6a1fc6650936e.jpg,False,1000,3868,0,0.47517,1772,3,1000
needs_background,1.0,0.79912,0.79824,0.0,p_6a1fc66509891.jpg,False,1000,3869,0,0.56319,1772,6,1000
needs_background,0.53687,0.28529,0.00025,0.0,p_6a1fc72370215.jpg,False,670,3870,1,0.06593,1773,1,1200
needs_background,0.20616,0.14674,0.03967,0.0,p_6a1fc723708d5.jpg,False,1200,3871,0,0.07734,1773,3,799
needs_background,0.0,0.0,0.0,0.0,p_6a1fc72370e96.jpg,False,772,3872,0,0.00142,1773,6,1200
clean_white,1.0,0.9936,0.99132,0.0,p_6a1e33f20435a.jpg,False,540,3873,1,0.59887,1774,1,540
clean_white,1.0,1.0,1.0,0.0,p_6a1e33f2049b6.jpg,False,540,3874,0,0.79157,1774,3,540
clean_white,1.0,1.0,1.0,0.0,p_6a1e33f204e9a.jpg,False,540,3875,0,0.7816,1774,6,540
needs_background,0.0,0.00022,0.0,0.0,p_6a1fc77fce699.jpg,False,743,3876,1,0.00105,1775,1,1200
needs_background,0.0,5e-05,0.0,0.0,p_6a1fc77fceef7.jpg,False,958,3877,0,4e-05,1775,3,1200
needs_background,0.0,0.0,0.0,0.0,p_6a1fc77fcf789.jpg,False,831,3878,0,3e-05,1775,6,1200
clean_white,0.96484,0.94599,0.94079,0.0,p_6a1fc80295f6a.jpg,False,381,3879,1,0.37668,1776,1,855
review_white,1.0,0.85379,0.83734,0.0,p_6a1fc80296504.jpg,False,279,3880,0,0.49641,1776,3,816
review_white,0.92825,0.95035,0.94733,0.0,p_6a1fc80296aee.jpg,False,608,3881,0,0.38989,1776,6,842
needs_background,1.0,0.79912,0.79824,0.0,p_6a1fc94c89ef0.jpg,False,1000,3882,1,0.56319,1777,1,1000
needs_background,0.93711,0.78154,7e-05,0.0,p_6a1fc94c8a529.jpg,False,1000,3883,0,0.47517,1777,3,1000
review_white,1.0,1.0,0.0,0.0,p_6a1fc94c8ab2e.jpg,False,1000,3884,0,0.70186,1777,6,1000
clean_white,1.0,0.96403,0.96103,0.0,p_6a1fc8cd63a40.jpg,False,652,3885,1,0.57203,1778,1,755
needs_background,0.94472,0.79385,0.78305,0.0,p_6a1fc8cd640f8.jpg,False,622,3886,0,0.24497,1778,3,755
clean_white,1.0,1.0,1.0,0.0,p_6a1fc8cd647f5.jpg,False,684,3887,0,0.60291,1778,6,577
needs_background,0.0,0.0015,0.00048,0.0,p_6a1fca72daad5.jpg,False,785,3888,1,0.00849,1779,1,1223
needs_background,0.0,6e-05,0.0,0.0,p_6a1fca72db13d.jpg,False,775,3889,0,9e-05,1779,3,1119
needs_background,0.0,0.00505,0.00391,0.0,p_6a1fca72db763.jpg,False,835,3890,0,0.00345,1779,6,1267
clean_white,1.0,0.98489,0.9818,0.0,p_6a1fcc19c1897.jpg,False,960,3891,1,0.7449,1780,1,960
clean_white,1.0,0.95151,0.94265,0.0,p_6a1fcc19c1f1e.jpg,False,960,3892,0,0.56595,1780,3,960
clean_white,1.0,0.97882,0.97673,0.0,p_6a1fcc19c2508.jpg,False,960,3893,0,0.75485,1780,6,960
review_white,1.0,0.90301,0.83456,0.0,p_6a1e33f9db74b.jpg,False,540,3894,1,0.41721,1781,1,540
clean_white,1.0,0.95739,0.93787,0.0,p_6a1e33f9dbcf7.jpg,False,540,3895,0,0.84843,1781,3,540
clean_white,1.0,0.98886,0.98768,0.0,p_6a1e33f9dc349.jpg,False,540,3896,0,0.62939,1781,6,540
clean_white,1.0,0.93721,0.93643,0.0,p_6a1e33fcd8b1b.jpg,False,540,3897,1,0.52382,1783,1,540
clean_white,1.0,1.0,1.0,0.0,p_6a1e33fcd915d.jpg,False,540,3898,0,0.63819,1783,3,540
review_white,1.0,0.89993,0.89853,0.0,p_6a1e33fcd96f5.jpg,False,540,3899,0,0.55247,1783,6,540
clean_white,1.0,1.0,0.98728,0.0,p_6a1e33fe42778.jpg,False,540,3900,1,0.79272,1784,1,540
clean_white,1.0,1.0,1.0,0.0,p_6a1e33fe42e13.jpg,False,540,3901,0,0.56747,1784,3,540
clean_white,1.0,0.95956,0.9593,0.0,p_6a1e33fe433eb.jpg,False,540,3902,0,0.58368,1784,6,540
clean_white,1.0,0.93721,0.93643,0.0,p_6a1e33ffba77a.jpg,False,540,3903,1,0.52382,1785,1,540
clean_white,1.0,1.0,1.0,0.0,p_6a1e33ffbad84.jpg,False,540,3904,0,0.63819,1785,3,540
review_white,1.0,0.89993,0.89853,0.0,p_6a1e33ffbb385.jpg,False,540,3905,0,0.55247,1785,6,540
clean_white,1.0,0.93721,0.93643,0.0,p_6a1e3401f0334.jpg,False,540,3906,1,0.52382,1786,1,540
clean_white,1.0,1.0,1.0,0.0,p_6a1e3401f0ab4.jpg,False,540,3907,0,0.63819,1786,3,540
review_white,1.0,0.89993,0.89853,0.0,p_6a1e3401f10ba.jpg,False,540,3908,0,0.55247,1786,6,540
clean_white,1.0,0.93721,0.93643,0.0,p_6a1e340370847.jpg,False,540,3909,1,0.52382,1787,1,540
clean_white,1.0,1.0,1.0,0.0,p_6a1e340370e4e.jpg,False,540,3910,0,0.63819,1787,3,540
review_white,1.0,0.89993,0.89853,0.0,p_6a1e340371455.jpg,False,540,3911,0,0.55247,1787,6,540
clean_white,1.0,1.0,1.0,0.0,p_6a1e34052c753.jpg,False,540,3912,1,0.92508,1788,1,540
clean_white,1.0,0.99033,0.98941,0.0,p_6a1e34052ccd1.jpg,False,540,3913,0,0.8163,1788,3,540
clean_white,1.0,1.0,1.0,0.0,p_6a1e34052d312.jpg,False,540,3914,0,0.82264,1788,6,540
clean_white,1.0,0.93721,0.93643,0.0,p_6a1e3406a37e1.jpg,False,540,3915,1,0.52382,1789,1,540
clean_white,1.0,1.0,1.0,0.0,p_6a1e3406a3d9d.jpg,False,540,3916,0,0.63819,1789,3,540
review_white,1.0,0.89993,0.89853,0.0,p_6a1e3406a4499.jpg,False,540,3917,0,0.55247,1789,6,540
clean_white,1.0,0.93721,0.93643,0.0,p_6a1e34082770c.jpg,False,540,3918,1,0.52382,1790,1,540
clean_white,1.0,1.0,1.0,0.0,p_6a1e340827e2f.jpg,False,540,3919,0,0.63819,1790,3,540
review_white,1.0,0.89993,0.89853,0.0,p_6a1e340828499.jpg,False,540,3920,0,0.55247,1790,6,540
clean_white,1.0,0.93721,0.93643,0.0,p_6a1e3409a3a34.jpg,False,540,3921,1,0.52382,1791,1,540
clean_white,1.0,1.0,1.0,0.0,p_6a1e3409a409b.jpg,False,540,3922,0,0.63819,1791,3,540
review_white,1.0,0.89993,0.89853,0.0,p_6a1e3409a4756.jpg,False,540,3923,0,0.55247,1791,6,540
clean_white,1.0,0.93721,0.93643,0.0,p_6a1e340b2d867.jpg,False,540,3924,1,0.52382,1792,1,540
clean_white,1.0,1.0,1.0,0.0,p_6a1e340b2de40.jpg,False,540,3925,0,0.63819,1792,3,540
review_white,1.0,0.89993,0.89853,0.0,p_6a1e340b2e3e1.jpg,False,540,3926,0,0.55247,1792,6,540
clean_white,1.0,1.0,1.0,0.0,p_6a1e340c75e47.jpg,False,540,3927,1,0.63399,1793,1,540
review_white,1.0,0.86577,0.84915,0.0,p_6a1e340c765f8.jpg,False,540,3928,0,0.45853,1793,3,540
clean_white,1.0,0.93342,0.93232,0.0,p_6a1e340c76beb.jpg,False,540,3929,0,0.82079,1793,6,540
clean_white,1.0,0.93721,0.93643,0.0,p_6a1e340df1a01.jpg,False,540,3930,1,0.52382,1794,1,540
clean_white,1.0,1.0,1.0,0.0,p_6a1e340df25a2.jpg,False,540,3931,0,0.63819,1794,3,540
review_white,1.0,0.89993,0.89853,0.0,p_6a1e340df2c4c.jpg,False,540,3932,0,0.55247,1794,6,540
clean_white,1.0,1.0,1.0,0.0,p_6a1e340fa6c12.jpg,False,540,3933,1,0.77756,1795,1,540
clean_white,1.0,1.0,1.0,0.0,p_6a1e340fa7469.jpg,False,540,3934,0,0.78046,1795,3,540
clean_white,1.0,0.99901,0.99893,0.0,p_6a1e340fa7bc5.jpg,False,540,3935,0,0.71938,1795,6,540
clean_white,1.0,0.93721,0.93643,0.0,p_6a1e34112f17c.jpg,False,540,3936,1,0.52382,1796,1,540
clean_white,1.0,1.0,1.0,0.0,p_6a1e341130475.jpg,False,540,3937,0,0.63819,1796,3,540
review_white,1.0,0.89993,0.89853,0.0,p_6a1e341130ac8.jpg,False,540,3938,0,0.55247,1796,6,540
clean_white,1.0,0.93721,0.93643,0.0,p_6a1e34129dee2.jpg,False,540,3939,1,0.52382,1797,1,540
clean_white,1.0,1.0,1.0,0.0,p_6a1e34129e4ad.jpg,False,540,3940,0,0.63819,1797,3,540
review_white,1.0,0.89993,0.89853,0.0,p_6a1e34129e9ec.jpg,False,540,3941,0,0.55247,1797,6,540
clean_white,1.0,0.93721,0.93643,0.0,p_6a1e341418d3c.jpg,False,540,3942,1,0.52382,1798,1,540
clean_white,1.0,1.0,1.0,0.0,p_6a1e341419469.jpg,False,540,3943,0,0.63819,1798,3,540
review_white,1.0,0.89993,0.89853,0.0,p_6a1e341419bb9.jpg,False,540,3944,0,0.55247,1798,6,540
clean_white,1.0,0.93721,0.93643,0.0,p_6a1e3415d3ed5.jpg,False,540,3945,1,0.52382,1799,1,540
clean_white,1.0,1.0,1.0,0.0,p_6a1e3415d4542.jpg,False,540,3946,0,0.63819,1799,3,540
review_white,1.0,0.89993,0.89853,0.0,p_6a1e3415d4b75.jpg,False,540,3947,0,0.55247,1799,6,540
clean_white,1.0,0.93721,0.93643,0.0,p_6a1e3417529a8.jpg,False,540,3948,1,0.52382,1800,1,540
clean_white,1.0,1.0,1.0,0.0,p_6a1e3417530af.jpg,False,540,3949,0,0.63819,1800,3,540
review_white,1.0,0.89993,0.89853,0.0,p_6a1e341753607.jpg,False,540,3950,0,0.55247,1800,6,540
clean_white,1.0,0.93721,0.93643,0.0,p_6a1e3418d7be8.jpg,False,540,3951,1,0.52382,1801,1,540
clean_white,1.0,1.0,1.0,0.0,p_6a1e3418d8215.jpg,False,540,3952,0,0.63819,1801,3,540
review_white,1.0,0.89993,0.89853,0.0,p_6a1e3418d87a7.jpg,False,540,3953,0,0.55247,1801,6,540
clean_white,1.0,0.93721,0.93643,0.0,p_6a1e341a58079.jpg,False,540,3954,1,0.52382,1802,1,540
clean_white,1.0,1.0,1.0,0.0,p_6a1e341a5865b.jpg,False,540,3955,0,0.63819,1802,3,540
review_white,1.0,0.89993,0.89853,0.0,p_6a1e341a58be2.jpg,False,540,3956,0,0.55247,1802,6,540
clean_white,1.0,0.93721,0.93643,0.0,p_6a1e341bcc079.jpg,False,540,3957,1,0.52382,1803,1,540
clean_white,1.0,1.0,1.0,0.0,p_6a1e341bcc6e7.jpg,False,540,3958,0,0.63819,1803,3,540
review_white,1.0,0.89993,0.89853,0.0,p_6a1e341bccca6.jpg,False,540,3959,0,0.55247,1803,6,540
review_white,1.0,0.84629,0.84217,0.0,p_6a1e341d4d7a2.jpg,False,540,3960,1,0.31038,1804,1,540
clean_white,1.0,1.0,1.0,0.0,p_6a1e341d4dce5.jpg,False,540,3961,0,0.70154,1804,3,540
clean_white,1.0,0.95287,0.95092,0.0,p_6a1e341d4e29b.jpg,False,540,3962,0,0.87337,1804,6,540
clean_white,1.0,0.93721,0.93643,0.0,p_6a1e341ebba26.jpg,False,540,3963,1,0.52382,1805,1,540
clean_white,1.0,1.0,1.0,0.0,p_6a1e341ebbfb1.jpg,False,540,3964,0,0.63819,1805,3,540
review_white,1.0,0.89993,0.89853,0.0,p_6a1e341ebc492.jpg,False,540,3965,0,0.55247,1805,6,540
clean_white,1.0,0.93721,0.93643,0.0,p_6a1e342030bf1.jpg,False,540,3966,1,0.52382,1806,1,540
clean_white,1.0,1.0,1.0,0.0,p_6a1e3420311e0.jpg,False,540,3967,0,0.63819,1806,3,540
review_white,1.0,0.89993,0.89853,0.0,p_6a1e3420317e5.jpg,False,540,3968,0,0.55247,1806,6,540
clean_white,1.0,0.93721,0.93643,0.0,p_6a1e34219a897.jpg,False,540,3969,1,0.52382,1807,1,540
clean_white,1.0,1.0,1.0,0.0,p_6a1e34219afb3.jpg,False,540,3970,0,0.63819,1807,3,540
review_white,1.0,0.89993,0.89853,0.0,p_6a1e34219b655.jpg,False,540,3971,0,0.55247,1807,6,540
clean_white,1.0,1.0,1.0,0.0,p_6a1e34236ad5f.jpg,False,540,3972,1,0.9831,1808,1,540
clean_white,1.0,1.0,1.0,0.0,p_6a1e34236b427.jpg,False,540,3973,0,0.9735,1808,3,540
clean_white,1.0,1.0,1.0,0.0,p_6a1e34236b9cb.jpg,False,540,3974,0,0.97748,1808,6,540
clean_white,1.0,1.0,1.0,0.0,p_6a1e34255de7d.jpg,False,540,3975,1,0.9831,1809,1,540
clean_white,1.0,1.0,1.0,0.0,p_6a1e34255e4cd.jpg,False,540,3976,0,0.9735,1809,3,540
clean_white,1.0,1.0,1.0,0.0,p_6a1e34255ebc1.jpg,False,540,3977,0,0.97748,1809,6,540
clean_white,1.0,1.0,1.0,0.0,p_6a1e3426c8b88.jpg,False,540,3978,1,0.9831,1810,1,540
clean_white,1.0,1.0,1.0,0.0,p_6a1e3426c9235.jpg,False,540,3979,0,0.9735,1810,3,540
clean_white,1.0,1.0,1.0,0.0,p_6a1e3426c970b.jpg,False,540,3980,0,0.97748,1810,6,540
clean_white,1.0,1.0,1.0,0.0,p_6a1e342840685.jpg,False,540,3981,1,0.9831,1811,1,540
clean_white,1.0,1.0,1.0,0.0,p_6a1e342840cc9.jpg,False,540,3982,0,0.9735,1811,3,540
clean_white,1.0,1.0,1.0,0.0,p_6a1e3428414a6.jpg,False,540,3983,0,0.97748,1811,6,540
clean_white,1.0,1.0,1.0,0.0,p_6a1e3429ab461.jpg,False,540,3984,1,0.9831,1812,1,540
clean_white,1.0,1.0,1.0,0.0,p_6a1e3429ab968.jpg,False,540,3985,0,0.9735,1812,3,540
clean_white,1.0,1.0,1.0,0.0,p_6a1e3429abe71.jpg,False,540,3986,0,0.97748,1812,6,540
clean_white,1.0,1.0,1.0,0.0,p_6a1e342b23f81.jpg,False,540,3987,1,0.9831,1813,1,540
clean_white,1.0,1.0,1.0,0.0,p_6a1e342b24583.jpg,False,540,3988,0,0.9735,1813,3,540
clean_white,1.0,1.0,1.0,0.0,p_6a1e342b24b19.jpg,False,540,3989,0,0.97748,1813,6,540
clean_white,1.0,1.0,1.0,0.0,p_6a1e342ced440.jpg,False,540,3990,1,0.9831,1814,1,540
clean_white,1.0,1.0,1.0,0.0,p_6a1e342cede75.jpg,False,540,3991,0,0.9735,1814,3,540
clean_white,1.0,1.0,1.0,0.0,p_6a1e342cee5a4.jpg,False,540,3992,0,0.97748,1814,6,540
clean_white,1.0,1.0,1.0,0.0,p_6a1e342e9b037.jpg,False,540,3993,1,0.88898,1815,1,540
clean_white,1.0,0.98485,0.9839,0.0,p_6a1e342e9b659.jpg,False,540,3994,0,0.85422,1815,3,540
needs_background,0.62712,0.87702,0.85857,0.0,p_6a1e342e9bcdd.jpg,False,540,3995,0,0.53058,1815,6,540
clean_white,1.0,1.0,1.0,0.0,p_6a1e34301814f.jpg,False,540,3996,1,0.88428,1816,1,540
clean_white,1.0,1.0,1.0,0.0,p_6a1e343018878.jpg,False,540,3997,0,0.91756,1816,3,540
clean_white,1.0,1.0,1.0,0.0,p_6a1e343018f7c.jpg,False,540,3998,0,0.97275,1816,6,540
clean_white,1.0,1.0,1.0,0.0,p_6a1e343185b09.jpg,False,540,3999,1,0.88428,1817,1,540
clean_white,1.0,1.0,1.0,0.0,p_6a1e3431861e9.jpg,False,540,4000,0,0.91756,1817,3,540
clean_white,1.0,1.0,1.0,0.0,p_6a1e3431867fb.jpg,False,540,4001,0,0.97275,1817,6,540
clean_white,1.0,1.0,1.0,0.0,p_6a1e3432ef7d8.jpg,False,540,4002,1,0.88428,1818,1,540
clean_white,1.0,1.0,1.0,0.0,p_6a1e3432efecd.jpg,False,540,4003,0,0.91756,1818,3,540
clean_white,1.0,1.0,1.0,0.0,p_6a1e3432f0578.jpg,False,540,4004,0,0.97275,1818,6,540
clean_white,1.0,1.0,1.0,0.0,p_6a1e3434ea7a4.jpg,False,540,4005,1,0.78236,1819,1,540
clean_white,0.96856,0.98434,0.98357,0.0,p_6a1e3434eafb9.jpg,False,540,4006,0,0.49913,1819,3,540
clean_white,1.0,0.99846,0.99835,0.0,p_6a1e3434eb724.jpg,False,540,4007,0,0.68276,1819,6,540
clean_white,1.0,1.0,1.0,0.0,p_6a1e34365dcca.jpg,False,540,4008,1,0.88428,1820,1,540
clean_white,1.0,1.0,1.0,0.0,p_6a1e34365e1a9.jpg,False,540,4009,0,0.91756,1820,3,540
clean_white,1.0,1.0,1.0,0.0,p_6a1e34365e6c1.jpg,False,540,4010,0,0.97275,1820,6,540
clean_white,1.0,1.0,1.0,0.0,p_6a1e3437c667f.jpg,False,540,4011,1,0.88428,1821,1,540
clean_white,1.0,1.0,1.0,0.0,p_6a1e3437c6de4.jpg,False,540,4012,0,0.91756,1821,3,540
clean_white,1.0,1.0,1.0,0.0,p_6a1e3437c7426.jpg,False,540,4013,0,0.97275,1821,6,540
clean_white,1.0,1.0,1.0,0.0,p_6a1e34397e5cf.jpg,False,540,4014,1,0.88428,1822,1,540
clean_white,1.0,1.0,1.0,0.0,p_6a1e34397ebf2.jpg,False,540,4015,0,0.91756,1822,3,540
clean_white,1.0,1.0,1.0,0.0,p_6a1e34397f24c.jpg,False,540,4016,0,0.97275,1822,6,540
clean_white,1.0,1.0,1.0,0.0,p_6a1e343b713fe.jpg,False,540,4017,1,0.88428,1823,1,540
clean_white,1.0,1.0,1.0,0.0,p_6a1e343b71aa6.jpg,False,540,4018,0,0.91756,1823,3,540
clean_white,1.0,1.0,1.0,0.0,p_6a1e343b72100.jpg,False,540,4019,0,0.97275,1823,6,540
clean_white,1.0,1.0,1.0,0.0,p_6a1e343cdb0db.jpg,False,540,4020,1,0.88428,1824,1,540
clean_white,1.0,1.0,1.0,0.0,p_6a1e343cdb75e.jpg,False,540,4021,0,0.91756,1824,3,540
clean_white,1.0,1.0,1.0,0.0,p_6a1e343cdbc5d.jpg,False,540,4022,0,0.97275,1824,6,540
clean_white,1.0,1.0,1.0,0.0,p_6a1e343e912a5.jpg,False,540,4023,1,0.88428,1825,1,540
clean_white,1.0,1.0,1.0,0.0,p_6a1e343e91813.jpg,False,540,4024,0,0.91756,1825,3,540
clean_white,1.0,1.0,1.0,0.0,p_6a1e343e91d42.jpg,False,540,4025,0,0.97275,1825,6,540
clean_white,1.0,0.93901,0.93393,0.0,p_6a1e344019913.jpg,False,540,4026,1,0.759,1826,1,540
clean_white,1.0,1.0,1.0,0.0,p_6a1e344019f6c.jpg,False,540,4027,0,0.77933,1826,3,540
clean_white,1.0,1.0,1.0,0.0,p_6a1e34401a583.jpg,False,540,4028,0,0.6499,1826,6,540
clean_white,1.0,1.0,1.0,0.0,p_6a1e344181fc7.jpg,False,540,4029,1,0.88428,1827,1,540
clean_white,1.0,1.0,1.0,0.0,p_6a1e344182657.jpg,False,540,4030,0,0.91756,1827,3,540
clean_white,1.0,1.0,1.0,0.0,p_6a1e344182cc5.jpg,False,540,4031,0,0.97275,1827,6,540
clean_white,1.0,1.0,1.0,0.0,p_6a1e3442ef8dc.jpg,False,540,4032,1,0.88428,1828,1,540
clean_white,1.0,1.0,1.0,0.0,p_6a1e3442efdfc.jpg,False,540,4033,0,0.91756,1828,3,540
clean_white,1.0,1.0,1.0,0.0,p_6a1e3442f05a7.jpg,False,540,4034,0,0.97275,1828,6,540
clean_white,1.0,1.0,1.0,0.0,p_6a1e3444b5c86.jpg,False,540,4035,1,0.88428,1829,1,540
clean_white,1.0,1.0,1.0,0.0,p_6a1e3444b6338.jpg,False,540,4036,0,0.91756,1829,3,540
clean_white,1.0,1.0,1.0,0.0,p_6a1e3444b695d.jpg,False,540,4037,0,0.97275,1829,6,540
clean_white,1.0,1.0,1.0,0.0,p_6a1e34462c3e3.jpg,False,540,4038,1,0.88428,1830,1,540
clean_white,1.0,1.0,1.0,0.0,p_6a1e34462ca31.jpg,False,540,4039,0,0.91756,1830,3,540
clean_white,1.0,1.0,1.0,0.0,p_6a1e34462d0a7.jpg,False,540,4040,0,0.97275,1830,6,540
clean_white,1.0,1.0,1.0,0.0,p_6a1e34479a3aa.jpg,False,540,4041,1,0.88428,1831,1,540
clean_white,1.0,1.0,1.0,0.0,p_6a1e34479ab5c.jpg,False,540,4042,0,0.91756,1831,3,540
clean_white,1.0,1.0,1.0,0.0,p_6a1e34479b18b.jpg,False,540,4043,0,0.97275,1831,6,540
clean_white,1.0,0.99184,0.99077,0.0,p_6a1e34490b081.jpg,False,540,4044,1,0.79576,1832,1,540
clean_white,1.0,0.99169,0.99114,0.0,p_6a1e34490b810.jpg,False,540,4045,0,0.63782,1832,3,540
clean_white,1.0,1.0,1.0,0.0,p_6a1e34490bec4.jpg,False,540,4046,0,0.75032,1832,6,540
clean_white,1.0,0.99184,0.99077,0.0,p_6a1e344b07a5a.jpg,False,540,4047,1,0.79576,1833,1,540
clean_white,1.0,0.99169,0.99114,0.0,p_6a1e344b0807f.jpg,False,540,4048,0,0.63782,1833,3,540
clean_white,1.0,1.0,1.0,0.0,p_6a1e344b08779.jpg,False,540,4049,0,0.75032,1833,6,540
clean_white,1.0,0.99184,0.99077,0.0,p_6a1e344c70d91.jpg,False,540,4050,1,0.79576,1834,1,540
clean_white,1.0,0.99169,0.99114,0.0,p_6a1e344c7127f.jpg,False,540,4051,0,0.63782,1834,3,540
clean_white,1.0,1.0,1.0,0.0,p_6a1e344c7175a.jpg,False,540,4052,0,0.75032,1834,6,540
clean_white,1.0,0.99184,0.99077,0.0,p_6a1e344de6cd9.jpg,False,540,4053,1,0.79576,1835,1,540
clean_white,1.0,0.99169,0.99114,0.0,p_6a1e344de7227.jpg,False,540,4054,0,0.63782,1835,3,540
clean_white,1.0,1.0,1.0,0.0,p_6a1e344de7876.jpg,False,540,4055,0,0.75032,1835,6,540
clean_white,1.0,0.99184,0.99077,0.0,p_6a1e344f5fcfe.jpg,False,540,4056,1,0.79576,1836,1,540
clean_white,1.0,0.99169,0.99114,0.0,p_6a1e344f60336.jpg,False,540,4057,0,0.63782,1836,3,540
clean_white,1.0,1.0,1.0,0.0,p_6a1e344f6096c.jpg,False,540,4058,0,0.75032,1836,6,540
clean_white,1.0,0.99184,0.99077,0.0,p_6a1e3450c5ed7.jpg,False,540,4059,1,0.79576,1837,1,540
clean_white,1.0,0.99169,0.99114,0.0,p_6a1e3450c6561.jpg,False,540,4060,0,0.63782,1837,3,540
clean_white,1.0,1.0,1.0,0.0,p_6a1e3450c88dd.jpg,False,540,4061,0,0.75032,1837,6,540
clean_white,1.0,0.99184,0.99077,0.0,p_6a1e34523f93d.jpg,False,540,4062,1,0.79576,1838,1,540
clean_white,1.0,0.99169,0.99114,0.0,p_6a1e34523fefd.jpg,False,540,4063,0,0.63782,1838,3,540
clean_white,1.0,1.0,1.0,0.0,p_6a1e3452404a1.jpg,False,540,4064,0,0.75032,1838,6,540
clean_white,1.0,0.99184,0.99077,0.0,p_6a1e3453a58c6.jpg,False,540,4065,1,0.79576,1839,1,540
clean_white,1.0,0.99169,0.99114,0.0,p_6a1e3453a5e64.jpg,False,540,4066,0,0.63782,1839,3,540
clean_white,1.0,1.0,1.0,0.0,p_6a1e3453a63ef.jpg,False,540,4067,0,0.75032,1839,6,540
clean_white,1.0,0.99184,0.99077,0.0,p_6a1e345516f2c.jpg,False,540,4068,1,0.79576,1840,1,540
clean_white,1.0,0.99169,0.99114,0.0,p_6a1e3455175c9.jpg,False,540,4069,0,0.63782,1840,3,540
clean_white,1.0,1.0,1.0,0.0,p_6a1e345517c5b.jpg,False,540,4070,0,0.75032,1840,6,540
clean_white,1.0,0.99184,0.99077,0.0,p_6a1e34567cb30.jpg,False,540,4071,1,0.79576,1841,1,540
clean_white,1.0,0.99169,0.99114,0.0,p_6a1e34567d1ae.jpg,False,540,4072,0,0.63782,1841,3,540
clean_white,1.0,1.0,1.0,0.0,p_6a1e34567d7eb.jpg,False,540,4073,0,0.75032,1841,6,540
clean_white,1.0,0.99184,0.99077,0.0,p_6a1e3457e2b42.jpg,False,540,4074,1,0.79576,1842,1,540
clean_white,1.0,0.99169,0.99114,0.0,p_6a1e3457e3262.jpg,False,540,4075,0,0.63782,1842,3,540
clean_white,1.0,1.0,1.0,0.0,p_6a1e3457e3837.jpg,False,540,4076,0,0.75032,1842,6,540
clean_white,1.0,0.99184,0.99077,0.0,p_6a1e3459537ff.jpg,False,540,4077,1,0.79576,1843,1,540
clean_white,1.0,0.99169,0.99114,0.0,p_6a1e345953ea7.jpg,False,540,4078,0,0.63782,1843,3,540
clean_white,1.0,1.0,1.0,0.0,p_6a1e3459545b2.jpg,False,540,4079,0,0.75032,1843,6,540
clean_white,1.0,0.99184,0.99077,0.0,p_6a1e345b18d4e.jpg,False,540,4080,1,0.79576,1844,1,540
clean_white,1.0,0.99169,0.99114,0.0,p_6a1e345b19310.jpg,False,540,4081,0,0.63782,1844,3,540
clean_white,1.0,1.0,1.0,0.0,p_6a1e345b199ee.jpg,False,540,4082,0,0.75032,1844,6,540
clean_white,1.0,0.96423,0.95904,0.0,p_6a1e345c8c8de.jpg,False,540,4083,1,0.77258,1845,1,540
review_white,1.0,0.89956,0.885,0.0,p_6a1e345c8cf2b.jpg,False,540,4084,0,0.48769,1845,3,540
clean_white,1.0,0.99625,0.99596,0.0,p_6a1e345c8d53d.jpg,False,540,4085,0,0.93864,1845,6,540
clean_white,1.0,0.99184,0.99077,0.0,p_6a1e345e02be7.jpg,False,540,4086,1,0.79576,1846,1,540
clean_white,1.0,0.99169,0.99114,0.0,p_6a1e345e03334.jpg,False,540,4087,0,0.63782,1846,3,540
clean_white,1.0,1.0,1.0,0.0,p_6a1e345e038d9.jpg,False,540,4088,0,0.75032,1846,6,540
clean_white,1.0,0.99184,0.99077,0.0,p_6a1e345f693e0.jpg,False,540,4089,1,0.79576,1847,1,540
clean_white,1.0,0.99169,0.99114,0.0,p_6a1e345f69a47.jpg,False,540,4090,0,0.63782,1847,3,540
clean_white,1.0,1.0,1.0,0.0,p_6a1e345f6a08a.jpg,False,540,4091,0,0.75032,1847,6,540
clean_white,1.0,0.9996,0.99949,0.0,p_6a1e3460d55fb.jpg,False,540,4092,1,0.97228,1848,1,540
clean_white,1.0,0.99184,0.99077,0.0,p_6a1e3460d5c87.jpg,False,540,4093,0,0.79576,1848,3,540
clean_white,1.0,1.0,1.0,0.0,p_6a1e3460d6154.jpg,False,540,4094,0,0.88428,1848,6,540
clean_white,1.0,0.9996,0.99949,0.0,p_6a1e3462488d3.jpg,False,540,4095,1,0.97228,1849,1,540
clean_white,1.0,0.99184,0.99077,0.0,p_6a1e346248fe0.jpg,False,540,4096,0,0.79576,1849,3,540
clean_white,1.0,1.0,1.0,0.0,p_6a1e34624957b.jpg,False,540,4097,0,0.88428,1849,6,540
clean_white,1.0,0.9996,0.99949,0.0,p_6a1e3463b188a.jpg,False,540,4098,1,0.97228,1850,1,540
clean_white,1.0,0.99184,0.99077,0.0,p_6a1e3463b21e9.jpg,False,540,4099,0,0.79576,1850,3,540
clean_white,1.0,1.0,1.0,0.0,p_6a1e3463b290c.jpg,False,540,4100,0,0.88428,1850,6,540
clean_white,1.0,0.9996,0.99949,0.0,p_6a1e3465279bd.jpg,False,540,4101,1,0.97228,1851,1,540
clean_white,1.0,0.99184,0.99077,0.0,p_6a1e346527fb4.jpg,False,540,4102,0,0.79576,1851,3,540
clean_white,1.0,1.0,1.0,0.0,p_6a1e3465285b9.jpg,False,540,4103,0,0.88428,1851,6,540
clean_white,1.0,0.9996,0.99949,0.0,p_6a1e34668d140.jpg,False,540,4104,1,0.97228,1852,1,540
clean_white,1.0,0.99184,0.99077,0.0,p_6a1e34668d811.jpg,False,540,4105,0,0.79576,1852,3,540
clean_white,1.0,1.0,1.0,0.0,p_6a1e34668dde0.jpg,False,540,4106,0,0.88428,1852,6,540
clean_white,1.0,0.9996,0.99949,0.0,p_6a1e34680a663.jpg,False,540,4107,1,0.97228,1853,1,540
clean_white,1.0,0.99184,0.99077,0.0,p_6a1e34680acc3.jpg,False,540,4108,0,0.79576,1853,3,540
clean_white,1.0,1.0,1.0,0.0,p_6a1e34680b2b1.jpg,False,540,4109,0,0.88428,1853,6,540
clean_white,1.0,0.9996,0.99949,0.0,p_6a1e34696d8ae.jpg,False,540,4110,1,0.97228,1854,1,540
clean_white,1.0,0.99184,0.99077,0.0,p_6a1e34696e4f3.jpg,False,540,4111,0,0.79576,1854,3,540
clean_white,1.0,1.0,1.0,0.0,p_6a1e34696ea29.jpg,False,540,4112,0,0.88428,1854,6,540
clean_white,1.0,0.9996,0.99949,0.0,p_6a1e346b6b8aa.jpg,False,540,4113,1,0.97228,1855,1,540
clean_white,1.0,0.99184,0.99077,0.0,p_6a1e346b6be7d.jpg,False,540,4114,0,0.79576,1855,3,540
clean_white,1.0,1.0,1.0,0.0,p_6a1e346b6c444.jpg,False,540,4115,0,0.88428,1855,6,540
clean_white,1.0,0.9996,0.99949,0.0,p_6a1e346cd987e.jpg,False,540,4116,1,0.97228,1856,1,540
clean_white,1.0,0.99184,0.99077,0.0,p_6a1e346cd9eb3.jpg,False,540,4117,0,0.79576,1856,3,540
clean_white,1.0,1.0,1.0,0.0,p_6a1e346cda587.jpg,False,540,4118,0,0.88428,1856,6,540
clean_white,1.0,0.9996,0.99949,0.0,p_6a1e346e4b80c.jpg,False,540,4119,1,0.97228,1857,1,540
clean_white,1.0,0.99184,0.99077,0.0,p_6a1e346e4bf06.jpg,False,540,4120,0,0.79576,1857,3,540
clean_white,1.0,1.0,1.0,0.0,p_6a1e346e4c658.jpg,False,540,4121,0,0.88428,1857,6,540
clean_white,1.0,0.9996,0.99949,0.0,p_6a1e346fb962b.jpg,False,540,4122,1,0.97228,1858,1,540
clean_white,1.0,0.99184,0.99077,0.0,p_6a1e346fba28b.jpg,False,540,4123,0,0.79576,1858,3,540
clean_white,1.0,1.0,1.0,0.0,p_6a1e346fbaa44.jpg,False,540,4124,0,0.88428,1858,6,540
clean_white,1.0,0.9996,0.99949,0.0,p_6a1e347185165.jpg,False,540,4125,1,0.97228,1859,1,540
clean_white,1.0,0.99184,0.99077,0.0,p_6a1e347185791.jpg,False,540,4126,0,0.79576,1859,3,540
clean_white,1.0,1.0,1.0,0.0,p_6a1e347185cd5.jpg,False,540,4127,0,0.88428,1859,6,540
clean_white,1.0,0.9996,0.99949,0.0,p_6a1e34738d485.jpg,False,540,4128,1,0.97228,1860,1,540
clean_white,1.0,0.99184,0.99077,0.0,p_6a1e34738dae2.jpg,False,540,4129,0,0.79576,1860,3,540
clean_white,1.0,1.0,1.0,0.0,p_6a1e34738e0d5.jpg,False,540,4130,0,0.88428,1860,6,540
clean_white,1.0,0.9996,0.99949,0.0,p_6a1e347506609.jpg,False,540,4131,1,0.97228,1861,1,540
clean_white,1.0,0.99184,0.99077,0.0,p_6a1e347506c75.jpg,False,540,4132,0,0.79576,1861,3,540
clean_white,1.0,1.0,1.0,0.0,p_6a1e347507216.jpg,False,540,4133,0,0.88428,1861,6,540
clean_white,1.0,0.9996,0.99949,0.0,p_6a1e347674727.jpg,False,540,4134,1,0.97228,1862,1,540
clean_white,1.0,0.99184,0.99077,0.0,p_6a1e347674e6b.jpg,False,540,4135,0,0.79576,1862,3,540
clean_white,1.0,1.0,1.0,0.0,p_6a1e3476754d3.jpg,False,540,4136,0,0.88428,1862,6,540
clean_white,1.0,0.9996,0.99949,0.0,p_6a1e3477e1e62.jpg,False,540,4137,1,0.97228,1863,1,540
clean_white,1.0,0.99184,0.99077,0.0,p_6a1e3477e23d7.jpg,False,540,4138,0,0.79576,1863,3,540
clean_white,1.0,1.0,1.0,0.0,p_6a1e3477e29d3.jpg,False,540,4139,0,0.88428,1863,6,540
clean_white,1.0,0.9996,0.99949,0.0,p_6a1e3479ac194.jpg,False,540,4140,1,0.97228,1864,1,540
clean_white,1.0,0.99184,0.99077,0.0,p_6a1e3479ac812.jpg,False,540,4141,0,0.79576,1864,3,540
clean_white,1.0,1.0,1.0,0.0,p_6a1e3479acdd6.jpg,False,540,4142,0,0.88428,1864,6,540
clean_white,1.0,0.9996,0.99949,0.0,p_6a1e347b2a8c6.jpg,False,540,4143,1,0.97228,1865,1,540
clean_white,1.0,0.99184,0.99077,0.0,p_6a1e347b2ae92.jpg,False,540,4144,0,0.79576,1865,3,540
clean_white,1.0,1.0,1.0,0.0,p_6a1e347b2b4f8.jpg,False,540,4145,0,0.88428,1865,6,540
clean_white,1.0,0.9996,0.99949,0.0,p_6a1e347c98ff0.jpg,False,540,4146,1,0.97228,1866,1,540
clean_white,1.0,0.99184,0.99077,0.0,p_6a1e347c9976d.jpg,False,540,4147,0,0.79576,1866,3,540
clean_white,1.0,1.0,1.0,0.0,p_6a1e347c99e8b.jpg,False,540,4148,0,0.88428,1866,6,540
clean_white,1.0,0.9996,0.99949,0.0,p_6a1e347e122e1.jpg,False,540,4149,1,0.97228,1867,1,540
clean_white,1.0,0.99184,0.99077,0.0,p_6a1e347e127ff.jpg,False,540,4150,0,0.79576,1867,3,540
clean_white,1.0,1.0,1.0,0.0,p_6a1e347e12d2c.jpg,False,540,4151,0,0.88428,1867,6,540
clean_white,1.0,0.9996,0.99949,0.0,p_6a1e347f93f0b.jpg,False,540,4152,1,0.97228,1868,1,540
clean_white,1.0,0.99184,0.99077,0.0,p_6a1e347f94443.jpg,False,540,4153,0,0.79576,1868,3,540
clean_white,1.0,1.0,1.0,0.0,p_6a1e347f949fd.jpg,False,540,4154,0,0.88428,1868,6,540
clean_white,1.0,0.9996,0.99949,0.0,p_6a1e34810934b.jpg,False,540,4155,1,0.97228,1869,1,540
clean_white,1.0,0.99184,0.99077,0.0,p_6a1e34810988d.jpg,False,540,4156,0,0.79576,1869,3,540
clean_white,1.0,1.0,1.0,0.0,p_6a1e348109e5f.jpg,False,540,4157,0,0.88428,1869,6,540
clean_white,1.0,0.9996,0.99949,0.0,p_6a1e3482771c1.jpg,False,540,4158,1,0.97228,1870,1,540
clean_white,1.0,0.99184,0.99077,0.0,p_6a1e348277885.jpg,False,540,4159,0,0.79576,1870,3,540
clean_white,1.0,1.0,1.0,0.0,p_6a1e34827805b.jpg,False,540,4160,0,0.88428,1870,6,540
clean_white,1.0,0.9996,0.99949,0.0,p_6a1e3483e58af.jpg,False,540,4161,1,0.97228,1871,1,540
clean_white,1.0,0.99184,0.99077,0.0,p_6a1e3483e6037.jpg,False,540,4162,0,0.79576,1871,3,540
clean_white,1.0,1.0,1.0,0.0,p_6a1e3483e6956.jpg,False,540,4163,0,0.88428,1871,6,540
clean_white,1.0,0.9996,0.99949,0.0,p_6a1e348562e24.jpg,False,540,4164,1,0.97228,1872,1,540
clean_white,1.0,0.99184,0.99077,0.0,p_6a1e3485633e3.jpg,False,540,4165,0,0.79576,1872,3,540
clean_white,1.0,1.0,1.0,0.0,p_6a1e348563a9b.jpg,False,540,4166,0,0.88428,1872,6,540
clean_white,1.0,0.9996,0.99949,0.0,p_6a1e3486d159c.jpg,False,540,4167,1,0.97228,1873,1,540
clean_white,1.0,0.99184,0.99077,0.0,p_6a1e3486d1c65.jpg,False,540,4168,0,0.79576,1873,3,540
clean_white,1.0,1.0,1.0,0.0,p_6a1e3486d22cf.jpg,False,540,4169,0,0.88428,1873,6,540
clean_white,1.0,0.9996,0.99949,0.0,p_6a1e3488cd68f.jpg,False,540,4170,1,0.97228,1874,1,540
clean_white,1.0,0.99184,0.99077,0.0,p_6a1e3488cdcd5.jpg,False,540,4171,0,0.79576,1874,3,540
clean_white,1.0,1.0,1.0,0.0,p_6a1e3488ce434.jpg,False,540,4172,0,0.88428,1874,6,540
clean_white,1.0,0.9996,0.99949,0.0,p_6a1e348a4ad71.jpg,False,540,4173,1,0.97228,1875,1,540
clean_white,1.0,0.99184,0.99077,0.0,p_6a1e348a4b318.jpg,False,540,4174,0,0.79576,1875,3,540
clean_white,1.0,1.0,1.0,0.0,p_6a1e348a4b8b7.jpg,False,540,4175,0,0.88428,1875,6,540
clean_white,1.0,0.9996,0.99949,0.0,p_6a1e348bbc5a1.jpg,False,540,4176,1,0.97228,1876,1,540
clean_white,1.0,0.99184,0.99077,0.0,p_6a1e348bbcc36.jpg,False,540,4177,0,0.79576,1876,3,540
clean_white,1.0,1.0,1.0,0.0,p_6a1e348bbd243.jpg,False,540,4178,0,0.88428,1876,6,540
clean_white,1.0,0.9996,0.99949,0.0,p_6a1e348d36c1e.jpg,False,540,4179,1,0.97228,1877,1,540
clean_white,1.0,0.99184,0.99077,0.0,p_6a1e348d37285.jpg,False,540,4180,0,0.79576,1877,3,540
clean_white,1.0,1.0,1.0,0.0,p_6a1e348d378ad.jpg,False,540,4181,0,0.88428,1877,6,540
clean_white,1.0,0.9996,0.99949,0.0,p_6a1e348e9c995.jpg,False,540,4182,1,0.97228,1878,1,540
clean_white,1.0,0.99184,0.99077,0.0,p_6a1e348e9d051.jpg,False,540,4183,0,0.79576,1878,3,540
clean_white,1.0,1.0,1.0,0.0,p_6a1e348e9d6a7.jpg,False,540,4184,0,0.88428,1878,6,540
clean_white,1.0,0.9996,0.99949,0.0,p_6a1e34900a09b.jpg,False,540,4185,1,0.97228,1879,1,540
clean_white,1.0,0.99184,0.99077,0.0,p_6a1e34900a70c.jpg,False,540,4186,0,0.79576,1879,3,540
clean_white,1.0,1.0,1.0,0.0,p_6a1e34900ace4.jpg,False,540,4187,0,0.88428,1879,6,540
clean_white,1.0,0.9996,0.99949,0.0,p_6a1e349177969.jpg,False,540,4188,1,0.97228,1880,1,540
clean_white,1.0,0.99184,0.99077,0.0,p_6a1e349177e91.jpg,False,540,4189,0,0.79576,1880,3,540
clean_white,1.0,1.0,1.0,0.0,p_6a1e34917853d.jpg,False,540,4190,0,0.88428,1880,6,540
clean_white,1.0,0.9996,0.99949,0.0,p_6a1e3492ef4d7.jpg,False,540,4191,1,0.97228,1881,1,540
clean_white,1.0,0.99184,0.99077,0.0,p_6a1e3492efb77.jpg,False,540,4192,0,0.79576,1881,3,540
clean_white,1.0,1.0,1.0,0.0,p_6a1e3492f01fa.jpg,False,540,4193,0,0.88428,1881,6,540
clean_white,1.0,0.9996,0.99949,0.0,p_6a1e349462bcf.jpg,False,540,4194,1,0.97228,1882,1,540
clean_white,1.0,0.99184,0.99077,0.0,p_6a1e349463201.jpg,False,540,4195,0,0.79576,1882,3,540
clean_white,1.0,1.0,1.0,0.0,p_6a1e34946383e.jpg,False,540,4196,0,0.88428,1882,6,540
clean_white,1.0,0.9996,0.99949,0.0,p_6a1e3495d221e.jpg,False,540,4197,1,0.97228,1883,1,540
clean_white,1.0,0.99184,0.99077,0.0,p_6a1e3495d2922.jpg,False,540,4198,0,0.79576,1883,3,540
clean_white,1.0,1.0,1.0,0.0,p_6a1e3495d4bb1.jpg,False,540,4199,0,0.88428,1883,6,540
clean_white,1.0,0.9996,0.99949,0.0,p_6a1e349742904.jpg,False,540,4200,1,0.97228,1884,1,540
clean_white,1.0,0.99184,0.99077,0.0,p_6a1e349743062.jpg,False,540,4201,0,0.79576,1884,3,540
clean_white,1.0,1.0,1.0,0.0,p_6a1e349743660.jpg,False,540,4202,0,0.88428,1884,6,540
clean_white,1.0,0.9996,0.99949,0.0,p_6a1e3498acd07.jpg,False,540,4203,1,0.97228,1885,1,540
clean_white,1.0,0.99184,0.99077,0.0,p_6a1e3498ad40a.jpg,False,540,4204,0,0.79576,1885,3,540
clean_white,1.0,1.0,1.0,0.0,p_6a1e3498ad8bd.jpg,False,540,4205,0,0.88428,1885,6,540
clean_white,1.0,0.9996,0.99949,0.0,p_6a1e349a23165.jpg,False,540,4206,1,0.97228,1886,1,540
clean_white,1.0,0.99184,0.99077,0.0,p_6a1e349a237b3.jpg,False,540,4207,0,0.79576,1886,3,540
clean_white,1.0,1.0,1.0,0.0,p_6a1e349a23d4b.jpg,False,540,4208,0,0.88428,1886,6,540
clean_white,1.0,0.9996,0.99949,0.0,p_6a1e349b8b5e9.jpg,False,540,4209,1,0.97228,1887,1,540
clean_white,1.0,0.99184,0.99077,0.0,p_6a1e349b8bc8c.jpg,False,540,4210,0,0.79576,1887,3,540
clean_white,1.0,1.0,1.0,0.0,p_6a1e349b8c31a.jpg,False,540,4211,0,0.88428,1887,6,540
clean_white,1.0,0.9996,0.99949,0.0,p_6a1e349d00f83.jpg,False,540,4212,1,0.97228,1888,1,540
clean_white,1.0,0.99184,0.99077,0.0,p_6a1e349d015d5.jpg,False,540,4213,0,0.79576,1888,3,540
clean_white,1.0,1.0,1.0,0.0,p_6a1e349d01c04.jpg,False,540,4214,0,0.88428,1888,6,540
clean_white,1.0,0.9996,0.99949,0.0,p_6a1e349e979a2.jpg,False,540,4215,1,0.97228,1889,1,540
clean_white,1.0,0.99184,0.99077,0.0,p_6a1e349e9803c.jpg,False,540,4216,0,0.79576,1889,3,540
clean_white,1.0,1.0,1.0,0.0,p_6a1e349e984ec.jpg,False,540,4217,0,0.88428,1889,6,540
needs_background,0.0,0.00033,0.0,0.0,p_6a1c24b89c9a3.jpg,False,1024,4218,1,0.00252,1890,0,1024
needs_background,0.0031,0.00108,0.00029,0.0,p_6a1c24b89d496.jpg,False,225,4219,0,0.00075,1890,1,225
clean_white,1.0,0.99169,0.99114,0.0,p_6a1c6816b6342.jpg,False,540,4220,0,0.63782,1890,4,540
clean_white,1.0,0.99184,0.99077,0.0,p_6a1c6e4415a8a.jpg,False,540,4221,0,0.79576,1890,8,540
clean_white,1.0,1.0,1.0,0.0,p_6a1c6e44168a2.jpg,False,540,4222,0,0.75032,1890,13,540
needs_background,0.0,0.0,0.0,0.0,p_6a1c268f10b17.jpg,False,570,4223,1,0.0003,1891,0,1170
clean_white,1.0,0.99438,0.98618,0.0,p_6a1c268f11296.jpg,False,1276,4224,0,0.68363,1891,1,1276
clean_white,1.0,0.93721,0.93643,0.0,p_6a1c681730df9.jpg,False,540,4225,0,0.52382,1891,2,540
clean_white,1.0,1.0,1.0,0.0,p_6a1c68173153b.jpg,False,540,4226,0,0.63819,1891,4,540
review_white,1.0,0.89993,0.89853,0.0,p_6a1c6e4483ee6.jpg,False,540,4227,0,0.55247,1891,13,540
needs_background,1.0,0.60115,0.59836,0.0,p_6a1c27f2c4f67.webp,False,240,4228,1,0.24628,1892,0,240
review_white,1.0,0.82183,0.80674,0.0,p_6a1c27f2c5588.webp,False,273,4229,0,0.4572,1892,1,240
clean_white,1.0,0.93721,0.93643,0.0,p_6a1c6817a03e3.jpg,False,540,4230,0,0.52382,1892,2,540
clean_white,1.0,1.0,1.0,0.0,p_6a1c6817a0a1b.jpg,False,540,4231,0,0.63819,1892,4,540
review_white,1.0,0.89993,0.89853,0.0,p_6a1c6e44f1790.jpg,False,540,4232,0,0.55247,1892,13,540
needs_background,0.0,0.0,0.0,0.0,p_6a1c2957c7d9a.jpg,False,540,4233,1,0.00651,1893,0,720
needs_background,1.0,0.60294,0.60294,0.0,p_6a1c2957c8396.jpg,False,1024,4234,0,0.25006,1893,1,1024
clean_white,1.0,0.99184,0.99077,0.0,p_6a1c68181c858.jpg,False,540,4235,0,0.79576,1893,2,540
review_white,1.0,0.90204,0.88935,0.0,p_6a1c2a78ac53d.webp,False,265,4236,1,0.50803,1894,1,240
review_white,1.0,0.90148,0.8778,0.0,p_6a1c2a78ae177.webp,False,211,4237,0,0.47433,1894,3,193
clean_white,1.0,0.93721,0.93643,0.0,p_6a1c68188d244.jpg,False,540,4238,0,0.52382,1894,4,540
review_white,1.0,0.89993,0.89853,0.0,p_6a1c68188dfd2.jpg,False,540,4239,0,0.55247,1894,9,540
clean_white,1.0,1.0,1.0,0.0,p_6a1c6e45e0656.jpg,False,540,4240,0,0.63819,1894,12,540
review_white,1.0,1.0,0.0,0.0,p_6a1c2df60ba23.jpg,False,150,4241,1,0.52471,1895,0,150
review_white,1.0,1.0,0.0,0.0,p_6a1c2df60c176.jpg,False,1000,4242,0,0.59447,1895,1,1000
clean_white,1.0,1.0,1.0,0.0,p_6a1c681909541.jpg,False,540,4243,0,0.63819,1895,4,540
review_white,1.0,0.89993,0.89853,0.0,p_6a1c681909bb8.jpg,False,540,4244,0,0.55247,1895,7,540
clean_white,1.0,1.0,1.0,0.0,p_6a1c6e46589a2.jpg,False,540,4245,0,0.63819,1895,10,540
review_white,1.0,0.89503,0.87405,0.0,p_6a1c2ff20b97b.webp,False,223,4246,1,0.44423,1896,0,240
review_white,1.0,0.81114,0.79585,0.0,p_6a1c2ff20bf36.webp,False,244,4247,0,0.53367,1896,1,240
review_white,1.0,0.88808,0.88365,0.0,p_6a1c315be3cf9.webp,False,264,4248,1,0.47011,1897,0,240
review_white,1.0,0.8847,0.85714,0.0,p_6a1c315be50ac.webp,False,145,4249,0,0.33196,1897,1,193
clean_white,1.0,1.0,1.0,0.0,p_6a1c6819eaf63.jpg,False,540,4250,0,0.63819,1897,4,540
review_white,1.0,0.89993,0.89853,0.0,p_6a1c6e4744468.jpg,False,540,4251,0,0.55247,1897,13,540
review_white,1.0,0.85577,0.85408,0.0,p_6a1e2b5b7320c.jpg,False,540,4252,1,0.4889,1898,1,540
clean_white,1.0,1.0,1.0,0.0,p_6a1e2b5b7386a.jpg,False,540,4253,0,0.58714,1898,3,540
review_white,1.0,0.90224,0.90066,0.0,p_6a1e2b5b73f08.jpg,False,540,4254,0,0.58144,1898,6,540
review_white,1.0,0.90224,0.90066,0.0,p_6a1e2b5cf119f.jpg,False,540,4255,1,0.58144,1899,0,540
review_white,1.0,0.85577,0.85408,0.0,p_6a1e2b5cf0323.jpg,False,540,4256,0,0.4889,1899,1,540
clean_white,1.0,1.0,1.0,0.0,p_6a1e2b5cf0a47.jpg,False,540,4257,0,0.58714,1899,2,540
review_white,1.0,0.89993,0.89853,0.0,p_6a1e2b5ea39a3.jpg,False,540,4258,1,0.55247,1900,0,540
clean_white,1.0,0.93721,0.93643,0.0,p_6a1e2b5ea2ce4.jpg,False,540,4259,0,0.52382,1900,1,540
clean_white,1.0,1.0,1.0,0.0,p_6a1e2b5ea3390.jpg,False,540,4260,0,0.63819,1900,2,540
clean_white,1.0,1.0,1.0,0.0,p_6a1e2b60df2a5.jpg,False,540,4261,1,0.91667,1901,0,540
clean_white,1.0,1.0,1.0,0.0,p_6a1e2b60dec74.jpg,False,540,4262,0,0.95087,1901,1,540
clean_white,1.0,1.0,1.0,0.0,p_6a1e2b60df92c.jpg,False,540,4263,0,0.92756,1901,2,540
clean_white,1.0,1.0,1.0,0.0,p_6a1e2b633b984.jpg,False,540,4264,1,0.91788,1902,0,540
clean_white,1.0,1.0,1.0,0.0,p_6a1e2b63395be.jpg,False,540,4265,0,0.94845,1902,1,540
clean_white,1.0,1.0,1.0,0.0,p_6a1e2b6339ccb.jpg,False,540,4266,0,0.91171,1902,2,540
clean_white,1.0,1.0,1.0,0.0,p_6a1e2b64ef974.jpg,False,540,4267,1,0.94845,1903,1,540
clean_white,1.0,1.0,1.0,0.0,p_6a1e2b64eff46.jpg,False,540,4268,0,0.91171,1903,3,540
clean_white,1.0,1.0,1.0,0.0,p_6a1e2b64f040b.jpg,False,540,4269,0,0.91788,1903,6,540
clean_white,1.0,0.98077,0.98015,0.0,p_6a1e2b679bde8.jpg,False,540,4270,1,0.5301,1904,0,540
clean_white,1.0,0.95956,0.9593,0.0,p_6a1e2b679b25a.jpg,False,540,4271,0,0.58368,1904,1,540
clean_white,1.0,1.0,1.0,0.0,p_6a1e2b679b787.jpg,False,540,4272,0,0.68556,1904,2,540
clean_white,1.0,1.0,1.0,0.0,p_6a1e2b69afd68.jpg,False,540,4273,1,0.68556,1905,0,540
clean_white,1.0,0.95956,0.9593,0.0,p_6a1e2b69af70e.jpg,False,540,4274,0,0.58368,1905,1,540
clean_white,1.0,0.98077,0.98015,0.0,p_6a1e2b69b032a.jpg,False,540,4275,0,0.5301,1905,2,540
clean_white,1.0,1.0,1.0,0.0,p_6a1e2b6b9f81a.jpg,False,540,4276,1,0.76753,1906,0,540
clean_white,1.0,1.0,1.0,0.0,p_6a1e2b6b9f140.jpg,False,540,4277,0,0.83663,1906,1,540
clean_white,1.0,1.0,1.0,0.0,p_6a1e2b6b9febf.jpg,False,540,4278,0,0.88186,1906,2,540
clean_white,1.0,1.0,1.0,0.0,p_6a1e2b6d325ce.jpg,False,540,4279,1,0.88186,1907,0,540
clean_white,1.0,1.0,1.0,0.0,p_6a1e2b6d31782.jpg,False,540,4280,0,0.83663,1907,1,540
clean_white,1.0,1.0,1.0,0.0,p_6a1e2b6d31ecf.jpg,False,540,4281,0,0.76753,1907,2,540
clean_white,1.0,1.0,1.0,0.0,p_6a1e2b6ff2520.jpg,False,540,4282,1,0.74872,1908,0,540
clean_white,1.0,1.0,1.0,0.0,p_6a1e2b6ff1f39.jpg,False,540,4283,0,0.64588,1908,1,540
review_white,1.0,0.90074,0.89974,0.0,p_6a1e2b6ff18f2.jpg,False,540,4284,0,0.57138,1908,2,540
review_white,1.0,0.90074,0.89974,0.0,p_6a1e2b71ce19a.jpg,False,540,4285,1,0.57138,1909,0,540
clean_white,1.0,1.0,1.0,0.0,p_6a1e2b71ce7be.jpg,False,540,4286,0,0.64588,1909,1,540
clean_white,1.0,1.0,1.0,0.0,p_6a1e2b71cee51.jpg,False,540,4287,0,0.74872,1909,2,540
clean_white,1.0,0.96518,0.91015,0.0,p_6a1e2b740ab86.jpg,False,540,4288,1,0.45719,1910,0,540
review_white,1.0,0.88721,0.87632,0.0,p_6a1e2b740a331.jpg,False,540,4289,0,0.9039,1910,1,540
review_white,1.0,0.92897,0.90202,0.0,p_6a1e2b740b119.jpg,False,540,4290,0,0.79414,1910,2,540
clean_white,1.0,1.0,1.0,0.0,p_6a1e2b3980922.jpg,False,540,4291,1,0.65842,1912,0,540
clean_white,1.0,1.0,1.0,0.0,p_6a1e2b39802af.jpg,False,540,4292,0,0.7499,1912,1,540
clean_white,1.0,0.93272,0.93235,0.0,p_6a1e2b3980e99.jpg,False,540,4293,0,0.73755,1912,2,540
clean_white,1.0,1.0,1.0,0.0,p_6a1e2b3b7f045.jpg,False,540,4294,1,0.82542,1913,0,540
clean_white,1.0,0.93577,0.93555,0.0,p_6a1e2b3b7fb11.jpg,False,540,4295,0,0.72864,1913,1,540
clean_white,1.0,1.0,1.0,0.0,p_6a1e2b3b7f607.jpg,False,540,4296,0,0.74399,1913,2,540
review_white,1.0,0.92901,0.92195,0.0,p_6a1e2b3d9833c.jpg,False,540,4297,1,0.90758,1914,0,540
clean_white,1.0,0.96654,0.96632,0.0,p_6a1e2b3d98b2d.jpg,False,540,4298,0,0.85064,1914,1,540
review_white,1.0,0.91004,0.88963,0.0,p_6a1e2b3d99276.jpg,False,540,4299,0,0.83578,1914,2,540
clean_white,1.0,1.0,1.0,0.0,p_6a1e2b4003575.jpg,False,540,4300,1,0.72193,1915,0,540
clean_white,1.0,0.9786,0.97772,0.0,p_6a1e2b4002e52.jpg,False,540,4301,0,0.92897,1915,1,540
clean_white,1.0,1.0,1.0,0.0,p_6a1e2b4003cfd.jpg,False,540,4302,0,0.81544,1915,2,540
clean_white,1.0,1.0,1.0,0.0,p_6a1e2cf7ad603.jpg,False,540,4303,1,0.88428,1916,1,540
clean_white,1.0,1.0,1.0,0.0,p_6a1e2cf7ae1ea.jpg,False,540,4304,0,0.91756,1916,3,540
clean_white,1.0,1.0,1.0,0.0,p_6a1e2cf7ae8c9.jpg,False,540,4305,0,0.97275,1916,6,540
clean_white,1.0,0.99169,0.99114,0.0,p_6a1e2b4439bbc.jpg,False,540,4306,1,0.63782,1917,0,540
clean_white,1.0,0.99184,0.99077,0.0,p_6a1e2b4439502.jpg,False,540,4307,0,0.79576,1917,1,540
clean_white,1.0,1.0,1.0,0.0,p_6a1e2b443a215.jpg,False,540,4308,0,0.75032,1917,2,540
clean_white,1.0,0.99511,0.99419,0.0,p_6a1e2b46d54bd.jpg,False,540,4309,1,0.66505,1918,0,540
clean_white,1.0,0.96324,0.96202,0.0,p_6a1e2b46d4d5a.jpg,False,540,4310,0,0.88651,1918,1,540
clean_white,1.0,1.0,1.0,0.0,p_6a1e2b46d5c5c.jpg,False,540,4311,0,0.78789,1918,2,540
clean_white,1.0,1.0,1.0,0.0,p_6a1e2b48a9368.jpg,False,540,4312,1,0.78789,1919,0,540
clean_white,1.0,0.96324,0.96202,0.0,p_6a1e2b48a8788.jpg,False,540,4313,0,0.88651,1919,1,540
clean_white,1.0,0.99511,0.99419,0.0,p_6a1e2b48a8dd6.jpg,False,540,4314,0,0.66505,1919,2,540
clean_white,1.0,0.96324,0.96202,0.0,p_6a1e2b4a4190b.jpg,False,540,4315,1,0.88651,1920,0,540
clean_white,1.0,0.99511,0.99419,0.0,p_6a1e2b4a41ef2.jpg,False,540,4316,0,0.66505,1920,1,540
clean_white,1.0,1.0,1.0,0.0,p_6a1e2b4a424c8.jpg,False,540,4317,0,0.78789,1920,2,540
clean_white,1.0,0.9996,0.99949,0.0,p_6a1e2b4c36c71.jpg,False,540,4318,1,0.72813,1921,0,540
clean_white,1.0,1.0,1.0,0.0,p_6a1e2b4c3615c.jpg,False,540,4319,0,0.94823,1921,1,540
clean_white,1.0,0.97055,0.95581,0.0,p_6a1e2b4c36743.jpg,False,540,4320,0,0.8239,1921,2,540
clean_white,1.0,0.97055,0.95581,0.0,p_6a1e2b4dbcd77.jpg,False,540,4321,1,0.8239,1922,0,540
clean_white,1.0,0.9996,0.99949,0.0,p_6a1e2b4dbd3e4.jpg,False,540,4322,0,0.72813,1922,1,540
clean_white,1.0,1.0,1.0,0.0,p_6a1e2b4dbc7ed.jpg,False,540,4323,0,0.94823,1922,2,540
clean_white,1.0,0.99033,0.98941,0.0,p_6a1e2b50dccb3.jpg,False,540,4324,1,0.76794,1923,0,540
review_white,1.0,0.92842,0.92566,0.0,p_6a1e2b50dbdf1.jpg,False,540,4325,0,0.72406,1923,1,540
clean_white,1.0,1.0,1.0,0.0,p_6a1e2b50dc655.jpg,False,540,4326,0,0.76738,1923,2,540
clean_white,1.0,1.0,1.0,0.0,p_6a1e2b534f531.jpg,False,540,4327,1,0.75225,1924,0,540
clean_white,1.0,0.9539,0.95331,0.0,p_6a1e2b534e920.jpg,False,540,4328,0,0.91032,1924,1,540
clean_white,1.0,1.0,1.0,0.0,p_6a1e2b534ef2b.jpg,False,540,4329,0,0.66274,1924,2,540
clean_white,1.0,1.0,1.0,0.0,p_6a1e2b55f15d6.jpg,False,540,4330,1,0.69884,1925,1,540
clean_white,1.0,1.0,1.0,0.0,p_6a1e2b55f1d72.jpg,False,540,4331,0,0.78235,1925,3,540
clean_white,1.0,1.0,1.0,0.0,p_6a1e2b55f25a1.jpg,False,540,4332,0,0.96694,1925,6,540
clean_white,1.0,1.0,1.0,0.0,p_6a1e2b5800760.jpg,False,540,4333,1,0.78235,1926,0,540
clean_white,1.0,1.0,1.0,0.0,p_6a1e2b5800d55.jpg,False,540,4334,0,0.96694,1926,1,540
clean_white,1.0,1.0,1.0,0.0,p_6a1e2b58001c7.jpg,False,540,4335,0,0.69884,1926,2,540
clean_white,1.0,0.99787,0.99779,0.0,p_6a1e2b59e62b2.jpg,False,540,4336,1,0.7184,1927,1,540
clean_white,1.0,1.0,1.0,0.0,p_6a1e2b59e68f5.jpg,False,540,4337,0,0.8112,1927,3,540
clean_white,1.0,1.0,1.0,0.0,p_6a1e2b59e6d4f.jpg,False,540,4338,0,0.9762,1927,6,540
clean_white,1.0,0.95982,0.95835,0.0,p_6a1e2b15132f9.jpg,False,540,4339,1,0.53255,1928,1,540
clean_white,1.0,1.0,1.0,0.0,p_6a1e2b15138e8.jpg,False,540,4340,0,0.66592,1928,3,540
clean_white,1.0,1.0,1.0,0.0,p_6a1e2b1513f02.jpg,False,540,4341,0,0.63561,1928,6,540
clean_white,1.0,1.0,1.0,0.0,p_6a1e2b17177d4.jpg,False,540,4342,1,0.63561,1929,0,540
clean_white,1.0,0.95982,0.95835,0.0,p_6a1e2b1716c6e.jpg,False,540,4343,0,0.53255,1929,1,540
clean_white,1.0,1.0,1.0,0.0,p_6a1e2b1717180.jpg,False,540,4344,0,0.66592,1929,2,540
clean_white,1.0,1.0,1.0,0.0,p_6a1e2b193289f.jpg,False,540,4345,1,0.72489,1930,0,540
clean_white,1.0,1.0,1.0,0.0,p_6a1e2b193234c.jpg,False,540,4346,0,0.81769,1930,1,540
clean_white,1.0,0.9561,0.95588,0.0,p_6a1e2b1932da0.jpg,False,540,4347,0,0.80334,1930,2,540
clean_white,1.0,1.0,1.0,0.0,p_6a1e2b1ba03b2.jpg,False,540,4348,1,0.77362,1931,0,540
clean_white,1.0,1.0,1.0,0.0,p_6a1e2b1b9fd86.jpg,False,540,4349,0,0.93454,1931,1,540
clean_white,1.0,1.0,1.0,0.0,p_6a1e2b1ba08c5.jpg,False,540,4350,0,0.83012,1931,2,540
clean_white,1.0,1.0,1.0,0.0,p_6a1e2b1e5aed4.jpg,False,540,4351,1,0.82434,1932,1,540
clean_white,1.0,1.0,1.0,0.0,p_6a1e2b1e5b5b3.jpg,False,540,4352,0,0.74767,1932,3,540
clean_white,1.0,0.94309,0.94007,0.0,p_6a1e2b1e5bb90.jpg,False,540,4353,0,0.73562,1932,6,540
clean_white,1.0,1.0,1.0,0.0,p_6a1e2b20c5348.jpg,False,540,4354,1,0.9612,1933,0,540
clean_white,1.0,0.97401,0.97397,0.0,p_6a1e2b20c4d71.jpg,False,540,4355,0,0.73982,1933,1,540
review_white,1.0,0.91059,0.90585,0.0,p_6a1e2b20c59b7.jpg,False,540,4356,0,0.74166,1933,2,540
clean_white,1.0,1.0,1.0,0.0,p_6a1e512b63553.png,True,280,4357,1,0.73434,1934,1,398
clean_white,0.98077,0.97381,0.97114,0.0,p_6a1e512b63c3d.png,True,313,4358,0,0.97147,1934,3,439
clean_white,1.0,0.96614,0.95692,0.0,p_6a1e512b6436f.png,True,238,4359,0,0.89408,1934,6,430
clean_white,1.0,0.99787,0.94529,0.0,p_6a1e2b24d2009.jpg,False,540,4360,1,0.56812,1935,0,540
clean_white,1.0,0.95713,0.95107,0.0,p_6a1e2b24d1a84.jpg,False,540,4361,0,0.78032,1935,1,540
clean_white,1.0,1.0,1.0,0.0,p_6a1e2b24d2529.jpg,False,540,4362,0,0.72598,1935,2,540
clean_white,1.0,0.95713,0.95107,0.0,p_6a1e2b26a0731.jpg,False,540,4363,1,0.78032,1936,1,540
clean_white,1.0,0.99787,0.94529,0.0,p_6a1e2b26a0daf.jpg,False,540,4364,0,0.56812,1936,3,540
clean_white,1.0,1.0,1.0,0.0,p_6a1e2b26a13aa.jpg,False,540,4365,0,0.72598,1936,6,540
clean_white,1.0,0.99952,0.99945,0.0,p_6a1e2b28c05f0.jpg,False,540,4366,1,0.9551,1937,1,540
clean_white,1.0,0.96779,0.95706,0.0,p_6a1e2b28c0cdd.jpg,False,540,4367,0,0.85174,1937,3,540
clean_white,1.0,0.94066,0.92879,0.0,p_6a1e2b28c1312.jpg,False,540,4368,0,0.8419,1937,6,540
clean_white,1.0,0.98783,0.95331,0.0,p_6a1e2b2b3f46e.jpg,False,540,4369,1,0.50982,1938,0,540
clean_white,1.0,0.96504,0.96364,0.0,p_6a1e2b2b3ee0d.jpg,False,540,4370,0,0.90549,1938,1,540
clean_white,1.0,0.99849,0.9979,0.0,p_6a1e2b2b3fa5a.jpg,False,540,4371,0,0.6246,1938,2,540
clean_white,1.0,0.99603,0.99588,0.0,p_6a1e2b2da46cf.jpg,False,540,4372,1,0.68131,1939,0,540
clean_white,1.0,0.98974,0.98963,0.0,p_6a1e2b2da4086.jpg,False,540,4373,0,0.90951,1939,1,540
clean_white,1.0,1.0,1.0,0.0,p_6a1e2b2da4c99.jpg,False,540,4374,0,0.78628,1939,2,540
clean_white,1.0,1.0,1.0,0.0,p_6a1e2b2f6b7fc.jpg,False,540,4375,1,0.78628,1940,0,540
clean_white,1.0,0.98974,0.98963,0.0,p_6a1e2b2f6ab97.jpg,False,540,4376,0,0.90951,1940,1,540
clean_white,1.0,0.99603,0.99588,0.0,p_6a1e2b2f6b238.jpg,False,540,4377,0,0.68131,1940,2,540
clean_white,1.0,1.0,1.0,0.0,p_6a1e2b326cf5c.jpg,False,540,4378,1,0.80567,1941,1,540
clean_white,1.0,0.99798,0.99364,0.0,p_6a1e2b326d511.jpg,False,540,4379,0,0.83998,1941,3,540
clean_white,1.0,0.93537,0.84621,0.0,p_6a1e2b326db36.jpg,False,540,4380,0,0.43184,1941,6,540
clean_white,1.0,0.93537,0.84621,0.0,p_6a1e2b34391e1.jpg,False,540,4381,1,0.43184,1942,0,540
clean_white,1.0,1.0,1.0,0.0,p_6a1e2b3438732.jpg,False,540,4382,0,0.80567,1942,1,540
clean_white,1.0,0.99798,0.99364,0.0,p_6a1e2b3438cde.jpg,False,540,4383,0,0.83998,1942,2,540
needs_background,1.0,0.78419,0.73765,0.0,p_6a1e2b365beab.jpg,False,540,4384,1,0.37412,1943,0,540
clean_white,1.0,0.97585,0.97585,0.0,p_6a1e2b365b77d.jpg,False,540,4385,0,0.86116,1943,1,540
clean_white,1.0,0.97371,0.97232,0.0,p_6a1e2b365b00f.jpg,False,540,4386,0,0.9254,1943,2,540
clean_white,1.0,0.97371,0.97232,0.0,p_6a1e2b37e47e7.jpg,False,540,4387,1,0.9254,1944,1,540
clean_white,1.0,0.97585,0.97585,0.0,p_6a1e2b37e4e01.jpg,False,540,4388,0,0.86116,1944,3,540
needs_background,1.0,0.78419,0.73765,0.0,p_6a1e2b37e5395.jpg,False,540,4389,0,0.37412,1944,6,540
clean_white,1.0,0.99033,0.98941,0.0,p_6a1e2b0238ea1.jpg,False,540,4390,1,0.74738,1945,0,540
clean_white,1.0,0.98456,0.98386,0.0,p_6a1e2b0237e15.jpg,False,540,4391,0,0.936,1945,1,540
clean_white,1.0,1.0,1.0,0.0,p_6a1e2b0238610.jpg,False,540,4392,0,0.83606,1945,2,540
clean_white,1.0,0.99941,0.99934,0.0,p_6a1e2b03d75fc.jpg,False,540,4393,1,0.5974,1946,0,540
clean_white,1.0,0.93757,0.93537,0.0,p_6a1e2b03d686f.jpg,False,540,4394,0,0.91498,1946,1,540
review_white,1.0,0.86599,0.83721,0.0,p_6a1e2b03d6f92.jpg,False,540,4395,0,0.38816,1946,2,540
clean_white,1.0,1.0,1.0,0.0,p_6a1e2b0602c93.jpg,False,540,4396,1,0.76805,1947,1,540
clean_white,1.0,1.0,1.0,0.0,p_6a1e2b06031c8.jpg,False,540,4397,0,0.84731,1947,3,540
clean_white,1.0,1.0,1.0,0.0,p_6a1e2b0603706.jpg,False,540,4398,0,0.81955,1947,6,540
clean_white,1.0,0.98919,0.98768,0.0,p_6a1e2b086145a.jpg,False,540,4399,1,0.65383,1948,0,540
clean_white,1.0,0.9739,0.97379,0.0,p_6a1e2b08606e4.jpg,False,540,4400,0,0.83783,1948,1,540
clean_white,1.0,0.98853,0.98838,0.0,p_6a1e2b0860ea5.jpg,False,540,4401,0,0.89704,1948,2,540
clean_white,1.0,0.97585,0.97585,0.0,p_6a1e2b0a8099b.jpg,False,540,4402,1,0.83569,1949,1,540
clean_white,1.0,1.0,1.0,0.0,p_6a1e2b0a80f18.jpg,False,540,4403,0,0.88833,1949,3,540
clean_white,1.0,1.0,0.95449,0.0,p_6a1e2b0a81460.jpg,False,540,4404,0,0.59226,1949,6,540
clean_white,1.0,1.0,0.95449,0.0,p_6a1e2b0c4860e.jpg,False,540,4405,1,0.59226,1950,0,540
clean_white,1.0,0.97585,0.97585,0.0,p_6a1e2b0c47b30.jpg,False,540,4406,0,0.83569,1950,1,540
clean_white,1.0,1.0,1.0,0.0,p_6a1e2b0c480cc.jpg,False,540,4407,0,0.88833,1950,2,540
clean_white,1.0,0.9996,0.99798,0.0,p_6a1e2b0e66a9e.jpg,False,540,4408,1,0.64184,1951,0,540
clean_white,1.0,1.0,1.0,0.0,p_6a1e2b0e65c21.jpg,False,540,4409,0,0.87674,1951,1,540
review_white,1.0,0.89618,0.88629,0.0,p_6a1e2b0e662e5.jpg,False,540,4410,0,0.70057,1951,2,540
clean_white,1.0,0.9996,0.99798,0.0,p_6a1e2b107f3af.jpg,False,540,4411,1,0.64184,1952,0,540
clean_white,1.0,1.0,1.0,0.0,p_6a1e2b107e64a.jpg,False,540,4412,0,0.87674,1952,1,540
review_white,1.0,0.89618,0.88629,0.0,p_6a1e2b107ecd1.jpg,False,540,4413,0,0.70057,1952,2,540
clean_white,1.0,1.0,1.0,0.0,p_6a1e2b129d5d3.jpg,False,540,4414,1,0.84407,1953,1,540
clean_white,1.0,1.0,1.0,0.0,p_6a1e2b129dccb.jpg,False,540,4415,0,0.78032,1953,3,540
review_white,1.0,0.90515,0.90018,0.0,p_6a1e2b129e348.jpg,False,540,4416,0,0.92528,1953,6,540
clean_white,1.0,1.0,1.0,0.0,p_6a1e2af485eaf.jpg,False,540,4417,1,0.82609,1954,0,540
clean_white,1.0,0.94467,0.9429,0.0,p_6a1e2af48593b.jpg,False,540,4418,0,0.88664,1954,1,540
clean_white,1.0,1.0,0.98438,0.0,p_6a1e2af486404.jpg,False,540,4419,0,0.66183,1954,2,540
clean_white,1.0,1.0,1.0,0.0,p_6a1e2af65a499.jpg,False,540,4420,1,0.82609,1955,0,540
clean_white,1.0,0.94467,0.9429,0.0,p_6a1e2af659f17.jpg,False,540,4421,0,0.88664,1955,1,540
clean_white,1.0,1.0,0.98438,0.0,p_6a1e2af65ab01.jpg,False,540,4422,0,0.66183,1955,2,540
clean_white,1.0,1.0,1.0,0.0,p_6a1e2af7e28ce.jpg,False,540,4423,1,0.76824,1956,1,540
clean_white,1.0,1.0,1.0,0.0,p_6a1e2af7e2ff0.jpg,False,540,4424,0,0.84157,1956,3,540
clean_white,1.0,1.0,1.0,0.0,p_6a1e2af7e3705.jpg,False,540,4425,0,0.98596,1956,6,540
clean_white,1.0,1.0,1.0,0.0,p_6a1e2afa88389.jpg,False,540,4426,1,0.80366,1957,1,540
clean_white,1.0,1.0,0.99577,0.0,p_6a1e2afa88c39.jpg,False,540,4427,0,0.86701,1957,3,540
clean_white,1.0,0.99033,0.98941,0.0,p_6a1e2afa89244.jpg,False,540,4428,0,0.80873,1957,6,540
clean_white,1.0,1.0,1.0,0.0,p_6a1e2afcd9afa.jpg,False,540,4429,1,0.80329,1958,1,540
clean_white,1.0,1.0,1.0,0.0,p_6a1e2afcda0f0.jpg,False,540,4430,0,0.87039,1958,3,540
clean_white,1.0,1.0,1.0,0.0,p_6a1e2afcda625.jpg,False,540,4431,0,0.98008,1958,6,540
clean_white,1.0,0.95364,0.89037,0.0,p_6a1e2aff4499e.jpg,False,540,4432,1,0.52213,1959,0,540
clean_white,1.0,0.96077,0.95963,0.0,p_6a1e2aff441f7.jpg,False,540,4433,0,0.76219,1959,1,540
clean_white,1.0,0.97824,0.97695,0.0,p_6a1e2aff45042.jpg,False,540,4434,0,0.89138,1959,2,540
clean_white,1.0,0.96669,0.96537,0.0,p_6a1d9a9a3c9c9.jpg,False,540,4435,1,0.62289,1960,0,540
clean_white,1.0,1.0,1.0,0.0,p_6a1d9a9a3bd25.jpg,False,540,4436,0,0.90461,1960,1,540
review_white,1.0,0.89154,0.76187,0.0,p_6a1d9a9a3c346.jpg,False,540,4437,0,0.61476,1960,2,540
clean_white,1.0,1.0,1.0,0.0,p_6a1d9a9ca0f8b.jpg,False,540,4438,1,0.81503,1961,0,540
clean_white,1.0,1.0,1.0,0.0,p_6a1d9a9ca05d0.jpg,False,540,4439,0,0.8917,1961,1,540
clean_white,1.0,1.0,1.0,0.0,p_6a1d9a9ca1583.jpg,False,540,4440,0,0.85643,1961,2,540
clean_white,1.0,1.0,1.0,0.0,p_6a1e2af223658.jpg,False,540,4441,1,0.8917,1962,1,540
clean_white,1.0,1.0,1.0,0.0,p_6a1e2af223d83.jpg,False,540,4442,0,0.81503,1962,3,540
clean_white,1.0,1.0,1.0,0.0,p_6a1e2af224278.jpg,False,540,4443,0,0.85643,1962,6,540
review_white,1.0,0.89386,0.77004,0.0,p_6a1d9aa03ff50.jpg,False,540,4444,1,0.63354,1963,0,540
clean_white,1.0,0.965,0.96313,0.0,p_6a1d9aa03f8c7.jpg,False,540,4445,0,0.86127,1963,1,540
clean_white,1.0,0.95349,0.93757,0.0,p_6a1d9aa040503.jpg,False,540,4446,0,0.80756,1963,2,540
clean_white,1.0,1.0,1.0,0.0,p_6a1d9aa28be26.jpg,False,540,4447,1,0.91052,1964,0,540
clean_white,1.0,1.0,1.0,0.0,p_6a1d9aa28c525.jpg,False,540,4448,0,0.94707,1964,1,540
clean_white,1.0,1.0,1.0,0.0,p_6a1d9aa28cba5.jpg,False,540,4449,0,0.81329,1964,2,540
review_white,1.0,0.90776,0.65382,0.0,p_6a1d9aa4cc57c.jpg,False,540,4450,1,0.48876,1965,0,540
review_white,1.0,0.91798,0.91272,0.0,p_6a1d9aa4cc049.jpg,False,540,4451,0,0.87024,1965,1,540
clean_white,1.0,1.0,1.0,0.0,p_6a1d9aa4ccaec.jpg,False,540,4452,0,0.88437,1965,2,540
clean_white,1.0,1.0,1.0,0.0,p_6a1d9aa68bc6c.jpg,False,540,4453,1,0.85826,1967,1,540
clean_white,1.0,1.0,1.0,0.0,p_6a1d9aa68c28a.jpg,False,540,4454,0,0.79702,1967,3,540
review_white,1.0,0.91728,0.91419,0.0,p_6a1d9aa68c83b.jpg,False,540,4455,0,0.92708,1967,6,540
clean_white,1.0,1.0,1.0,0.0,p_6a1d9aa868c24.jpg,False,540,4456,1,0.76805,1968,1,540
clean_white,1.0,1.0,1.0,0.0,p_6a1d9aa869354.jpg,False,540,4457,0,0.84731,1968,3,540
clean_white,1.0,1.0,1.0,0.0,p_6a1d9aa869a20.jpg,False,540,4458,0,0.81955,1968,6,540
clean_white,1.0,0.98919,0.98768,0.0,p_6a1d9aaa758d9.jpg,False,540,4459,1,0.65383,1969,0,540
clean_white,1.0,0.9739,0.97379,0.0,p_6a1d9aaa74b33.jpg,False,540,4460,0,0.83783,1969,1,540
clean_white,1.0,0.98853,0.98838,0.0,p_6a1d9aaa7521e.jpg,False,540,4461,0,0.89704,1969,2,540
clean_white,1.0,0.99033,0.98941,0.0,p_6a1d9aac8b10c.jpg,False,540,4462,1,0.74738,1970,0,540
clean_white,1.0,0.98456,0.98386,0.0,p_6a1d9aac8991a.jpg,False,540,4463,0,0.936,1970,1,540
clean_white,1.0,1.0,1.0,0.0,p_6a1d9aac8a274.jpg,False,540,4464,0,0.83606,1970,2,540
clean_white,1.0,0.99938,0.9975,0.0,p_6a1d9aae1ecbb.jpg,False,540,4465,1,0.59614,1971,0,540
clean_white,1.0,0.97956,0.97853,0.0,p_6a1d9aae1e70a.jpg,False,540,4466,0,0.95934,1971,1,540
clean_white,1.0,1.0,1.0,0.0,p_6a1d9aae1f1a5.jpg,False,540,4467,0,0.7434,1971,2,540
clean_white,1.0,0.99919,0.99879,0.0,p_6a1d9ab02e11d.jpg,False,540,4468,1,0.62458,1972,0,540
review_white,1.0,0.91202,0.89915,0.0,p_6a1d9ab02db12.jpg,False,540,4469,0,0.69064,1972,1,540
review_white,1.0,0.91614,0.91165,0.0,p_6a1d9ab02e778.jpg,False,540,4470,0,0.626,1972,2,540
clean_white,1.0,1.0,1.0,0.0,p_6a1d9ab24e425.jpg,False,540,4471,1,0.87236,1973,0,540
clean_white,1.0,0.95085,0.95022,0.0,p_6a1d9ab24ddb0.jpg,False,540,4472,0,0.78855,1973,1,540
clean_white,1.0,1.0,1.0,0.0,p_6a1d9ab24ea1e.jpg,False,540,4473,0,0.87842,1973,2,540
clean_white,1.0,1.0,1.0,0.0,p_6a1d9ab3b5e4e.jpg,False,540,4474,1,0.87842,1974,0,540
clean_white,1.0,0.95085,0.95022,0.0,p_6a1d9ab3b50e3.jpg,False,540,4475,0,0.78855,1974,1,540
clean_white,1.0,1.0,1.0,0.0,p_6a1d9ab3b5810.jpg,False,540,4476,0,0.87236,1974,2,540
review_white,1.0,0.83949,0.83728,0.0,p_6a1e2aef74218.jpg,False,540,4477,1,0.39932,1975,1,540
clean_white,1.0,1.0,1.0,0.0,p_6a1e2aef74828.jpg,False,540,4478,0,0.53369,1975,3,540
clean_white,1.0,1.0,1.0,0.0,p_6a1e2aef74f42.jpg,False,540,4479,0,0.62316,1975,6,540
clean_white,1.0,1.0,1.0,0.0,p_6a1f08ad1558d.jpg,False,540,4480,1,0.88428,1985,1,540
clean_white,1.0,1.0,1.0,0.0,p_6a1f08ad15b5d.jpg,False,540,4481,0,0.91756,1985,3,540
clean_white,1.0,1.0,1.0,0.0,p_6a1f08ad161a3.jpg,False,540,4482,0,0.97275,1985,6,540
clean_white,1.0,1.0,1.0,0.0,p_6a1f08ae08c0f.jpg,False,540,4483,1,0.88428,1986,1,540
clean_white,1.0,1.0,1.0,0.0,p_6a1f08ae09286.jpg,False,540,4484,0,0.91756,1986,3,540
clean_white,1.0,1.0,1.0,0.0,p_6a1f08ae09a1e.jpg,False,540,4485,0,0.97275,1986,6,540
clean_white,1.0,1.0,1.0,0.0,p_6a1f08af01139.jpg,False,540,4486,1,0.88428,1987,1,540
clean_white,1.0,1.0,1.0,0.0,p_6a1f08af017ee.jpg,False,540,4487,0,0.91756,1987,3,540
clean_white,1.0,1.0,1.0,0.0,p_6a1f08af01f38.jpg,False,540,4488,0,0.97275,1987,6,540
clean_white,1.0,1.0,1.0,0.0,p_6a1f08afed7bf.jpg,False,540,4489,1,0.88428,1988,1,540
clean_white,1.0,1.0,1.0,0.0,p_6a1f08afedde5.jpg,False,540,4490,0,0.91756,1988,3,540
clean_white,1.0,1.0,1.0,0.0,p_6a1f08afee3d1.jpg,False,540,4491,0,0.97275,1988,6,540
clean_white,1.0,1.0,1.0,0.0,p_6a1f08b0e2587.jpg,False,540,4492,1,0.88428,1989,1,540
clean_white,1.0,1.0,1.0,0.0,p_6a1f08b0e2be7.jpg,False,540,4493,0,0.91756,1989,3,540
clean_white,1.0,1.0,1.0,0.0,p_6a1f08b0e32a9.jpg,False,540,4494,0,0.97275,1989,6,540
clean_white,1.0,1.0,1.0,0.0,p_6a1f08b1d64d3.jpg,False,540,4495,1,0.88428,1990,1,540
clean_white,1.0,1.0,1.0,0.0,p_6a1f08b1d6b77.jpg,False,540,4496,0,0.91756,1990,3,540
clean_white,1.0,1.0,1.0,0.0,p_6a1f08b1d7131.jpg,False,540,4497,0,0.97275,1990,6,540
clean_white,1.0,1.0,1.0,0.0,p_6a1f08b336f59.jpg,False,540,4498,1,0.88428,1991,1,540
clean_white,1.0,1.0,1.0,0.0,p_6a1f08b337582.jpg,False,540,4499,0,0.91756,1991,3,540
clean_white,1.0,1.0,1.0,0.0,p_6a1f08b337d7d.jpg,False,540,4500,0,0.97275,1991,6,540
clean_white,1.0,1.0,1.0,0.0,p_6a1f08b42e350.jpg,False,540,4501,1,0.88428,1992,1,540
clean_white,1.0,1.0,1.0,0.0,p_6a1f08b42e8eb.jpg,False,540,4502,0,0.91756,1992,3,540
clean_white,1.0,1.0,1.0,0.0,p_6a1f08b42eec8.jpg,False,540,4503,0,0.97275,1992,6,540
clean_white,1.0,1.0,1.0,0.0,p_6a1f08b527044.jpg,False,540,4504,1,0.88428,1993,1,540
clean_white,1.0,1.0,1.0,0.0,p_6a1f08b52769e.jpg,False,540,4505,0,0.91756,1993,3,540
clean_white,1.0,1.0,1.0,0.0,p_6a1f08b527dd1.jpg,False,540,4506,0,0.97275,1993,6,540
clean_white,1.0,1.0,1.0,0.0,p_6a1f08b66cfba.jpg,False,540,4507,1,0.88428,1994,1,540
clean_white,1.0,1.0,1.0,0.0,p_6a1f08b66d66b.jpg,False,540,4508,0,0.91756,1994,3,540
clean_white,1.0,1.0,1.0,0.0,p_6a1f08b66dd27.jpg,False,540,4509,0,0.97275,1994,6,540
clean_white,1.0,1.0,1.0,0.0,p_6a1f08b7f404d.jpg,False,540,4510,1,0.88428,1995,1,540
clean_white,1.0,1.0,1.0,0.0,p_6a1f08b800431.jpg,False,540,4511,0,0.91756,1995,3,540
clean_white,1.0,1.0,1.0,0.0,p_6a1f08b8009c1.jpg,False,540,4512,0,0.97275,1995,6,540
clean_white,1.0,1.0,1.0,0.0,p_6a1f08b8ec2df.jpg,False,540,4513,1,0.88428,1996,1,540
clean_white,1.0,1.0,1.0,0.0,p_6a1f08b8ec893.jpg,False,540,4514,0,0.91756,1996,3,540
clean_white,1.0,1.0,1.0,0.0,p_6a1f08b8ece1e.jpg,False,540,4515,0,0.97275,1996,6,540
clean_white,1.0,1.0,1.0,0.0,p_6a1f08b9e1791.jpg,False,540,4516,1,0.88428,1997,1,540
clean_white,1.0,1.0,1.0,0.0,p_6a1f08b9e1f0c.jpg,False,540,4517,0,0.91756,1997,3,540
clean_white,1.0,1.0,1.0,0.0,p_6a1f08b9e25be.jpg,False,540,4518,0,0.97275,1997,6,540
clean_white,1.0,1.0,1.0,0.0,p_6a1f08bad99d3.jpg,False,540,4519,1,0.88428,1998,1,540
clean_white,1.0,1.0,1.0,0.0,p_6a1f08bada19f.jpg,False,540,4520,0,0.91756,1998,3,540
clean_white,1.0,1.0,1.0,0.0,p_6a1f08bada779.jpg,False,540,4521,0,0.97275,1998,6,540
clean_white,1.0,1.0,1.0,0.0,p_6a1f08bbd1b11.jpg,False,540,4522,1,0.88428,1999,1,540
clean_white,1.0,1.0,1.0,0.0,p_6a1f08bbd224a.jpg,False,540,4523,0,0.91756,1999,3,540
clean_white,1.0,1.0,1.0,0.0,p_6a1f08bbd28c8.jpg,False,540,4524,0,0.97275,1999,6,540
clean_white,1.0,1.0,1.0,0.0,p_6a1f08bcc5e4a.jpg,False,540,4525,1,0.88428,2000,1,540
clean_white,1.0,1.0,1.0,0.0,p_6a1f08bcc6566.jpg,False,540,4526,0,0.91756,2000,3,540
clean_white,1.0,1.0,1.0,0.0,p_6a1f08bcc6bcb.jpg,False,540,4527,0,0.97275,2000,6,540
clean_white,1.0,1.0,1.0,0.0,p_6a1f08bdb8251.jpg,False,540,4528,1,0.88428,2001,1,540
clean_white,1.0,1.0,1.0,0.0,p_6a1f08bdb88ab.jpg,False,540,4529,0,0.91756,2001,3,540
clean_white,1.0,1.0,1.0,0.0,p_6a1f08bdb8f50.jpg,False,540,4530,0,0.97275,2001,6,540
clean_white,1.0,1.0,1.0,0.0,p_6a1f08beb3630.jpg,False,540,4531,1,0.88428,2002,1,540
clean_white,1.0,1.0,1.0,0.0,p_6a1f08beb3c05.jpg,False,540,4532,0,0.91756,2002,3,540
clean_white,1.0,1.0,1.0,0.0,p_6a1f08beb4295.jpg,False,540,4533,0,0.97275,2002,6,540
clean_white,1.0,1.0,1.0,0.0,p_6a1f08c025915.jpg,False,540,4534,1,0.88428,2003,1,540
clean_white,1.0,1.0,1.0,0.0,p_6a1f08c025fe3.jpg,False,540,4535,0,0.91756,2003,3,540
clean_white,1.0,1.0,1.0,0.0,p_6a1f08c026640.jpg,False,540,4536,0,0.97275,2003,6,540
clean_white,1.0,1.0,1.0,0.0,p_6a1f08c11d9b5.jpg,False,540,4537,1,0.88428,2004,1,540
clean_white,1.0,1.0,1.0,0.0,p_6a1f08c11df66.jpg,False,540,4538,0,0.91756,2004,3,540
clean_white,1.0,1.0,1.0,0.0,p_6a1f08c11e70f.jpg,False,540,4539,0,0.97275,2004,6,540
clean_white,1.0,1.0,1.0,0.0,p_6a1f08c213914.jpg,False,540,4540,1,0.88428,2005,1,540
clean_white,1.0,1.0,1.0,0.0,p_6a1f08c213fb3.jpg,False,540,4541,0,0.91756,2005,3,540
clean_white,1.0,1.0,1.0,0.0,p_6a1f08c21467a.jpg,False,540,4542,0,0.97275,2005,6,540
clean_white,1.0,1.0,1.0,0.0,p_6a1f08c34006e.jpg,False,540,4543,1,0.88428,2006,1,540
clean_white,1.0,1.0,1.0,0.0,p_6a1f08c34061e.jpg,False,540,4544,0,0.91756,2006,3,540
clean_white,1.0,1.0,1.0,0.0,p_6a1f08c340bd7.jpg,False,540,4545,0,0.97275,2006,6,540
clean_white,1.0,1.0,1.0,0.0,p_6a1f08c448139.jpg,False,540,4546,1,0.88428,2007,1,540
clean_white,1.0,1.0,1.0,0.0,p_6a1f08c4486ab.jpg,False,540,4547,0,0.91756,2007,3,540
clean_white,1.0,1.0,1.0,0.0,p_6a1f08c448cca.jpg,False,540,4548,0,0.97275,2007,6,540
clean_white,1.0,1.0,1.0,0.0,p_6a1f08c541114.jpg,False,540,4549,1,0.88428,2008,1,540
clean_white,1.0,1.0,1.0,0.0,p_6a1f08c54187b.jpg,False,540,4550,0,0.91756,2008,3,540
clean_white,1.0,1.0,1.0,0.0,p_6a1f08c541fa4.jpg,False,540,4551,0,0.97275,2008,6,540
clean_white,1.0,1.0,1.0,0.0,p_6a1f08c6898f6.jpg,False,540,4552,1,0.88428,2009,1,540
clean_white,1.0,1.0,1.0,0.0,p_6a1f08c689ed1.jpg,False,540,4553,0,0.91756,2009,3,540
clean_white,1.0,1.0,1.0,0.0,p_6a1f08c68a4f3.jpg,False,540,4554,0,0.97275,2009,6,540
clean_white,1.0,1.0,1.0,0.0,p_6a1f08c79570a.jpg,False,540,4555,1,0.88428,2010,1,540
clean_white,1.0,1.0,1.0,0.0,p_6a1f08c795d45.jpg,False,540,4556,0,0.91756,2010,3,540
clean_white,1.0,1.0,1.0,0.0,p_6a1f08c79642c.jpg,False,540,4557,0,0.97275,2010,6,540
clean_white,1.0,1.0,1.0,0.0,p_6a1f08c88f56d.jpg,False,540,4558,1,0.88428,2011,1,540
clean_white,1.0,1.0,1.0,0.0,p_6a1f08c88fdfa.jpg,False,540,4559,0,0.91756,2011,3,540
clean_white,1.0,1.0,1.0,0.0,p_6a1f08c8904e7.jpg,False,540,4560,0,0.97275,2011,6,540
clean_white,1.0,1.0,1.0,0.0,p_6a1f08c9879cc.jpg,False,540,4561,1,0.88428,2012,1,540
clean_white,1.0,1.0,1.0,0.0,p_6a1f08c9880b3.jpg,False,540,4562,0,0.91756,2012,3,540
clean_white,1.0,1.0,1.0,0.0,p_6a1f08c98862b.jpg,False,540,4563,0,0.97275,2012,6,540
clean_white,1.0,1.0,1.0,0.0,p_6a1f08ca8a61d.jpg,False,540,4564,1,0.88428,2013,1,540
clean_white,1.0,1.0,1.0,0.0,p_6a1f08ca8b0a8.jpg,False,540,4565,0,0.91756,2013,3,540
clean_white,1.0,1.0,1.0,0.0,p_6a1f08ca8b60e.jpg,False,540,4566,0,0.97275,2013,6,540
clean_white,1.0,1.0,1.0,0.0,p_6a1f08cb83461.jpg,False,540,4567,1,0.88428,2014,1,540
clean_white,1.0,1.0,1.0,0.0,p_6a1f08cb83b4b.jpg,False,540,4568,0,0.91756,2014,3,540
clean_white,1.0,1.0,1.0,0.0,p_6a1f08cb840b9.jpg,False,540,4569,0,0.97275,2014,6,540
clean_white,1.0,1.0,1.0,0.0,p_6a1f08cd09f86.jpg,False,540,4570,1,0.88428,2015,1,540
clean_white,1.0,1.0,1.0,0.0,p_6a1f08cd0a4df.jpg,False,540,4571,0,0.91756,2015,3,540
clean_white,1.0,1.0,1.0,0.0,p_6a1f08cd0aa10.jpg,False,540,4572,0,0.97275,2015,6,540
clean_white,1.0,1.0,1.0,0.0,p_6a1f08ce03783.jpg,False,540,4573,1,0.88428,2016,1,540
clean_white,1.0,1.0,1.0,0.0,p_6a1f08ce03e0c.jpg,False,540,4574,0,0.91756,2016,3,540
clean_white,1.0,1.0,1.0,0.0,p_6a1f08ce043d0.jpg,False,540,4575,0,0.97275,2016,6,540
clean_white,1.0,1.0,1.0,0.0,p_6a1f08ceec92e.jpg,False,540,4576,1,0.88428,2017,1,540
clean_white,1.0,1.0,1.0,0.0,p_6a1f08ceecf0a.jpg,False,540,4577,0,0.91756,2017,3,540
clean_white,1.0,1.0,1.0,0.0,p_6a1f08ceed643.jpg,False,540,4578,0,0.97275,2017,6,540
clean_white,1.0,1.0,1.0,0.0,p_6a1f08cfe56a7.jpg,False,540,4579,1,0.88428,2018,1,540
clean_white,1.0,1.0,1.0,0.0,p_6a1f08cfe5ca8.jpg,False,540,4580,0,0.91756,2018,3,540
clean_white,1.0,1.0,1.0,0.0,p_6a1f08cfe63ee.jpg,False,540,4581,0,0.97275,2018,6,540
clean_white,1.0,1.0,1.0,0.0,p_6a1f08d0dda34.jpg,False,540,4582,1,0.88428,2019,1,540
clean_white,1.0,1.0,1.0,0.0,p_6a1f08d0de118.jpg,False,540,4583,0,0.91756,2019,3,540
clean_white,1.0,1.0,1.0,0.0,p_6a1f08d0de927.jpg,False,540,4584,0,0.97275,2019,6,540
clean_white,1.0,1.0,1.0,0.0,p_6a1f08d1d3ed3.jpg,False,540,4585,1,0.88428,2020,1,540
clean_white,1.0,1.0,1.0,0.0,p_6a1f08d1d45b1.jpg,False,540,4586,0,0.91756,2020,3,540
clean_white,1.0,1.0,1.0,0.0,p_6a1f08d1d4c45.jpg,False,540,4587,0,0.97275,2020,6,540
clean_white,1.0,1.0,1.0,0.0,p_6a1f08d2cb702.jpg,False,540,4588,1,0.88428,2021,1,540
clean_white,1.0,1.0,1.0,0.0,p_6a1f08d2cbd48.jpg,False,540,4589,0,0.91756,2021,3,540
clean_white,1.0,1.0,1.0,0.0,p_6a1f08d2cc357.jpg,False,540,4590,0,0.97275,2021,6,540
clean_white,1.0,1.0,1.0,0.0,p_6a1f08d3c0893.jpg,False,540,4591,1,0.88428,2022,1,540
clean_white,1.0,1.0,1.0,0.0,p_6a1f08d3c0f99.jpg,False,540,4592,0,0.91756,2022,3,540
clean_white,1.0,1.0,1.0,0.0,p_6a1f08d3c15dd.jpg,False,540,4593,0,0.97275,2022,6,540
clean_white,1.0,1.0,1.0,0.0,p_6a1f08d4b4fa0.jpg,False,540,4594,1,0.88428,2023,1,540
clean_white,1.0,1.0,1.0,0.0,p_6a1f08d4b561b.jpg,False,540,4595,0,0.91756,2023,3,540
clean_white,1.0,1.0,1.0,0.0,p_6a1f08d4b5bb6.jpg,False,540,4596,0,0.97275,2023,6,540
clean_white,1.0,1.0,1.0,0.0,p_6a1f08d60c847.jpg,False,540,4597,1,0.88428,2024,1,540
clean_white,1.0,1.0,1.0,0.0,p_6a1f08d60cd86.jpg,False,540,4598,0,0.91756,2024,3,540
clean_white,1.0,1.0,1.0,0.0,p_6a1f08d60d3b1.jpg,False,540,4599,0,0.97275,2024,6,540
clean_white,1.0,1.0,1.0,0.0,p_6a1f08d767899.jpg,False,540,4600,1,0.88428,2025,1,540
clean_white,1.0,1.0,1.0,0.0,p_6a1f08d767ed8.jpg,False,540,4601,0,0.91756,2025,3,540
clean_white,1.0,1.0,1.0,0.0,p_6a1f08d7684bd.jpg,False,540,4602,0,0.97275,2025,6,540
clean_white,1.0,1.0,1.0,0.0,p_6a1f08d85b7b0.jpg,False,540,4603,1,0.88428,2026,1,540
clean_white,1.0,1.0,1.0,0.0,p_6a1f08d85be47.jpg,False,540,4604,0,0.91756,2026,3,540
clean_white,1.0,1.0,1.0,0.0,p_6a1f08d85c3a5.jpg,False,540,4605,0,0.97275,2026,6,540
clean_white,1.0,1.0,1.0,0.0,p_6a1f08d95062e.jpg,False,540,4606,1,0.88428,2027,1,540
clean_white,1.0,1.0,1.0,0.0,p_6a1f08d950dc1.jpg,False,540,4607,0,0.91756,2027,3,540
clean_white,1.0,1.0,1.0,0.0,p_6a1f08d951410.jpg,False,540,4608,0,0.97275,2027,6,540
clean_white,1.0,1.0,1.0,0.0,p_6a1f08da4bbf4.jpg,False,540,4609,1,0.88428,2028,1,540
clean_white,1.0,1.0,1.0,0.0,p_6a1f08da4c471.jpg,False,540,4610,0,0.91756,2028,3,540
clean_white,1.0,1.0,1.0,0.0,p_6a1f08da4cbe4.jpg,False,540,4611,0,0.97275,2028,6,540
clean_white,1.0,1.0,1.0,0.0,p_6a1f08db5126c.jpg,False,540,4612,1,0.88428,2029,1,540
clean_white,1.0,1.0,1.0,0.0,p_6a1f08db5194e.jpg,False,540,4613,0,0.91756,2029,3,540
clean_white,1.0,1.0,1.0,0.0,p_6a1f08db51ff3.jpg,False,540,4614,0,0.97275,2029,6,540
clean_white,1.0,1.0,1.0,0.0,p_6a1f08dc472b0.jpg,False,540,4615,1,0.88428,2030,1,540
clean_white,1.0,1.0,1.0,0.0,p_6a1f08dc479dd.jpg,False,540,4616,0,0.91756,2030,3,540
clean_white,1.0,1.0,1.0,0.0,p_6a1f08dc47ff2.jpg,False,540,4617,0,0.97275,2030,6,540
clean_white,1.0,1.0,1.0,0.0,p_6a1f08dd3e13c.jpg,False,540,4618,1,0.88428,2031,1,540
clean_white,1.0,1.0,1.0,0.0,p_6a1f08dd3e8fb.jpg,False,540,4619,0,0.91756,2031,3,540
clean_white,1.0,1.0,1.0,0.0,p_6a1f08dd3f082.jpg,False,540,4620,0,0.97275,2031,6,540
clean_white,1.0,1.0,1.0,0.0,p_6a1f08de34a7f.jpg,False,540,4621,1,0.88428,2032,1,540
clean_white,1.0,1.0,1.0,0.0,p_6a1f08de350ab.jpg,False,540,4622,0,0.91756,2032,3,540
clean_white,1.0,1.0,1.0,0.0,p_6a1f08de35784.jpg,False,540,4623,0,0.97275,2032,6,540
clean_white,1.0,1.0,1.0,0.0,p_6a1f08df25fb0.jpg,False,540,4624,1,0.88428,2033,1,540
clean_white,1.0,1.0,1.0,0.0,p_6a1f08df266d3.jpg,False,540,4625,0,0.91756,2033,3,540
clean_white,1.0,1.0,1.0,0.0,p_6a1f08df26cd9.jpg,False,540,4626,0,0.97275,2033,6,540
clean_white,1.0,1.0,1.0,0.0,p_6a1f08e021564.jpg,False,540,4627,1,0.88428,2034,1,540
clean_white,1.0,1.0,1.0,0.0,p_6a1f08e021cd0.jpg,False,540,4628,0,0.91756,2034,3,540
clean_white,1.0,1.0,1.0,0.0,p_6a1f08e022456.jpg,False,540,4629,0,0.97275,2034,6,540
clean_white,1.0,1.0,1.0,0.0,p_6a1f08e138cc7.jpg,False,540,4630,1,0.88428,2035,1,540
clean_white,1.0,1.0,1.0,0.0,p_6a1f08e13939f.jpg,False,540,4631,0,0.91756,2035,3,540
clean_white,1.0,1.0,1.0,0.0,p_6a1f08e139948.jpg,False,540,4632,0,0.97275,2035,6,540
clean_white,1.0,1.0,1.0,0.0,p_6a1f08e22a689.jpg,False,540,4633,1,0.88428,2036,1,540
clean_white,1.0,1.0,1.0,0.0,p_6a1f08e22acca.jpg,False,540,4634,0,0.91756,2036,3,540
clean_white,1.0,1.0,1.0,0.0,p_6a1f08e22b20b.jpg,False,540,4635,0,0.97275,2036,6,540
clean_white,1.0,1.0,1.0,0.0,p_6a1f08e3203b4.jpg,False,540,4636,1,0.88428,2037,1,540
clean_white,1.0,1.0,1.0,0.0,p_6a1f08e3209fc.jpg,False,540,4637,0,0.91756,2037,3,540
clean_white,1.0,1.0,1.0,0.0,p_6a1f08e3211f0.jpg,False,540,4638,0,0.97275,2037,6,540
clean_white,1.0,1.0,1.0,0.0,p_6a1f08e4404eb.jpg,False,540,4639,1,0.88428,2038,1,540
clean_white,1.0,1.0,1.0,0.0,p_6a1f08e440b5d.jpg,False,540,4640,0,0.91756,2038,3,540
clean_white,1.0,1.0,1.0,0.0,p_6a1f08e441254.jpg,False,540,4641,0,0.97275,2038,6,540
clean_white,1.0,1.0,1.0,0.0,p_6a1f08e583c66.jpg,False,540,4642,1,0.88428,2039,1,540
clean_white,1.0,1.0,1.0,0.0,p_6a1f08e58442e.jpg,False,540,4643,0,0.91756,2039,3,540
clean_white,1.0,1.0,1.0,0.0,p_6a1f08e584b14.jpg,False,540,4644,0,0.97275,2039,6,540
clean_white,1.0,1.0,1.0,0.0,p_6a1f08e67a5c8.jpg,False,540,4645,1,0.88428,2040,1,540
clean_white,1.0,1.0,1.0,0.0,p_6a1f08e67ac2a.jpg,False,540,4646,0,0.91756,2040,3,540
clean_white,1.0,1.0,1.0,0.0,p_6a1f08e67b20b.jpg,False,540,4647,0,0.97275,2040,6,540
clean_white,1.0,1.0,1.0,0.0,p_6a1f08e796102.jpg,False,540,4648,1,0.88428,2041,1,540
clean_white,1.0,1.0,1.0,0.0,p_6a1f08e7967dc.jpg,False,540,4649,0,0.91756,2041,3,540
clean_white,1.0,1.0,1.0,0.0,p_6a1f08e796e30.jpg,False,540,4650,0,0.97275,2041,6,540
clean_white,1.0,1.0,1.0,0.0,p_6a1f08e88ba77.jpg,False,540,4651,1,0.88428,2042,1,540
clean_white,1.0,1.0,1.0,0.0,p_6a1f08e88c2e0.jpg,False,540,4652,0,0.91756,2042,3,540
clean_white,1.0,1.0,1.0,0.0,p_6a1f08e88c8ec.jpg,False,540,4653,0,0.97275,2042,6,540
clean_white,1.0,1.0,1.0,0.0,p_6a1f08e982429.jpg,False,540,4654,1,0.88428,2043,1,540
clean_white,1.0,1.0,1.0,0.0,p_6a1f08e982ae4.jpg,False,540,4655,0,0.91756,2043,3,540
clean_white,1.0,1.0,1.0,0.0,p_6a1f08e98307d.jpg,False,540,4656,0,0.97275,2043,6,540
clean_white,1.0,1.0,1.0,0.0,p_6a1f08ea78c0a.jpg,False,540,4657,1,0.88428,2044,1,540
clean_white,1.0,1.0,1.0,0.0,p_6a1f08ea79207.jpg,False,540,4658,0,0.91756,2044,3,540
clean_white,1.0,1.0,1.0,0.0,p_6a1f08ea79981.jpg,False,540,4659,0,0.97275,2044,6,540
clean_white,1.0,1.0,1.0,0.0,p_6a1f08eb71c17.jpg,False,540,4660,1,0.88428,2045,1,540
clean_white,1.0,1.0,1.0,0.0,p_6a1f08eb721f0.jpg,False,540,4661,0,0.91756,2045,3,540
clean_white,1.0,1.0,1.0,0.0,p_6a1f08eb727db.jpg,False,540,4662,0,0.97275,2045,6,540
clean_white,1.0,1.0,1.0,0.0,p_6a1f08ec67618.jpg,False,540,4663,1,0.88428,2046,1,540
clean_white,1.0,1.0,1.0,0.0,p_6a1f08ec67bfa.jpg,False,540,4664,0,0.91756,2046,3,540
clean_white,1.0,1.0,1.0,0.0,p_6a1f08ec682f6.jpg,False,540,4665,0,0.97275,2046,6,540
clean_white,1.0,1.0,1.0,0.0,p_6a1f08ed58ba7.jpg,False,540,4666,1,0.88428,2047,1,540
clean_white,1.0,1.0,1.0,0.0,p_6a1f08ed592fc.jpg,False,540,4667,0,0.91756,2047,3,540
clean_white,1.0,1.0,1.0,0.0,p_6a1f08ed59954.jpg,False,540,4668,0,0.97275,2047,6,540
clean_white,1.0,1.0,1.0,0.0,p_6a1f08ee5c17b.jpg,False,540,4669,1,0.88428,2048,1,540
clean_white,1.0,1.0,1.0,0.0,p_6a1f08ee5c81c.jpg,False,540,4670,0,0.91756,2048,3,540
clean_white,1.0,1.0,1.0,0.0,p_6a1f08ee5cefd.jpg,False,540,4671,0,0.97275,2048,6,540
clean_white,1.0,1.0,1.0,0.0,p_6a1f08ef88767.jpg,False,540,4672,1,0.88428,2049,1,540
clean_white,1.0,1.0,1.0,0.0,p_6a1f08ef88db0.jpg,False,540,4673,0,0.91756,2049,3,540
clean_white,1.0,1.0,1.0,0.0,p_6a1f08ef893a3.jpg,False,540,4674,0,0.97275,2049,6,540
clean_white,1.0,1.0,1.0,0.0,p_6a1f08f0abd19.jpg,False,540,4675,1,0.88428,2050,1,540
clean_white,1.0,1.0,1.0,0.0,p_6a1f08f0ac4c2.jpg,False,540,4676,0,0.91756,2050,3,540
clean_white,1.0,1.0,1.0,0.0,p_6a1f08f0acb6d.jpg,False,540,4677,0,0.97275,2050,6,540
clean_white,1.0,1.0,1.0,0.0,p_6a1f08f1d0b43.jpg,False,540,4678,1,0.88428,2051,1,540
clean_white,1.0,1.0,1.0,0.0,p_6a1f08f1d116a.jpg,False,540,4679,0,0.91756,2051,3,540
clean_white,1.0,1.0,1.0,0.0,p_6a1f08f1d1712.jpg,False,540,4680,0,0.97275,2051,6,540
clean_white,1.0,1.0,1.0,0.0,p_6a1f08f2f1bc4.jpg,False,540,4681,1,0.88428,2052,1,540
clean_white,1.0,1.0,1.0,0.0,p_6a1f08f2f23f5.jpg,False,540,4682,0,0.91756,2052,3,540
clean_white,1.0,1.0,1.0,0.0,p_6a1f08f2f2bd7.jpg,False,540,4683,0,0.97275,2052,6,540
clean_white,1.0,1.0,1.0,0.0,p_6a1f08f419ec8.jpg,False,540,4684,1,0.88428,2053,1,540
clean_white,1.0,1.0,1.0,0.0,p_6a1f08f41a4f5.jpg,False,540,4685,0,0.91756,2053,3,540
clean_white,1.0,1.0,1.0,0.0,p_6a1f08f41aaa8.jpg,False,540,4686,0,0.97275,2053,6,540
needs_background,0.646,0.7168,0.68762,0.0,p_6a1f08f594a8d.jpg,False,1240,4687,1,0.74002,2054,1,1086
clean_white,1.0,1.0,1.0,0.0,p_6a1f08f5950b2.jpg,False,540,4688,0,0.91756,2054,3,540
clean_white,1.0,1.0,1.0,0.0,p_6a1f08f595508.jpg,False,540,4689,0,0.97275,2054,6,540
clean_white,1.0,1.0,1.0,0.0,p_6a1f08f6b476c.jpg,False,540,4690,1,0.88428,2055,1,540
clean_white,1.0,1.0,1.0,0.0,p_6a1f08f6b4e6e.jpg,False,540,4691,0,0.91756,2055,3,540
clean_white,1.0,1.0,1.0,0.0,p_6a1f08f6b55b6.jpg,False,540,4692,0,0.97275,2055,6,540
clean_white,1.0,1.0,1.0,0.0,p_6a1f08f7c6d1d.jpg,False,540,4693,1,0.88428,2056,1,540
clean_white,1.0,1.0,1.0,0.0,p_6a1f08f7c73c2.jpg,False,540,4694,0,0.91756,2056,3,540
clean_white,1.0,1.0,1.0,0.0,p_6a1f08f7c7a20.jpg,False,540,4695,0,0.97275,2056,6,540
clean_white,1.0,1.0,1.0,0.0,p_6a1f08f8d9d4e.jpg,False,540,4696,1,0.88428,2057,1,540
clean_white,1.0,1.0,1.0,0.0,p_6a1f08f8da456.jpg,False,540,4697,0,0.91756,2057,3,540
clean_white,1.0,1.0,1.0,0.0,p_6a1f08f8daae8.jpg,False,540,4698,0,0.97275,2057,6,540
clean_white,1.0,1.0,1.0,0.0,p_6a1f08f9ebc2c.jpg,False,540,4699,1,0.88428,2058,1,540
clean_white,1.0,1.0,1.0,0.0,p_6a1f08f9ec37c.jpg,False,540,4700,0,0.91756,2058,3,540
clean_white,1.0,1.0,1.0,0.0,p_6a1f08f9ec9ac.jpg,False,540,4701,0,0.97275,2058,6,540
clean_white,1.0,1.0,1.0,0.0,p_6a1f08fb0b046.jpg,False,540,4702,1,0.88428,2059,1,540
clean_white,1.0,1.0,1.0,0.0,p_6a1f08fb0b6f2.jpg,False,540,4703,0,0.91756,2059,3,540
clean_white,1.0,1.0,1.0,0.0,p_6a1f08fb0be17.jpg,False,540,4704,0,0.97275,2059,6,540
clean_white,1.0,1.0,1.0,0.0,p_6a1f08fc20f71.jpg,False,540,4705,1,0.88428,2060,1,540
clean_white,1.0,1.0,1.0,0.0,p_6a1f08fc21626.jpg,False,540,4706,0,0.91756,2060,3,540
clean_white,1.0,1.0,1.0,0.0,p_6a1f08fc21d0f.jpg,False,540,4707,0,0.97275,2060,6,540
clean_white,1.0,1.0,1.0,0.0,p_6a1f08fd35453.jpg,False,540,4708,1,0.88428,2061,1,540
clean_white,1.0,1.0,1.0,0.0,p_6a1f08fd35b03.jpg,False,540,4709,0,0.91756,2061,3,540
clean_white,1.0,1.0,1.0,0.0,p_6a1f08fd35ff5.jpg,False,540,4710,0,0.97275,2061,6,540
clean_white,1.0,1.0,1.0,0.0,p_6a1f08fe5361a.jpg,False,540,4711,1,0.88428,2062,1,540
clean_white,1.0,1.0,1.0,0.0,p_6a1f08fe53c0a.jpg,False,540,4712,0,0.91756,2062,3,540
clean_white,1.0,1.0,1.0,0.0,p_6a1f08fe541db.jpg,False,540,4713,0,0.97275,2062,6,540
clean_white,1.0,1.0,1.0,0.0,p_6a1f08ff9dfb0.jpg,False,540,4714,1,0.88428,2063,1,540
clean_white,1.0,1.0,1.0,0.0,p_6a1f08ff9e583.jpg,False,540,4715,0,0.91756,2063,3,540
clean_white,1.0,1.0,1.0,0.0,p_6a1f08ff9ebe3.jpg,False,540,4716,0,0.97275,2063,6,540
clean_white,1.0,1.0,1.0,0.0,p_6a1f0900b1d47.jpg,False,540,4717,1,0.88428,2064,1,540
clean_white,1.0,1.0,1.0,0.0,p_6a1f0900b2549.jpg,False,540,4718,0,0.91756,2064,3,540
clean_white,1.0,1.0,1.0,0.0,p_6a1f0900b2c71.jpg,False,540,4719,0,0.97275,2064,6,540
clean_white,1.0,1.0,1.0,0.0,p_6a1f0901c5e80.jpg,False,540,4720,1,0.88428,2065,1,540
clean_white,1.0,1.0,1.0,0.0,p_6a1f0901c645b.jpg,False,540,4721,0,0.91756,2065,3,540
clean_white,1.0,1.0,1.0,0.0,p_6a1f0901c6ac0.jpg,False,540,4722,0,0.97275,2065,6,540
clean_white,1.0,1.0,1.0,0.0,p_6a1f0902dab9a.jpg,False,540,4723,1,0.88428,2066,1,540
clean_white,1.0,1.0,1.0,0.0,p_6a1f0902db33b.jpg,False,540,4724,0,0.91756,2066,3,540
clean_white,1.0,1.0,1.0,0.0,p_6a1f0902db926.jpg,False,540,4725,0,0.97275,2066,6,540
clean_white,1.0,1.0,1.0,0.0,p_6a1f0903f3e39.jpg,False,540,4726,1,0.88428,2067,1,540
clean_white,1.0,1.0,1.0,0.0,p_6a1f090400560.jpg,False,540,4727,0,0.91756,2067,3,540
clean_white,1.0,1.0,1.0,0.0,p_6a1f090400fb6.jpg,False,540,4728,0,0.97275,2067,6,540
clean_white,1.0,1.0,1.0,0.0,p_6a1f0905147b4.jpg,False,540,4729,1,0.88428,2068,1,540
clean_white,1.0,1.0,1.0,0.0,p_6a1f090514e8a.jpg,False,540,4730,0,0.91756,2068,3,540
clean_white,1.0,1.0,1.0,0.0,p_6a1f0905154c8.jpg,False,540,4731,0,0.97275,2068,6,540
clean_white,1.0,1.0,1.0,0.0,p_6a1f0906e66a2.jpg,False,540,4732,1,0.88428,2069,1,540
clean_white,1.0,1.0,1.0,0.0,p_6a1f0906e6d9d.jpg,False,540,4733,0,0.91756,2069,3,540
clean_white,1.0,1.0,1.0,0.0,p_6a1f0906e73f6.jpg,False,540,4734,0,0.97275,2069,6,540
clean_white,1.0,1.0,1.0,0.0,p_6a1f09080bfb3.jpg,False,540,4735,1,0.88428,2070,1,540
clean_white,1.0,1.0,1.0,0.0,p_6a1f09080c63f.jpg,False,540,4736,0,0.91756,2070,3,540
clean_white,1.0,1.0,1.0,0.0,p_6a1f09080cd01.jpg,False,540,4737,0,0.97275,2070,6,540
clean_white,1.0,1.0,1.0,0.0,p_6a1f090949a3e.jpg,False,540,4738,1,0.88428,2071,1,540
clean_white,1.0,1.0,1.0,0.0,p_6a1f09094a18a.jpg,False,540,4739,0,0.91756,2071,3,540
clean_white,1.0,1.0,1.0,0.0,p_6a1f09094a8d9.jpg,False,540,4740,0,0.97275,2071,6,540
clean_white,1.0,1.0,1.0,0.0,p_6a1f090a59bb6.jpg,False,540,4741,1,0.88428,2072,1,540
clean_white,1.0,1.0,1.0,0.0,p_6a1f090a5a1bf.jpg,False,540,4742,0,0.91756,2072,3,540
clean_white,1.0,1.0,1.0,0.0,p_6a1f090a5a750.jpg,False,540,4743,0,0.97275,2072,6,540
clean_white,1.0,1.0,1.0,0.0,p_6a1f090b6e363.jpg,False,540,4744,1,0.88428,2073,1,540
clean_white,1.0,1.0,1.0,0.0,p_6a1f090b6ea7d.jpg,False,540,4745,0,0.91756,2073,3,540
clean_white,1.0,1.0,1.0,0.0,p_6a1f090b6f213.jpg,False,540,4746,0,0.97275,2073,6,540
clean_white,1.0,1.0,1.0,0.0,p_6a1f090d21a9b.jpg,False,540,4747,1,0.88428,2074,1,540
clean_white,1.0,1.0,1.0,0.0,p_6a1f090d221d1.jpg,False,540,4748,0,0.91756,2074,3,540
clean_white,1.0,1.0,1.0,0.0,p_6a1f090d22937.jpg,False,540,4749,0,0.97275,2074,6,540
clean_white,1.0,1.0,1.0,0.0,p_6a1f090e3a7d9.jpg,False,540,4750,1,0.88428,2075,1,540
clean_white,1.0,1.0,1.0,0.0,p_6a1f090e3ae41.jpg,False,540,4751,0,0.91756,2075,3,540
clean_white,1.0,1.0,1.0,0.0,p_6a1f090e3b3d5.jpg,False,540,4752,0,0.97275,2075,6,540
clean_white,1.0,1.0,0.9714,0.0,p_6a1f0910bb97a.jpg,False,540,4753,1,0.83403,2076,1,540
clean_white,1.0,1.0,1.0,0.0,p_6a1f0910bc01e.jpg,False,540,4754,0,0.69404,2076,3,540
clean_white,1.0,1.0,1.0,0.0,p_6a1f0910bc6e7.jpg,False,540,4755,0,0.75593,2076,6,540
clean_white,1.0,1.0,1.0,0.0,p_6a1f0911b4c5d.jpg,False,540,4756,1,0.88428,2077,1,540
clean_white,1.0,1.0,1.0,0.0,p_6a1f0911b52f1.jpg,False,540,4757,0,0.91756,2077,3,540
clean_white,1.0,1.0,1.0,0.0,p_6a1f0911b5a13.jpg,False,540,4758,0,0.97275,2077,6,540
clean_white,1.0,1.0,1.0,0.0,p_6a1f091419709.jpg,False,540,4759,1,0.6851,2078,1,540
clean_white,1.0,1.0,1.0,0.0,p_6a1f091419da8.jpg,False,540,4760,0,0.87059,2078,3,540
clean_white,1.0,1.0,1.0,0.0,p_6a1f09141a3b1.jpg,False,540,4761,0,0.92435,2078,6,540
clean_white,1.0,1.0,1.0,0.0,p_6a1f091519447.jpg,False,540,4762,1,0.88428,2079,1,540
clean_white,1.0,1.0,1.0,0.0,p_6a1f091519a94.jpg,False,540,4763,0,0.91756,2079,3,540
clean_white,1.0,1.0,1.0,0.0,p_6a1f09151a06a.jpg,False,540,4764,0,0.97275,2079,6,540
clean_white,1.0,1.0,1.0,0.0,p_6a1f091615f46.jpg,False,540,4765,1,0.88428,2080,1,540
clean_white,1.0,1.0,1.0,0.0,p_6a1f0916164e0.jpg,False,540,4766,0,0.91756,2080,3,540
clean_white,1.0,1.0,1.0,0.0,p_6a1f091616ac3.jpg,False,540,4767,0,0.97275,2080,6,540
clean_white,1.0,1.0,1.0,0.0,p_6a1f0917478d4.jpg,False,540,4768,1,0.88428,2081,1,540
clean_white,1.0,1.0,1.0,0.0,p_6a1f091748073.jpg,False,540,4769,0,0.91756,2081,3,540
clean_white,1.0,1.0,1.0,0.0,p_6a1f0917485ee.jpg,False,540,4770,0,0.97275,2081,6,540
clean_white,1.0,1.0,1.0,0.0,p_6a1f091844b1d.jpg,False,540,4771,1,0.88428,2082,1,540
clean_white,1.0,1.0,1.0,0.0,p_6a1f09184518e.jpg,False,540,4772,0,0.91756,2082,3,540
clean_white,1.0,1.0,1.0,0.0,p_6a1f091845754.jpg,False,540,4773,0,0.97275,2082,6,540
clean_white,1.0,1.0,1.0,0.0,p_6a1f091946df2.jpg,False,540,4774,1,0.88428,2083,1,540
clean_white,1.0,1.0,1.0,0.0,p_6a1f0919473e6.jpg,False,540,4775,0,0.91756,2083,3,540
clean_white,1.0,1.0,1.0,0.0,p_6a1f091947b95.jpg,False,540,4776,0,0.97275,2083,6,540
clean_white,1.0,1.0,1.0,0.0,p_6a1f091a9b0ff.jpg,False,540,4777,1,0.88428,2084,1,540
clean_white,1.0,1.0,1.0,0.0,p_6a1f091a9b719.jpg,False,540,4778,0,0.91756,2084,3,540
clean_white,1.0,1.0,1.0,0.0,p_6a1f091a9bdfa.jpg,False,540,4779,0,0.97275,2084,6,540
clean_white,1.0,1.0,1.0,0.0,p_6a1f091b99a41.jpg,False,540,4780,1,0.88428,2085,1,540
clean_white,1.0,1.0,1.0,0.0,p_6a1f091b9a077.jpg,False,540,4781,0,0.91756,2085,3,540
clean_white,1.0,1.0,1.0,0.0,p_6a1f091b9a62b.jpg,False,540,4782,0,0.97275,2085,6,540
clean_white,1.0,1.0,1.0,0.0,p_6a1f091c979b6.jpg,False,540,4783,1,0.88428,2086,1,540
clean_white,1.0,1.0,1.0,0.0,p_6a1f091c9800c.jpg,False,540,4784,0,0.91756,2086,3,540
clean_white,1.0,1.0,1.0,0.0,p_6a1f091c987a8.jpg,False,540,4785,0,0.97275,2086,6,540
clean_white,1.0,1.0,1.0,0.0,p_6a1f091d94645.jpg,False,540,4786,1,0.88428,2087,1,540
clean_white,1.0,1.0,1.0,0.0,p_6a1f091d94cbd.jpg,False,540,4787,0,0.91756,2087,3,540
clean_white,1.0,1.0,1.0,0.0,p_6a1f091d95375.jpg,False,540,4788,0,0.97275,2087,6,540
clean_white,1.0,1.0,1.0,0.0,p_6a1f091e925e6.jpg,False,540,4789,1,0.88428,2088,1,540
clean_white,1.0,1.0,1.0,0.0,p_6a1f091e92db2.jpg,False,540,4790,0,0.91756,2088,3,540
clean_white,1.0,1.0,1.0,0.0,p_6a1f091e93446.jpg,False,540,4791,0,0.97275,2088,6,540
clean_white,1.0,1.0,1.0,0.0,p_6a1f091f8bd13.jpg,False,540,4792,1,0.88428,2089,1,540
clean_white,1.0,1.0,1.0,0.0,p_6a1f091f8c41f.jpg,False,540,4793,0,0.91756,2089,3,540
clean_white,1.0,1.0,1.0,0.0,p_6a1f091f8cab4.jpg,False,540,4794,0,0.97275,2089,6,540
clean_white,1.0,1.0,1.0,0.0,p_6a1f092089701.jpg,False,540,4795,1,0.88428,2090,1,540
clean_white,1.0,1.0,1.0,0.0,p_6a1f092089d7c.jpg,False,540,4796,0,0.91756,2090,3,540
clean_white,1.0,1.0,1.0,0.0,p_6a1f09208a5b3.jpg,False,540,4797,0,0.97275,2090,6,540
clean_white,1.0,1.0,1.0,0.0,p_6a1f092186908.jpg,False,540,4798,1,0.88428,2091,1,540
clean_white,1.0,1.0,1.0,0.0,p_6a1f092187047.jpg,False,540,4799,0,0.91756,2091,3,540
clean_white,1.0,1.0,1.0,0.0,p_6a1f092187662.jpg,False,540,4800,0,0.97275,2091,6,540
clean_white,1.0,1.0,1.0,0.0,p_6a1f09227f82d.jpg,False,540,4801,1,0.88428,2092,1,540
clean_white,1.0,1.0,1.0,0.0,p_6a1f09227fe49.jpg,False,540,4802,0,0.91756,2092,3,540
clean_white,1.0,1.0,1.0,0.0,p_6a1f09228047f.jpg,False,540,4803,0,0.97275,2092,6,540
clean_white,1.0,1.0,1.0,0.0,p_6a1f0923c8980.jpg,False,540,4804,1,0.88428,2093,1,540
clean_white,1.0,1.0,1.0,0.0,p_6a1f0923c8ff4.jpg,False,540,4805,0,0.91756,2093,3,540
clean_white,1.0,1.0,1.0,0.0,p_6a1f0923c9544.jpg,False,540,4806,0,0.97275,2093,6,540
clean_white,1.0,1.0,1.0,0.0,p_6a1f0924d69d4.jpg,False,540,4807,1,0.88428,2094,1,540
clean_white,1.0,1.0,1.0,0.0,p_6a1f0924d6fd7.jpg,False,540,4808,0,0.91756,2094,3,540
clean_white,1.0,1.0,1.0,0.0,p_6a1f0924d7669.jpg,False,540,4809,0,0.97275,2094,6,540
clean_white,1.0,1.0,1.0,0.0,p_6a1f09261656e.jpg,False,540,4810,1,0.88428,2095,1,540
clean_white,1.0,1.0,1.0,0.0,p_6a1f092616cd5.jpg,False,540,4811,0,0.91756,2095,3,540
clean_white,1.0,1.0,1.0,0.0,p_6a1f0926173ef.jpg,False,540,4812,0,0.97275,2095,6,540
clean_white,1.0,1.0,1.0,0.0,p_6a1f09274d408.jpg,False,540,4813,1,0.88428,2096,1,540
clean_white,1.0,1.0,1.0,0.0,p_6a1f09274db08.jpg,False,540,4814,0,0.91756,2096,3,540
clean_white,1.0,1.0,1.0,0.0,p_6a1f09274e10f.jpg,False,540,4815,0,0.97275,2096,6,540
clean_white,1.0,1.0,1.0,0.0,p_6a1f0928598cd.jpg,False,540,4816,1,0.88428,2097,1,540
clean_white,1.0,1.0,1.0,0.0,p_6a1f09285a08a.jpg,False,540,4817,0,0.91756,2097,3,540
clean_white,1.0,1.0,1.0,0.0,p_6a1f09285a791.jpg,False,540,4818,0,0.97275,2097,6,540
clean_white,1.0,1.0,1.0,0.0,p_6a1f092956f63.jpg,False,540,4819,1,0.88428,2098,1,540
clean_white,1.0,1.0,1.0,0.0,p_6a1f0929576e4.jpg,False,540,4820,0,0.91756,2098,3,540
clean_white,1.0,1.0,1.0,0.0,p_6a1f092957e0a.jpg,False,540,4821,0,0.97275,2098,6,540
clean_white,1.0,1.0,1.0,0.0,p_6a1f092aa59e8.jpg,False,540,4822,1,0.88428,2099,1,540
clean_white,1.0,1.0,1.0,0.0,p_6a1f092aa601e.jpg,False,540,4823,0,0.91756,2099,3,540
clean_white,1.0,1.0,1.0,0.0,p_6a1f092aa66cc.jpg,False,540,4824,0,0.97275,2099,6,540
clean_white,1.0,1.0,1.0,0.0,p_6a1f092ba429f.jpg,False,540,4825,1,0.88428,2100,1,540
clean_white,1.0,1.0,1.0,0.0,p_6a1f092ba4a39.jpg,False,540,4826,0,0.91756,2100,3,540
clean_white,1.0,1.0,1.0,0.0,p_6a1f092ba4fbc.jpg,False,540,4827,0,0.97275,2100,6,540
clean_white,1.0,1.0,1.0,0.0,p_6a1f092c9cba9.jpg,False,540,4828,1,0.88428,2101,1,540
clean_white,1.0,1.0,1.0,0.0,p_6a1f092c9d108.jpg,False,540,4829,0,0.91756,2101,3,540
clean_white,1.0,1.0,1.0,0.0,p_6a1f092c9d5a2.jpg,False,540,4830,0,0.97275,2101,6,540
clean_white,1.0,1.0,1.0,0.0,p_6a1f092d93848.jpg,False,540,4831,1,0.88428,2102,1,540
clean_white,1.0,1.0,1.0,0.0,p_6a1f092d9412f.jpg,False,540,4832,0,0.91756,2102,3,540
clean_white,1.0,1.0,1.0,0.0,p_6a1f092d9486a.jpg,False,540,4833,0,0.97275,2102,6,540
clean_white,1.0,1.0,1.0,0.0,p_6a1f092e912bc.jpg,False,540,4834,1,0.88428,2103,1,540
clean_white,1.0,1.0,1.0,0.0,p_6a1f092e91ab2.jpg,False,540,4835,0,0.91756,2103,3,540
clean_white,1.0,1.0,1.0,0.0,p_6a1f092e92021.jpg,False,540,4836,0,0.97275,2103,6,540
clean_white,1.0,1.0,1.0,0.0,p_6a1f092f8eb97.jpg,False,540,4837,1,0.88428,2104,1,540
clean_white,1.0,1.0,1.0,0.0,p_6a1f092f8f20c.jpg,False,540,4838,0,0.91756,2104,3,540
clean_white,1.0,1.0,1.0,0.0,p_6a1f092f8f87b.jpg,False,540,4839,0,0.97275,2104,6,540
clean_white,1.0,1.0,1.0,0.0,p_6a1f09308a30f.jpg,False,540,4840,1,0.88428,2105,1,540
clean_white,1.0,1.0,1.0,0.0,p_6a1f09308a969.jpg,False,540,4841,0,0.91756,2105,3,540
clean_white,1.0,1.0,1.0,0.0,p_6a1f09308b07f.jpg,False,540,4842,0,0.97275,2105,6,540
clean_white,1.0,1.0,1.0,0.0,p_6a1f093183bcd.jpg,False,540,4843,1,0.88428,2106,1,540
clean_white,1.0,1.0,1.0,0.0,p_6a1f0931842c1.jpg,False,540,4844,0,0.91756,2106,3,540
clean_white,1.0,1.0,1.0,0.0,p_6a1f0931849a3.jpg,False,540,4845,0,0.97275,2106,6,540
clean_white,1.0,1.0,1.0,0.0,p_6a1f093278526.jpg,False,540,4846,1,0.88428,2107,1,540
clean_white,1.0,1.0,1.0,0.0,p_6a1f093278c1b.jpg,False,540,4847,0,0.91756,2107,3,540
clean_white,1.0,1.0,1.0,0.0,p_6a1f093279261.jpg,False,540,4848,0,0.97275,2107,6,540
clean_white,1.0,1.0,1.0,0.0,p_6a1f09337570b.jpg,False,540,4849,1,0.88428,2108,1,540
clean_white,1.0,1.0,1.0,0.0,p_6a1f093375d66.jpg,False,540,4850,0,0.91756,2108,3,540
clean_white,1.0,1.0,1.0,0.0,p_6a1f09337636b.jpg,False,540,4851,0,0.97275,2108,6,540
clean_white,1.0,1.0,1.0,0.0,p_6a1f09346f6a8.jpg,False,540,4852,1,0.88428,2109,1,540
clean_white,1.0,1.0,1.0,0.0,p_6a1f09346fdfa.jpg,False,540,4853,0,0.91756,2109,3,540
clean_white,1.0,1.0,1.0,0.0,p_6a1f093470609.jpg,False,540,4854,0,0.97275,2109,6,540
clean_white,1.0,1.0,1.0,0.0,p_6a1f093568600.jpg,False,540,4855,1,0.88428,2110,1,540
clean_white,1.0,1.0,1.0,0.0,p_6a1f093568e0d.jpg,False,540,4856,0,0.91756,2110,3,540
clean_white,1.0,1.0,1.0,0.0,p_6a1f0935695b9.jpg,False,540,4857,0,0.97275,2110,6,540
clean_white,1.0,1.0,1.0,0.0,p_6a1f093666966.jpg,False,540,4858,1,0.88428,2111,1,540
clean_white,1.0,1.0,1.0,0.0,p_6a1f093666f5d.jpg,False,540,4859,0,0.91756,2111,3,540
clean_white,1.0,1.0,1.0,0.0,p_6a1f09366754b.jpg,False,540,4860,0,0.97275,2111,6,540
clean_white,1.0,0.99184,0.99077,0.0,p_6a1f0937a7191.jpg,False,540,4861,1,0.79576,2112,1,540
clean_white,1.0,0.99169,0.99114,0.0,p_6a1f0937a784f.jpg,False,540,4862,0,0.63782,2112,3,540
clean_white,1.0,1.0,1.0,0.0,p_6a1f0937a7f25.jpg,False,540,4863,0,0.75032,2112,6,540
clean_white,1.0,0.99184,0.99077,0.0,p_6a1f0938da43a.jpg,False,540,4864,1,0.79576,2113,1,540
clean_white,1.0,0.99169,0.99114,0.0,p_6a1f0938dabf9.jpg,False,540,4865,0,0.63782,2113,3,540
clean_white,1.0,1.0,1.0,0.0,p_6a1f0938db29d.jpg,False,540,4866,0,0.75032,2113,6,540
clean_white,1.0,0.99184,0.99077,0.0,p_6a1f093a6edf7.jpg,False,540,4867,1,0.79576,2114,1,540
clean_white,1.0,0.99169,0.99114,0.0,p_6a1f093a6f666.jpg,False,540,4868,0,0.63782,2114,3,540
clean_white,1.0,1.0,1.0,0.0,p_6a1f093a6febd.jpg,False,540,4869,0,0.75032,2114,6,540
clean_white,1.0,0.99864,0.92772,0.0,p_6a1f093c85177.jpg,False,540,4870,1,0.56319,2115,1,540
review_white,1.0,0.91566,0.89,0.0,p_6a1f093c8585d.jpg,False,540,4871,0,0.75174,2115,3,540
clean_white,1.0,0.98772,0.98654,0.0,p_6a1f093c85ee2.jpg,False,540,4872,0,0.53788,2115,6,540
clean_white,1.0,0.99184,0.99077,0.0,p_6a1f093da4bef.jpg,False,540,4873,1,0.79576,2116,1,540
clean_white,1.0,0.99169,0.99114,0.0,p_6a1f093da52cf.jpg,False,540,4874,0,0.63782,2116,3,540
clean_white,1.0,1.0,1.0,0.0,p_6a1f093da5a70.jpg,False,540,4875,0,0.75032,2116,6,540
clean_white,1.0,0.99184,0.99077,0.0,p_6a1f093ec34b1.jpg,False,540,4876,1,0.79576,2117,1,540
clean_white,1.0,0.99169,0.99114,0.0,p_6a1f093ec3bbc.jpg,False,540,4877,0,0.63782,2117,3,540
clean_white,1.0,1.0,1.0,0.0,p_6a1f093ec4168.jpg,False,540,4878,0,0.75032,2117,6,540
clean_white,1.0,0.99967,0.96099,0.0,p_6a1f0940dc981.jpg,False,540,4879,1,0.53053,2118,1,540
clean_white,1.0,0.9711,0.9704,0.0,p_6a1f0940dcf5f.jpg,False,540,4880,0,0.67219,2118,3,540
clean_white,1.0,0.96754,0.96632,0.0,p_6a1f0940dd513.jpg,False,540,4881,0,0.553,2118,6,540
clean_white,1.0,1.0,0.99739,0.0,p_6a1f0943625a8.jpg,False,540,4882,1,0.59769,2119,1,540
review_white,1.0,0.91474,0.91217,0.0,p_6a1f094362bcf.jpg,False,540,4883,0,0.63579,2119,3,540
clean_white,1.0,0.99456,0.9904,0.0,p_6a1f094363190.jpg,False,540,4884,0,0.74467,2119,6,540
clean_white,1.0,0.99184,0.99077,0.0,p_6a1f0944632dc.jpg,False,540,4885,1,0.79576,2120,1,540
clean_white,1.0,0.99169,0.99114,0.0,p_6a1f09446394c.jpg,False,540,4886,0,0.63782,2120,3,540
clean_white,1.0,1.0,1.0,0.0,p_6a1f094463fa7.jpg,False,540,4887,0,0.75032,2120,6,540
clean_white,1.0,0.99184,0.99077,0.0,p_6a1f0945612ed.jpg,False,540,4888,1,0.79576,2121,1,540
clean_white,1.0,0.99169,0.99114,0.0,p_6a1f09456199f.jpg,False,540,4889,0,0.63782,2121,3,540
clean_white,1.0,1.0,1.0,0.0,p_6a1f094561faf.jpg,False,540,4890,0,0.75032,2121,6,540
clean_white,1.0,0.99184,0.99077,0.0,p_6a1f09465e4f6.jpg,False,540,4891,1,0.79576,2122,1,540
clean_white,1.0,0.99169,0.99114,0.0,p_6a1f09465ec81.jpg,False,540,4892,0,0.63782,2122,3,540
clean_white,1.0,1.0,1.0,0.0,p_6a1f09465f249.jpg,False,540,4893,0,0.75032,2122,6,540
clean_white,1.0,0.99184,0.99077,0.0,p_6a1f09475a438.jpg,False,540,4894,1,0.79576,2123,1,540
clean_white,1.0,0.99169,0.99114,0.0,p_6a1f09475aac7.jpg,False,540,4895,0,0.63782,2123,3,540
clean_white,1.0,1.0,1.0,0.0,p_6a1f09475b151.jpg,False,540,4896,0,0.75032,2123,6,540
clean_white,1.0,0.99184,0.99077,0.0,p_6a1f0948599c6.jpg,False,540,4897,1,0.79576,2124,1,540
clean_white,1.0,0.99169,0.99114,0.0,p_6a1f09485a13d.jpg,False,540,4898,0,0.63782,2124,3,540
clean_white,1.0,1.0,1.0,0.0,p_6a1f09485a7f2.jpg,False,540,4899,0,0.75032,2124,6,540
clean_white,1.0,0.99184,0.99077,0.0,p_6a1f0949571a1.jpg,False,540,4900,1,0.79576,2125,1,540
clean_white,1.0,0.99169,0.99114,0.0,p_6a1f094957888.jpg,False,540,4901,0,0.63782,2125,3,540
clean_white,1.0,1.0,1.0,0.0,p_6a1f094958165.jpg,False,540,4902,0,0.75032,2125,6,540
clean_white,1.0,0.99184,0.99077,0.0,p_6a1f094a52e56.jpg,False,540,4903,1,0.79576,2126,1,540
clean_white,1.0,0.99169,0.99114,0.0,p_6a1f094a5354e.jpg,False,540,4904,0,0.63782,2126,3,540
clean_white,1.0,1.0,1.0,0.0,p_6a1f094a53b67.jpg,False,540,4905,0,0.75032,2126,6,540
clean_white,1.0,0.99184,0.99077,0.0,p_6a1f094b7728e.jpg,False,540,4906,1,0.79576,2127,1,540
clean_white,1.0,0.99169,0.99114,0.0,p_6a1f094b77ae9.jpg,False,540,4907,0,0.63782,2127,3,540
clean_white,1.0,1.0,1.0,0.0,p_6a1f094b78161.jpg,False,540,4908,0,0.75032,2127,6,540
clean_white,1.0,0.99184,0.99077,0.0,p_6a1f094c71d9c.jpg,False,540,4909,1,0.79576,2128,1,540
clean_white,1.0,0.99169,0.99114,0.0,p_6a1f094c72451.jpg,False,540,4910,0,0.63782,2128,3,540
clean_white,1.0,1.0,1.0,0.0,p_6a1f094c7297d.jpg,False,540,4911,0,0.75032,2128,6,540
clean_white,1.0,0.99184,0.99077,0.0,p_6a1f094dc6676.jpg,False,540,4912,1,0.79576,2129,1,540
clean_white,1.0,0.99169,0.99114,0.0,p_6a1f094dc6bcd.jpg,False,540,4913,0,0.63782,2129,3,540
clean_white,1.0,1.0,1.0,0.0,p_6a1f094dc721b.jpg,False,540,4914,0,0.75032,2129,6,540
clean_white,1.0,0.99184,0.99077,0.0,p_6a1f094ec1b37.jpg,False,540,4915,1,0.79576,2130,1,540
clean_white,1.0,0.99169,0.99114,0.0,p_6a1f094ec2239.jpg,False,540,4916,0,0.63782,2130,3,540
clean_white,1.0,1.0,1.0,0.0,p_6a1f094ec289d.jpg,False,540,4917,0,0.75032,2130,6,540
clean_white,1.0,0.99184,0.99077,0.0,p_6a1f094fb78ec.jpg,False,540,4918,1,0.79576,2131,1,540
clean_white,1.0,0.99169,0.99114,0.0,p_6a1f094fb7ea6.jpg,False,540,4919,0,0.63782,2131,3,540
clean_white,1.0,1.0,1.0,0.0,p_6a1f094fb849b.jpg,False,540,4920,0,0.75032,2131,6,540
clean_white,1.0,0.99184,0.99077,0.0,p_6a1f0950ae35c.jpg,False,540,4921,1,0.79576,2132,1,540
clean_white,1.0,0.99169,0.99114,0.0,p_6a1f0950aea44.jpg,False,540,4922,0,0.63782,2132,3,540
clean_white,1.0,1.0,1.0,0.0,p_6a1f0950af084.jpg,False,540,4923,0,0.75032,2132,6,540
clean_white,1.0,0.99184,0.99077,0.0,p_6a1f0951a9951.jpg,False,540,4924,1,0.79576,2133,1,540
clean_white,1.0,0.99169,0.99114,0.0,p_6a1f0951a9f46.jpg,False,540,4925,0,0.63782,2133,3,540
clean_white,1.0,1.0,1.0,0.0,p_6a1f0951aa533.jpg,False,540,4926,0,0.75032,2133,6,540
clean_white,1.0,0.99184,0.99077,0.0,p_6a1f0952a53f3.jpg,False,540,4927,1,0.79576,2134,1,540
clean_white,1.0,0.99169,0.99114,0.0,p_6a1f0952a5a40.jpg,False,540,4928,0,0.63782,2134,3,540
clean_white,1.0,1.0,1.0,0.0,p_6a1f0952a621b.jpg,False,540,4929,0,0.75032,2134,6,540
clean_white,1.0,0.99184,0.99077,0.0,p_6a1f0953ec0ba.jpg,False,540,4930,1,0.79576,2135,1,540
clean_white,1.0,0.99169,0.99114,0.0,p_6a1f0953ec7d2.jpg,False,540,4931,0,0.63782,2135,3,540
clean_white,1.0,1.0,1.0,0.0,p_6a1f0953ece66.jpg,False,540,4932,0,0.75032,2135,6,540
clean_white,1.0,0.99184,0.99077,0.0,p_6a1f0954e9f9a.jpg,False,540,4933,1,0.79576,2136,1,540
clean_white,1.0,0.99169,0.99114,0.0,p_6a1f0954ea60b.jpg,False,540,4934,0,0.63782,2136,3,540
clean_white,1.0,1.0,1.0,0.0,p_6a1f0954eace6.jpg,False,540,4935,0,0.75032,2136,6,540
clean_white,1.0,0.94143,0.9282,0.0,p_6a1f0956eaf5a.jpg,False,540,4936,1,0.81791,2137,1,540
clean_white,1.0,0.99871,0.97574,0.0,p_6a1f0956eb643.jpg,False,540,4937,0,0.60463,2137,3,540
clean_white,1.0,0.9989,0.9986,0.0,p_6a1f0956ebc8d.jpg,False,540,4938,0,0.60597,2137,6,540
clean_white,1.0,0.99184,0.99077,0.0,p_6a1f0957eb0d5.jpg,False,540,4939,1,0.79576,2138,1,540
clean_white,1.0,0.99169,0.99114,0.0,p_6a1f0957eb774.jpg,False,540,4940,0,0.63782,2138,3,540
clean_white,1.0,1.0,1.0,0.0,p_6a1f0957ebde7.jpg,False,540,4941,0,0.75032,2138,6,540
clean_white,1.0,0.99184,0.99077,0.0,p_6a1f0958e467d.jpg,False,540,4942,1,0.79576,2139,1,540
clean_white,1.0,0.99169,0.99114,0.0,p_6a1f0958e4c6c.jpg,False,540,4943,0,0.63782,2139,3,540
clean_white,1.0,1.0,1.0,0.0,p_6a1f0958e5193.jpg,False,540,4944,0,0.75032,2139,6,540
clean_white,1.0,0.99184,0.99077,0.0,p_6a1f0959dc8fb.jpg,False,540,4945,1,0.79576,2140,1,540
clean_white,1.0,0.99169,0.99114,0.0,p_6a1f0959dcf5b.jpg,False,540,4946,0,0.63782,2140,3,540
clean_white,1.0,1.0,1.0,0.0,p_6a1f0959dd458.jpg,False,540,4947,0,0.75032,2140,6,540
clean_white,1.0,0.99184,0.99077,0.0,p_6a1f095ad4834.jpg,False,540,4948,1,0.79576,2141,1,540
clean_white,1.0,0.99169,0.99114,0.0,p_6a1f095ad4e15.jpg,False,540,4949,0,0.63782,2141,3,540
clean_white,1.0,1.0,1.0,0.0,p_6a1f095ad5383.jpg,False,540,4950,0,0.75032,2141,6,540
clean_white,1.0,0.99184,0.99077,0.0,p_6a1f095bcb347.jpg,False,540,4951,1,0.79576,2142,1,540
clean_white,1.0,0.99169,0.99114,0.0,p_6a1f095bcb9eb.jpg,False,540,4952,0,0.63782,2142,3,540
clean_white,1.0,1.0,1.0,0.0,p_6a1f095bcbf85.jpg,False,540,4953,0,0.75032,2142,6,540
clean_white,1.0,0.99184,0.99077,0.0,p_6a1f095cc2e95.jpg,False,540,4954,1,0.79576,2143,1,540
clean_white,1.0,0.99169,0.99114,0.0,p_6a1f095cc34de.jpg,False,540,4955,0,0.63782,2143,3,540
clean_white,1.0,1.0,1.0,0.0,p_6a1f095cc3a1b.jpg,False,540,4956,0,0.75032,2143,6,540
clean_white,1.0,0.99184,0.99077,0.0,p_6a1f095e1183b.jpg,False,540,4957,1,0.79576,2144,1,540
clean_white,1.0,0.99169,0.99114,0.0,p_6a1f095e11df9.jpg,False,540,4958,0,0.63782,2144,3,540
clean_white,1.0,1.0,1.0,0.0,p_6a1f095e125ad.jpg,False,540,4959,0,0.75032,2144,6,540
clean_white,1.0,0.99184,0.99077,0.0,p_6a1f095f0af2b.jpg,False,540,4960,1,0.79576,2145,1,540
clean_white,1.0,0.99169,0.99114,0.0,p_6a1f095f0b646.jpg,False,540,4961,0,0.63782,2145,3,540
clean_white,1.0,1.0,1.0,0.0,p_6a1f095f0bd14.jpg,False,540,4962,0,0.75032,2145,6,540
clean_white,1.0,0.99184,0.99077,0.0,p_6a1f09600a2d5.jpg,False,540,4963,1,0.79576,2146,1,540
clean_white,1.0,0.99169,0.99114,0.0,p_6a1f09600a9ea.jpg,False,540,4964,0,0.63782,2146,3,540
clean_white,1.0,1.0,1.0,0.0,p_6a1f09600b732.jpg,False,540,4965,0,0.75032,2146,6,540
clean_white,1.0,0.99184,0.99077,0.0,p_6a1f09610824a.jpg,False,540,4966,1,0.79576,2147,1,540
clean_white,1.0,0.99169,0.99114,0.0,p_6a1f096108834.jpg,False,540,4967,0,0.63782,2147,3,540
clean_white,1.0,1.0,1.0,0.0,p_6a1f096108de6.jpg,False,540,4968,0,0.75032,2147,6,540
clean_white,1.0,0.99184,0.99077,0.0,p_6a1f0962042aa.jpg,False,540,4969,1,0.79576,2148,1,540
clean_white,1.0,0.99169,0.99114,0.0,p_6a1f0962048ea.jpg,False,540,4970,0,0.63782,2148,3,540
clean_white,1.0,1.0,1.0,0.0,p_6a1f096204fe6.jpg,False,540,4971,0,0.75032,2148,6,540
clean_white,1.0,0.99184,0.99077,0.0,p_6a1f0962f0dab.jpg,False,540,4972,1,0.79576,2149,1,540
clean_white,1.0,0.99169,0.99114,0.0,p_6a1f0962f1520.jpg,False,540,4973,0,0.63782,2149,3,540
clean_white,1.0,1.0,1.0,0.0,p_6a1f0962f1b39.jpg,False,540,4974,0,0.75032,2149,6,540
clean_white,1.0,1.0,1.0,0.0,p_6a1f0964f0c7c.jpg,False,540,4975,1,0.863,2150,1,540
review_white,1.0,0.88408,0.88173,0.0,p_6a1f0964f12c7.jpg,False,540,4976,0,0.63848,2150,3,540
clean_white,1.0,1.0,1.0,0.0,p_6a1f0964f1a4d.jpg,False,540,4977,0,0.70267,2150,6,540
clean_white,1.0,0.99184,0.99077,0.0,p_6a1f0965e5058.jpg,False,540,4978,1,0.79576,2151,1,540
clean_white,1.0,0.99169,0.99114,0.0,p_6a1f0965e5580.jpg,False,540,4979,0,0.63782,2151,3,540
clean_white,1.0,1.0,1.0,0.0,p_6a1f0965e5b7a.jpg,False,540,4980,0,0.75032,2151,6,540
clean_white,1.0,0.99184,0.99077,0.0,p_6a1f0966de32c.jpg,False,540,4981,1,0.79576,2152,1,540
clean_white,1.0,0.99169,0.99114,0.0,p_6a1f0966de9f1.jpg,False,540,4982,0,0.63782,2152,3,540
clean_white,1.0,1.0,1.0,0.0,p_6a1f0966df0ac.jpg,False,540,4983,0,0.75032,2152,6,540
clean_white,1.0,0.99184,0.99077,0.0,p_6a1f096842e45.jpg,False,540,4984,1,0.79576,2153,1,540
clean_white,1.0,0.99169,0.99114,0.0,p_6a1f0968433d0.jpg,False,540,4985,0,0.63782,2153,3,540
clean_white,1.0,1.0,1.0,0.0,p_6a1f096843a23.jpg,False,540,4986,0,0.75032,2153,6,540
clean_white,1.0,0.99184,0.99077,0.0,p_6a1f096941252.jpg,False,540,4987,1,0.79576,2154,1,540
clean_white,1.0,0.99169,0.99114,0.0,p_6a1f09694181b.jpg,False,540,4988,0,0.63782,2154,3,540
clean_white,1.0,1.0,1.0,0.0,p_6a1f096941d42.jpg,False,540,4989,0,0.75032,2154,6,540
clean_white,1.0,0.99184,0.99077,0.0,p_6a1f096a3faaa.jpg,False,540,4990,1,0.79576,2155,1,540
clean_white,1.0,0.99169,0.99114,0.0,p_6a1f096a4025e.jpg,False,540,4991,0,0.63782,2155,3,540
clean_white,1.0,1.0,1.0,0.0,p_6a1f096a409d4.jpg,False,540,4992,0,0.75032,2155,6,540
clean_white,1.0,0.99184,0.99077,0.0,p_6a1f096b5c1b3.jpg,False,540,4993,1,0.79576,2156,1,540
clean_white,1.0,0.99169,0.99114,0.0,p_6a1f096b5c7e6.jpg,False,540,4994,0,0.63782,2156,3,540
clean_white,1.0,1.0,1.0,0.0,p_6a1f096b5cde1.jpg,False,540,4995,0,0.75032,2156,6,540
clean_white,1.0,0.99184,0.99077,0.0,p_6a1f096c59e2f.jpg,False,540,4996,1,0.79576,2157,1,540
clean_white,1.0,0.99169,0.99114,0.0,p_6a1f096c5a443.jpg,False,540,4997,0,0.63782,2157,3,540
clean_white,1.0,1.0,1.0,0.0,p_6a1f096c5aac3.jpg,False,540,4998,0,0.75032,2157,6,540
clean_white,1.0,0.99184,0.99077,0.0,p_6a1f096d57357.jpg,False,540,4999,1,0.79576,2158,1,540
clean_white,1.0,0.99169,0.99114,0.0,p_6a1f096d57963.jpg,False,540,5000,0,0.63782,2158,3,540
clean_white,1.0,1.0,1.0,0.0,p_6a1f096d57f75.jpg,False,540,5001,0,0.75032,2158,6,540
clean_white,1.0,0.99184,0.99077,0.0,p_6a1f096ea400a.jpg,False,540,5002,1,0.79576,2159,1,540
clean_white,1.0,0.99169,0.99114,0.0,p_6a1f096ea4738.jpg,False,540,5003,0,0.63782,2159,3,540
clean_white,1.0,1.0,1.0,0.0,p_6a1f096ea4d01.jpg,False,540,5004,0,0.75032,2159,6,540
clean_white,1.0,0.99184,0.99077,0.0,p_6a1f096f9c3dd.jpg,False,540,5005,1,0.79576,2160,1,540
clean_white,1.0,0.99169,0.99114,0.0,p_6a1f096f9c99b.jpg,False,540,5006,0,0.63782,2160,3,540
clean_white,1.0,1.0,1.0,0.0,p_6a1f096f9cfe4.jpg,False,540,5007,0,0.75032,2160,6,540
clean_white,1.0,0.99184,0.99077,0.0,p_6a1f0970914cd.jpg,False,540,5008,1,0.79576,2161,1,540
clean_white,1.0,0.99169,0.99114,0.0,p_6a1f097091c35.jpg,False,540,5009,0,0.63782,2161,3,540
clean_white,1.0,1.0,1.0,0.0,p_6a1f097092322.jpg,False,540,5010,0,0.75032,2161,6,540
clean_white,1.0,0.99184,0.99077,0.0,p_6a1f0971f07e6.jpg,False,540,5011,1,0.79576,2162,1,540
clean_white,1.0,0.99169,0.99114,0.0,p_6a1f0971f0e9a.jpg,False,540,5012,0,0.63782,2162,3,540
clean_white,1.0,1.0,1.0,0.0,p_6a1f0971f1474.jpg,False,540,5013,0,0.75032,2162,6,540
clean_white,1.0,0.99184,0.99077,0.0,p_6a1f097304c70.jpg,False,540,5014,1,0.79576,2163,1,540
clean_white,1.0,0.99169,0.99114,0.0,p_6a1f0973052e5.jpg,False,540,5015,0,0.63782,2163,3,540
clean_white,1.0,1.0,1.0,0.0,p_6a1f097305979.jpg,False,540,5016,0,0.75032,2163,6,540
clean_white,1.0,0.99184,0.99077,0.0,p_6a1f0973ec26c.jpg,False,540,5017,1,0.79576,2164,1,540
clean_white,1.0,0.99169,0.99114,0.0,p_6a1f0973ec9b8.jpg,False,540,5018,0,0.63782,2164,3,540
clean_white,1.0,1.0,1.0,0.0,p_6a1f0973ed066.jpg,False,540,5019,0,0.75032,2164,6,540
clean_white,1.0,0.99184,0.99077,0.0,p_6a1f0974e4304.jpg,False,540,5020,1,0.79576,2165,1,540
clean_white,1.0,0.99169,0.99114,0.0,p_6a1f0974e512b.jpg,False,540,5021,0,0.63782,2165,3,540
clean_white,1.0,1.0,1.0,0.0,p_6a1f0974e5799.jpg,False,540,5022,0,0.75032,2165,6,540
clean_white,1.0,0.99184,0.99077,0.0,p_6a1f0975db7b9.jpg,False,540,5023,1,0.79576,2166,1,540
clean_white,1.0,0.99169,0.99114,0.0,p_6a1f0975dc1b5.jpg,False,540,5024,0,0.63782,2166,3,540
clean_white,1.0,1.0,1.0,0.0,p_6a1f0975dc80a.jpg,False,540,5025,0,0.75032,2166,6,540
clean_white,1.0,0.99184,0.99077,0.0,p_6a1f09776fc52.jpg,False,540,5026,1,0.79576,2167,1,540
clean_white,1.0,0.99169,0.99114,0.0,p_6a1f0977702f9.jpg,False,540,5027,0,0.63782,2167,3,540
clean_white,1.0,1.0,1.0,0.0,p_6a1f097770943.jpg,False,540,5028,0,0.75032,2167,6,540
clean_white,1.0,1.0,0.99577,0.0,p_6a1f097934670.jpg,False,540,5029,1,0.56187,2168,1,540
clean_white,1.0,0.98754,0.9868,0.0,p_6a1f097934c4c.jpg,False,540,5030,0,0.72202,2168,3,540
clean_white,1.0,0.96324,0.9486,0.0,p_6a1f097935130.jpg,False,540,5031,0,0.83039,2168,6,540
clean_white,1.0,1.0,0.99062,0.0,p_6a1f097b385e9.jpg,False,540,5032,1,0.62745,2169,1,540
clean_white,1.0,0.99974,0.99956,0.0,p_6a1f097b38d37.jpg,False,540,5033,0,0.60922,2169,3,540
clean_white,1.0,0.98699,0.9825,0.0,p_6a1f097b39452.jpg,False,540,5034,0,0.76281,2169,6,540
clean_white,1.0,0.99184,0.99077,0.0,p_6a1f097c31381.jpg,False,540,5035,1,0.79576,2170,1,540
clean_white,1.0,0.99169,0.99114,0.0,p_6a1f097c31e59.jpg,False,540,5036,0,0.63782,2170,3,540
clean_white,1.0,1.0,1.0,0.0,p_6a1f097c32472.jpg,False,540,5037,0,0.75032,2170,6,540
clean_white,1.0,0.99184,0.99077,0.0,p_6a1f097d67b92.jpg,False,540,5038,1,0.79576,2171,1,540
clean_white,1.0,0.99169,0.99114,0.0,p_6a1f097d6822b.jpg,False,540,5039,0,0.63782,2171,3,540
clean_white,1.0,1.0,1.0,0.0,p_6a1f097d688a3.jpg,False,540,5040,0,0.75032,2171,6,540
clean_white,1.0,0.99184,0.99077,0.0,p_6a1f097e6089d.jpg,False,540,5041,1,0.79576,2172,1,540
clean_white,1.0,0.99169,0.99114,0.0,p_6a1f097e610a2.jpg,False,540,5042,0,0.63782,2172,3,540
clean_white,1.0,1.0,1.0,0.0,p_6a1f097e6163a.jpg,False,540,5043,0,0.75032,2172,6,540
clean_white,1.0,0.99184,0.99077,0.0,p_6a1f097f5713a.jpg,False,540,5044,1,0.79576,2173,1,540
clean_white,1.0,0.99169,0.99114,0.0,p_6a1f097f5778c.jpg,False,540,5045,0,0.63782,2173,3,540
clean_white,1.0,1.0,1.0,0.0,p_6a1f097f57d57.jpg,False,540,5046,0,0.75032,2173,6,540
clean_white,1.0,0.96415,0.94831,0.0,p_6a1f0981da995.jpg,False,540,5047,1,0.83381,2174,1,540
review_white,1.0,0.86886,0.82353,0.0,p_6a1f0981dafb3.jpg,False,540,5048,0,0.57574,2174,3,540
clean_white,1.0,1.0,0.99577,0.0,p_6a1f0981db559.jpg,False,540,5049,0,0.86172,2174,6,540
clean_white,1.0,0.96415,0.94831,0.0,p_6a1f09838ef1e.jpg,False,540,5050,1,0.83381,2175,1,540
review_white,1.0,0.86886,0.82353,0.0,p_6a1f09838f56a.jpg,False,540,5051,0,0.57574,2175,3,540
clean_white,1.0,1.0,0.99577,0.0,p_6a1f09838fc07.jpg,False,540,5052,0,0.86172,2175,6,540
clean_white,1.0,0.99184,0.99077,0.0,p_6a1f098485b2e.jpg,False,540,5053,1,0.79576,2176,1,540
clean_white,1.0,0.99169,0.99114,0.0,p_6a1f0984861ee.jpg,False,540,5054,0,0.63782,2176,3,540
clean_white,1.0,1.0,1.0,0.0,p_6a1f0984869b1.jpg,False,540,5055,0,0.75032,2176,6,540
needs_background,1.0,0.77404,0.68978,0.0,p_6a1f0986d7b14.jpg,False,540,5056,1,0.36752,2177,1,540
review_white,1.0,0.89978,0.8954,0.0,p_6a1f0986d815a.jpg,False,540,5057,0,0.5816,2177,3,540
clean_white,1.0,1.0,1.0,0.0,p_6a1f0986d882e.jpg,False,540,5058,0,0.73282,2177,6,540
needs_background,1.0,0.77404,0.68978,0.0,p_6a1f0988d8df1.jpg,False,540,5059,1,0.36752,2178,1,540
review_white,1.0,0.89978,0.8954,0.0,p_6a1f0988d94e6.jpg,False,540,5060,0,0.5816,2178,3,540
clean_white,1.0,1.0,1.0,0.0,p_6a1f0988d9c55.jpg,False,540,5061,0,0.73282,2178,6,540
clean_white,1.0,0.99184,0.99077,0.0,p_6a1f0989d2ab8.jpg,False,540,5062,1,0.79576,2179,1,540
clean_white,1.0,0.99169,0.99114,0.0,p_6a1f0989d3193.jpg,False,540,5063,0,0.63782,2179,3,540
clean_white,1.0,1.0,1.0,0.0,p_6a1f0989d39fe.jpg,False,540,5064,0,0.75032,2179,6,540
clean_white,1.0,0.99184,0.99077,0.0,p_6a1f098ac2fd8.jpg,False,540,5065,1,0.79576,2180,1,540
clean_white,1.0,0.99169,0.99114,0.0,p_6a1f098ac3660.jpg,False,540,5066,0,0.63782,2180,3,540
clean_white,1.0,1.0,1.0,0.0,p_6a1f098ac3c9c.jpg,False,540,5067,0,0.75032,2180,6,540
clean_white,1.0,0.97882,0.88415,0.0,p_6a1f098cca1e0.jpg,False,540,5068,1,0.51163,2181,1,540
clean_white,1.0,0.98754,0.9868,0.0,p_6a1f098cca913.jpg,False,540,5069,0,0.70488,2181,3,540
clean_white,1.0,0.95081,0.93699,0.0,p_6a1f098ccaef4.jpg,False,540,5070,0,0.83667,2181,6,540
clean_white,1.0,0.99184,0.99077,0.0,p_6a1f098dbe66e.jpg,False,540,5071,1,0.79576,2182,1,540
clean_white,1.0,0.99169,0.99114,0.0,p_6a1f098dbec9e.jpg,False,540,5072,0,0.63782,2182,3,540
clean_white,1.0,1.0,1.0,0.0,p_6a1f098dbf376.jpg,False,540,5073,0,0.75032,2182,6,540
clean_white,1.0,0.99184,0.99077,0.0,p_6a1f098eb7f0e.jpg,False,540,5074,1,0.79576,2183,1,540
clean_white,1.0,0.99169,0.99114,0.0,p_6a1f098eb85c3.jpg,False,540,5075,0,0.63782,2183,3,540
clean_white,1.0,1.0,1.0,0.0,p_6a1f098eb8c19.jpg,False,540,5076,0,0.75032,2183,6,540
clean_white,1.0,0.97882,0.88415,0.0,p_6a1f0990198ca.jpg,False,540,5077,1,0.51163,2184,1,540
clean_white,1.0,0.98754,0.9868,0.0,p_6a1f09901a011.jpg,False,540,5078,0,0.70488,2184,3,540
clean_white,1.0,0.95081,0.93699,0.0,p_6a1f09901a6e3.jpg,False,540,5079,0,0.83667,2184,6,540
clean_white,1.0,0.99184,0.99077,0.0,p_6a1f099113911.jpg,False,540,5080,1,0.79576,2185,1,540
clean_white,1.0,0.99169,0.99114,0.0,p_6a1f099113fdc.jpg,False,540,5081,0,0.63782,2185,3,540
clean_white,1.0,1.0,1.0,0.0,p_6a1f099114607.jpg,False,540,5082,0,0.75032,2185,6,540
clean_white,1.0,0.99184,0.99077,0.0,p_6a1f09920a07f.jpg,False,540,5083,1,0.79576,2186,1,540
clean_white,1.0,0.99169,0.99114,0.0,p_6a1f09920a9b2.jpg,False,540,5084,0,0.63782,2186,3,540
clean_white,1.0,1.0,1.0,0.0,p_6a1f09920b1b0.jpg,False,540,5085,0,0.75032,2186,6,540
clean_white,1.0,0.99184,0.99077,0.0,p_6a1f0992f3249.jpg,False,540,5086,1,0.79576,2187,1,540
clean_white,1.0,0.99169,0.99114,0.0,p_6a1f0992f38e8.jpg,False,540,5087,0,0.63782,2187,3,540
clean_white,1.0,1.0,1.0,0.0,p_6a1f0992f3ee0.jpg,False,540,5088,0,0.75032,2187,6,540
clean_white,1.0,1.0,1.0,0.0,p_6a1f0994cb3d8.jpg,False,540,5089,1,0.74552,2188,1,540
clean_white,1.0,0.99794,0.99735,0.0,p_6a1f0994cb9f9.jpg,False,540,5090,0,0.84941,2188,3,540
clean_white,1.0,1.0,1.0,0.0,p_6a1f0994cbff0.jpg,False,540,5091,0,0.8673,2188,6,540
clean_white,1.0,0.99184,0.99077,0.0,p_6a1f099621e44.jpg,False,540,5092,1,0.79576,2189,1,540
clean_white,1.0,0.99169,0.99114,0.0,p_6a1f099622525.jpg,False,540,5093,0,0.63782,2189,3,540
clean_white,1.0,1.0,1.0,0.0,p_6a1f099622bf2.jpg,False,540,5094,0,0.75032,2189,6,540
clean_white,1.0,0.99184,0.99077,0.0,p_6a1f09971b6c3.jpg,False,540,5095,1,0.79576,2190,1,540
clean_white,1.0,0.99169,0.99114,0.0,p_6a1f09971bddc.jpg,False,540,5096,0,0.63782,2190,3,540
clean_white,1.0,1.0,1.0,0.0,p_6a1f09971c480.jpg,False,540,5097,0,0.75032,2190,6,540
clean_white,1.0,0.99184,0.99077,0.0,p_6a1f099810a27.jpg,False,540,5098,1,0.79576,2191,1,540
clean_white,1.0,0.99169,0.99114,0.0,p_6a1f0998110bb.jpg,False,540,5099,0,0.63782,2191,3,540
clean_white,1.0,1.0,1.0,0.0,p_6a1f099811749.jpg,False,540,5100,0,0.75032,2191,6,540
clean_white,1.0,0.99184,0.99077,0.0,p_6a1f099908054.jpg,False,540,5101,1,0.79576,2192,1,540
clean_white,1.0,0.99169,0.99114,0.0,p_6a1f099908614.jpg,False,540,5102,0,0.63782,2192,3,540
clean_white,1.0,1.0,1.0,0.0,p_6a1f099908c00.jpg,False,540,5103,0,0.75032,2192,6,540
clean_white,1.0,0.99184,0.99077,0.0,p_6a1f0999f2825.jpg,False,540,5104,1,0.79576,2193,1,540
clean_white,1.0,0.99169,0.99114,0.0,p_6a1f0999f2e1d.jpg,False,540,5105,0,0.63782,2193,3,540
clean_white,1.0,1.0,1.0,0.0,p_6a1f0999f33b9.jpg,False,540,5106,0,0.75032,2193,6,540
clean_white,1.0,0.99184,0.99077,0.0,p_6a1f099aec9b7.jpg,False,540,5107,1,0.79576,2194,1,540
clean_white,1.0,0.99169,0.99114,0.0,p_6a1f099aecf44.jpg,False,540,5108,0,0.63782,2194,3,540
clean_white,1.0,1.0,1.0,0.0,p_6a1f099aed652.jpg,False,540,5109,0,0.75032,2194,6,540
clean_white,1.0,0.99184,0.99077,0.0,p_6a1f099be817a.jpg,False,540,5110,1,0.79576,2195,1,540
clean_white,1.0,0.99169,0.99114,0.0,p_6a1f099be8908.jpg,False,540,5111,0,0.63782,2195,3,540
clean_white,1.0,1.0,1.0,0.0,p_6a1f099be8ee9.jpg,False,540,5112,0,0.75032,2195,6,540
clean_white,1.0,0.99184,0.99077,0.0,p_6a1f099cd8ae8.jpg,False,540,5113,1,0.79576,2196,1,540
clean_white,1.0,0.99169,0.99114,0.0,p_6a1f099cd918f.jpg,False,540,5114,0,0.63782,2196,3,540
clean_white,1.0,1.0,1.0,0.0,p_6a1f099cd9720.jpg,False,540,5115,0,0.75032,2196,6,540
clean_white,1.0,0.93963,0.8411,0.0,p_6a1f099f585f9.jpg,False,540,5116,1,0.52419,2197,1,540
clean_white,1.0,1.0,1.0,0.0,p_6a1f099f58bab.jpg,False,540,5117,0,0.85587,2197,3,540
clean_white,1.0,0.99629,0.9961,0.0,p_6a1f099f592a9.jpg,False,540,5118,0,0.72911,2197,6,540
clean_white,1.0,0.99184,0.99077,0.0,p_6a1f09a050c7d.jpg,False,540,5119,1,0.79576,2198,1,540
clean_white,1.0,0.99169,0.99114,0.0,p_6a1f09a0512f0.jpg,False,540,5120,0,0.63782,2198,3,540
clean_white,1.0,1.0,1.0,0.0,p_6a1f09a05198e.jpg,False,540,5121,0,0.75032,2198,6,540
clean_white,1.0,0.99184,0.99077,0.0,p_6a1f09a1d5049.jpg,False,540,5122,1,0.79576,2199,1,540
clean_white,1.0,0.99169,0.99114,0.0,p_6a1f09a1d55da.jpg,False,540,5123,0,0.63782,2199,3,540
clean_white,1.0,1.0,1.0,0.0,p_6a1f09a1d5b6b.jpg,False,540,5124,0,0.75032,2199,6,540
clean_white,1.0,0.99184,0.99077,0.0,p_6a1f09a34017a.jpg,False,540,5125,1,0.79576,2200,1,540
clean_white,1.0,0.99169,0.99114,0.0,p_6a1f09a34085b.jpg,False,540,5126,0,0.63782,2200,3,540
clean_white,1.0,1.0,1.0,0.0,p_6a1f09a340ea0.jpg,False,540,5127,0,0.75032,2200,6,540
clean_white,1.0,1.0,1.0,0.0,p_6a1f09a52716a.jpg,False,540,5128,1,0.72975,2201,1,540
clean_white,1.0,1.0,1.0,0.0,p_6a1f09a527730.jpg,False,540,5129,0,0.66215,2201,3,540
clean_white,1.0,1.0,1.0,0.0,p_6a1f09a527da9.jpg,False,540,5130,0,0.87059,2201,6,540
clean_white,1.0,0.99184,0.99077,0.0,p_6a1f09a61d4db.jpg,False,540,5131,1,0.79576,2202,1,540
clean_white,1.0,0.99169,0.99114,0.0,p_6a1f09a61da45.jpg,False,540,5132,0,0.63782,2202,3,540
clean_white,1.0,1.0,1.0,0.0,p_6a1f09a61e0a5.jpg,False,540,5133,0,0.75032,2202,6,540
clean_white,1.0,0.95191,0.87562,0.0,p_6a1f09a8069d5.jpg,False,540,5134,1,0.44338,2203,1,540
clean_white,1.0,0.99941,0.99926,0.0,p_6a1f09a8070b1.jpg,False,540,5135,0,0.67498,2203,3,540
clean_white,1.0,0.98893,0.98798,0.0,p_6a1f09a8077c9.jpg,False,540,5136,0,0.63248,2203,6,540
clean_white,1.0,0.99184,0.99077,0.0,p_6a1f09a94e893.jpg,False,540,5137,1,0.79576,2204,1,540
clean_white,1.0,0.99169,0.99114,0.0,p_6a1f09a94ef7c.jpg,False,540,5138,0,0.63782,2204,3,540
clean_white,1.0,1.0,1.0,0.0,p_6a1f09a94faaf.jpg,False,540,5139,0,0.75032,2204,6,540
clean_white,1.0,0.97776,0.91493,0.0,p_6a1f09ab7faa0.jpg,False,540,5140,1,0.49465,2205,1,540
clean_white,1.0,0.96974,0.96599,0.0,p_6a1f09ab8016d.jpg,False,540,5141,0,0.59405,2205,3,540
clean_white,1.0,0.9886,0.98783,0.0,p_6a1f09ab80789.jpg,False,540,5142,0,0.62467,2205,6,540
clean_white,1.0,0.99184,0.99077,0.0,p_6a1f09ac76665.jpg,False,540,5143,1,0.79576,2206,1,540
clean_white,1.0,0.99169,0.99114,0.0,p_6a1f09ac77019.jpg,False,540,5144,0,0.63782,2206,3,540
clean_white,1.0,1.0,1.0,0.0,p_6a1f09ac775d4.jpg,False,540,5145,0,0.75032,2206,6,540
clean_white,1.0,0.99184,0.99077,0.0,p_6a1f09ad6b918.jpg,False,540,5146,1,0.79576,2207,1,540
clean_white,1.0,0.99169,0.99114,0.0,p_6a1f09ad6beb1.jpg,False,540,5147,0,0.63782,2207,3,540
clean_white,1.0,1.0,1.0,0.0,p_6a1f09ad6c394.jpg,False,540,5148,0,0.75032,2207,6,540
clean_white,1.0,0.99184,0.99077,0.0,p_6a1f09ae655f8.jpg,False,540,5149,1,0.79576,2208,1,540
clean_white,1.0,0.99169,0.99114,0.0,p_6a1f09ae65bbf.jpg,False,540,5150,0,0.63782,2208,3,540
clean_white,1.0,1.0,1.0,0.0,p_6a1f09ae660c9.jpg,False,540,5151,0,0.75032,2208,6,540
clean_white,1.0,0.99184,0.99077,0.0,p_6a1f09afefd43.jpg,False,540,5152,1,0.79576,2209,1,540
clean_white,1.0,0.99169,0.99114,0.0,p_6a1f09aff03b2.jpg,False,540,5153,0,0.63782,2209,3,540
clean_white,1.0,1.0,1.0,0.0,p_6a1f09aff09e0.jpg,False,540,5154,0,0.75032,2209,6,540
clean_white,1.0,0.9946,0.99309,0.0,p_6a1f09b1dbf69.jpg,False,540,5155,1,0.67897,2210,1,540
clean_white,1.0,1.0,1.0,0.0,p_6a1f09b1dc609.jpg,False,540,5156,0,0.88231,2210,3,540
clean_white,1.0,1.0,1.0,0.0,p_6a1f09b1dcd07.jpg,False,540,5157,0,0.7387,2210,6,540
clean_white,1.0,0.99184,0.99077,0.0,p_6a1f09b2daf2b.jpg,False,540,5158,1,0.79576,2211,1,540
clean_white,1.0,0.99169,0.99114,0.0,p_6a1f09b2db601.jpg,False,540,5159,0,0.63782,2211,3,540
clean_white,1.0,1.0,1.0,0.0,p_6a1f09b2dbc34.jpg,False,540,5160,0,0.75032,2211,6,540
review_white,1.0,0.92316,0.91574,0.0,p_6a1f09b546c19.jpg,False,540,5161,1,0.75734,2212,1,540
clean_white,1.0,0.99195,0.99154,0.0,p_6a1f09b5472be.jpg,False,540,5162,0,0.59337,2212,3,540
clean_white,1.0,0.95335,0.93713,0.0,p_6a1f09b54795b.jpg,False,540,5163,0,0.72139,2212,6,540
clean_white,1.0,0.99184,0.99077,0.0,p_6a1f09b63fb24.jpg,False,540,5164,1,0.79576,2213,1,540
clean_white,1.0,0.99169,0.99114,0.0,p_6a1f09b640351.jpg,False,540,5165,0,0.63782,2213,3,540
clean_white,1.0,1.0,1.0,0.0,p_6a1f09b64096a.jpg,False,540,5166,0,0.75032,2213,6,540
clean_white,1.0,1.0,1.0,0.0,p_6a1f09b812dc2.jpg,False,540,5167,1,0.72975,2214,1,540
clean_white,1.0,1.0,1.0,0.0,p_6a1f09b81334b.jpg,False,540,5168,0,0.66215,2214,3,540
clean_white,1.0,1.0,1.0,0.0,p_6a1f09b813955.jpg,False,540,5169,0,0.87059,2214,6,540
clean_white,1.0,1.0,0.95449,0.0,p_6a1f09ba30665.jpg,False,540,5170,1,0.59226,2215,1,540
clean_white,1.0,0.99004,0.98963,0.0,p_6a1f09ba30d4c.jpg,False,540,5171,0,0.51203,2215,3,540
review_white,1.0,0.92805,0.92592,0.0,p_6a1f09ba3130f.jpg,False,540,5172,0,0.64225,2215,6,540
clean_white,1.0,0.99184,0.99077,0.0,p_6a1f09bb2d0f3.jpg,False,540,5173,1,0.79576,2216,1,540
clean_white,1.0,0.99169,0.99114,0.0,p_6a1f09bb2d738.jpg,False,540,5174,0,0.63782,2216,3,540
clean_white,1.0,1.0,1.0,0.0,p_6a1f09bb2de10.jpg,False,540,5175,0,0.75032,2216,6,540
clean_white,1.0,0.99184,0.99077,0.0,p_6a1f09bdb0445.jpg,False,540,5176,1,0.79576,2218,1,540
clean_white,1.0,0.99169,0.99114,0.0,p_6a1f09bdb0917.jpg,False,540,5177,0,0.63782,2218,3,540
clean_white,1.0,1.0,1.0,0.0,p_6a1f09bdb0e2b.jpg,False,540,5178,0,0.75032,2218,6,540
clean_white,1.0,0.99184,0.99077,0.0,p_6a1f09bf0961f.jpg,False,540,5179,1,0.79576,2219,1,540
clean_white,1.0,0.99169,0.99114,0.0,p_6a1f09bf09cb1.jpg,False,540,5180,0,0.63782,2219,3,540
clean_white,1.0,1.0,1.0,0.0,p_6a1f09bf0a200.jpg,False,540,5181,0,0.75032,2219,6,540
clean_white,1.0,0.99184,0.99077,0.0,p_6a1f09bfefff2.jpg,False,540,5182,1,0.79576,2220,1,540
clean_white,1.0,0.99169,0.99114,0.0,p_6a1f09bff059d.jpg,False,540,5183,0,0.63782,2220,3,540
clean_white,1.0,1.0,1.0,0.0,p_6a1f09bff0bc4.jpg,False,540,5184,0,0.75032,2220,6,540
clean_white,1.0,1.0,1.0,0.0,p_6a1f09c218313.jpg,False,540,5185,1,0.76337,2221,1,540
review_white,1.0,0.8971,0.8871,0.0,p_6a1f09c2188c4.jpg,False,540,5186,0,0.66101,2221,3,540
review_white,1.0,0.81846,0.78125,0.0,p_6a1f09c218e9f.jpg,False,540,5187,0,0.37722,2221,6,540
clean_white,1.0,0.99184,0.99077,0.0,p_6a1f09c310648.jpg,False,540,5188,1,0.79576,2222,1,540
clean_white,1.0,0.99169,0.99114,0.0,p_6a1f09c310dd5.jpg,False,540,5189,0,0.63782,2222,3,540
clean_white,1.0,1.0,1.0,0.0,p_6a1f09c3113b1.jpg,False,540,5190,0,0.75032,2222,6,540
clean_white,1.0,1.0,1.0,0.0,p_6a1f09c4a3708.jpg,False,540,5191,1,0.76337,2223,1,540
review_white,1.0,0.8971,0.8871,0.0,p_6a1f09c4a3d68.jpg,False,540,5192,0,0.66101,2223,3,540
review_white,1.0,0.81846,0.78125,0.0,p_6a1f09c4a4311.jpg,False,540,5193,0,0.37722,2223,6,540
clean_white,1.0,0.99184,0.99077,0.0,p_6a1f09c595ad4.jpg,False,540,5194,1,0.79576,2224,1,540
clean_white,1.0,0.99169,0.99114,0.0,p_6a1f09c59616f.jpg,False,540,5195,0,0.63782,2224,3,540
clean_white,1.0,1.0,1.0,0.0,p_6a1f09c5967ce.jpg,False,540,5196,0,0.75032,2224,6,540
clean_white,1.0,0.99184,0.99077,0.0,p_6a1f09c6c6ca0.jpg,False,540,5197,1,0.79576,2225,1,540
clean_white,1.0,0.99169,0.99114,0.0,p_6a1f09c6c7264.jpg,False,540,5198,0,0.63782,2225,3,540
clean_white,1.0,1.0,1.0,0.0,p_6a1f09c6c84df.jpg,False,540,5199,0,0.75032,2225,6,540
clean_white,1.0,0.97246,0.93515,0.0,p_6a1f09c92d58f.jpg,False,540,5200,1,0.50531,2226,1,540
clean_white,1.0,1.0,1.0,0.0,p_6a1f09c92db57.jpg,False,540,5201,0,0.61519,2226,3,540
clean_white,1.0,1.0,1.0,0.0,p_6a1f09c92e12d.jpg,False,540,5202,0,0.72633,2226,6,540
clean_white,1.0,0.99184,0.99077,0.0,p_6a1f09ca2137d.jpg,False,540,5203,1,0.79576,2227,1,540
clean_white,1.0,0.99169,0.99114,0.0,p_6a1f09ca219ba.jpg,False,540,5204,0,0.63782,2227,3,540
clean_white,1.0,1.0,1.0,0.0,p_6a1f09ca21fd1.jpg,False,540,5205,0,0.75032,2227,6,540
clean_white,1.0,0.99184,0.99077,0.0,p_6a1f09cb1b604.jpg,False,540,5206,1,0.79576,2228,1,540
clean_white,1.0,0.99169,0.99114,0.0,p_6a1f09cb1bb5e.jpg,False,540,5207,0,0.63782,2228,3,540
clean_white,1.0,1.0,1.0,0.0,p_6a1f09cb1c12d.jpg,False,540,5208,0,0.75032,2228,6,540
clean_white,1.0,0.93963,0.8411,0.0,p_6a1f09cd07964.jpg,False,540,5209,1,0.52419,2229,1,540
clean_white,1.0,1.0,1.0,0.0,p_6a1f09cd07f3a.jpg,False,540,5210,0,0.85587,2229,3,540
clean_white,1.0,0.99629,0.9961,0.0,p_6a1f09cd08546.jpg,False,540,5211,0,0.72911,2229,6,540
clean_white,1.0,0.93721,0.93643,0.0,p_6a1f09ce62060.jpg,False,540,5212,1,0.52382,2230,1,540
clean_white,1.0,1.0,1.0,0.0,p_6a1f09ce6267d.jpg,False,540,5213,0,0.63819,2230,3,540
review_white,1.0,0.89993,0.89853,0.0,p_6a1f09ce62c19.jpg,False,540,5214,0,0.55247,2230,6,540
clean_white,1.0,0.93721,0.93643,0.0,p_6a1f09cf5937f.jpg,False,540,5215,1,0.52382,2231,1,540
clean_white,1.0,1.0,1.0,0.0,p_6a1f09cf5999e.jpg,False,540,5216,0,0.63819,2231,3,540
review_white,1.0,0.89993,0.89853,0.0,p_6a1f09cf59f6c.jpg,False,540,5217,0,0.55247,2231,6,540
clean_white,1.0,0.93721,0.93643,0.0,p_6a1f09d0e20d6.jpg,False,540,5218,1,0.52382,2232,1,540
clean_white,1.0,1.0,1.0,0.0,p_6a1f09d0e2776.jpg,False,540,5219,0,0.63819,2232,3,540
review_white,1.0,0.89993,0.89853,0.0,p_6a1f09d0e32a3.jpg,False,540,5220,0,0.55247,2232,6,540
clean_white,1.0,0.93721,0.93643,0.0,p_6a1f09d1ddad9.jpg,False,540,5221,1,0.52382,2233,1,540
clean_white,1.0,1.0,1.0,0.0,p_6a1f09d1de188.jpg,False,540,5222,0,0.63819,2233,3,540
review_white,1.0,0.89993,0.89853,0.0,p_6a1f09d1de96a.jpg,False,540,5223,0,0.55247,2233,6,540
clean_white,1.0,0.93721,0.93643,0.0,p_6a1f09d33613a.jpg,False,540,5224,1,0.52382,2234,1,540
clean_white,1.0,1.0,1.0,0.0,p_6a1f09d336786.jpg,False,540,5225,0,0.63819,2234,3,540
review_white,1.0,0.89993,0.89853,0.0,p_6a1f09d336d15.jpg,False,540,5226,0,0.55247,2234,6,540
clean_white,1.0,0.93721,0.93643,0.0,p_6a1f09d43b608.jpg,False,540,5227,1,0.52382,2235,1,540
clean_white,1.0,1.0,1.0,0.0,p_6a1f09d43bcbf.jpg,False,540,5228,0,0.63819,2235,3,540
review_white,1.0,0.89993,0.89853,0.0,p_6a1f09d43c2f9.jpg,False,540,5229,0,0.55247,2235,6,540
clean_white,1.0,0.93173,0.92952,0.0,p_6a1f09d659b01.jpg,False,540,5230,1,0.79937,2236,1,540
needs_background,0.47704,0.43213,0.1168,0.0,p_6a1f09d65a266.jpg,False,540,5231,0,0.19077,2236,3,540
clean_white,1.0,0.99915,0.99864,0.0,p_6a1f09d65a993.jpg,False,540,5232,0,0.52012,2236,6,540
clean_white,1.0,0.93173,0.92952,0.0,p_6a1f09d7e57f2.jpg,False,540,5233,1,0.79937,2237,1,540
needs_background,0.47704,0.43213,0.1168,0.0,p_6a1f09d7e6316.jpg,False,540,5234,0,0.19077,2237,3,540
clean_white,1.0,0.99915,0.99864,0.0,p_6a1f09d7e68ca.jpg,False,540,5235,0,0.52012,2237,6,540
clean_white,1.0,0.93721,0.93643,0.0,p_6a1f09d985ea5.jpg,False,540,5236,1,0.52382,2238,1,540
clean_white,1.0,1.0,1.0,0.0,p_6a1f09d98663b.jpg,False,540,5237,0,0.63819,2238,3,540
review_white,1.0,0.89993,0.89853,0.0,p_6a1f09d986c2e.jpg,False,540,5238,0,0.55247,2238,6,540
clean_white,1.0,0.93721,0.93643,0.0,p_6a1f09dac051d.jpg,False,540,5239,1,0.52382,2239,1,540
clean_white,1.0,1.0,1.0,0.0,p_6a1f09dac0ac7.jpg,False,540,5240,0,0.63819,2239,3,540
review_white,1.0,0.89993,0.89853,0.0,p_6a1f09dac103b.jpg,False,540,5241,0,0.55247,2239,6,540
clean_white,1.0,0.93721,0.93643,0.0,p_6a1f09dbbed71.jpg,False,540,5242,1,0.52382,2240,1,540
clean_white,1.0,1.0,1.0,0.0,p_6a1f09dbbf2b8.jpg,False,540,5243,0,0.63819,2240,3,540
review_white,1.0,0.89993,0.89853,0.0,p_6a1f09dbbfa33.jpg,False,540,5244,0,0.55247,2240,6,540
clean_white,1.0,0.93721,0.93643,0.0,p_6a1f09dd0224d.jpg,False,540,5245,1,0.52382,2241,1,540
clean_white,1.0,1.0,1.0,0.0,p_6a1f09dd028bb.jpg,False,540,5246,0,0.63819,2241,3,540
review_white,1.0,0.89993,0.89853,0.0,p_6a1f09dd02f1c.jpg,False,540,5247,0,0.55247,2241,6,540
clean_white,1.0,0.93721,0.93643,0.0,p_6a1f09ddf3625.jpg,False,540,5248,1,0.52382,2242,1,540
clean_white,1.0,1.0,1.0,0.0,p_6a1f09ddf3d47.jpg,False,540,5249,0,0.63819,2242,3,540
review_white,1.0,0.89993,0.89853,0.0,p_6a1f09de0014a.jpg,False,540,5250,0,0.55247,2242,6,540
clean_white,1.0,0.93721,0.93643,0.0,p_6a1f09deefe1f.jpg,False,540,5251,1,0.52382,2243,1,540
clean_white,1.0,1.0,1.0,0.0,p_6a1f09def050d.jpg,False,540,5252,0,0.63819,2243,3,540
review_white,1.0,0.89993,0.89853,0.0,p_6a1f09def0ad2.jpg,False,540,5253,0,0.55247,2243,6,540
clean_white,1.0,0.93721,0.93643,0.0,p_6a1f09e07cb9e.jpg,False,540,5254,1,0.52382,2244,1,540
clean_white,1.0,1.0,1.0,0.0,p_6a1f09e07d220.jpg,False,540,5255,0,0.63819,2244,3,540
review_white,1.0,0.89993,0.89853,0.0,p_6a1f09e07d84d.jpg,False,540,5256,0,0.55247,2244,6,540
clean_white,1.0,0.93721,0.93643,0.0,p_6a1f09e17342e.jpg,False,540,5257,1,0.52382,2245,1,540
clean_white,1.0,1.0,1.0,0.0,p_6a1f09e1739cd.jpg,False,540,5258,0,0.63819,2245,3,540
review_white,1.0,0.89993,0.89853,0.0,p_6a1f09e173f93.jpg,False,540,5259,0,0.55247,2245,6,540
clean_white,1.0,0.93721,0.93643,0.0,p_6a1f09e26da69.jpg,False,540,5260,1,0.52382,2246,1,540
clean_white,1.0,1.0,1.0,0.0,p_6a1f09e26dffd.jpg,False,540,5261,0,0.63819,2246,3,540
review_white,1.0,0.89993,0.89853,0.0,p_6a1f09e26e4d3.jpg,False,540,5262,0,0.55247,2246,6,540
clean_white,1.0,0.93721,0.93643,0.0,p_6a1f09e367bf9.jpg,False,540,5263,1,0.52382,2247,1,540
clean_white,1.0,1.0,1.0,0.0,p_6a1f09e368749.jpg,False,540,5264,0,0.63819,2247,3,540
review_white,1.0,0.89993,0.89853,0.0,p_6a1f09e368c63.jpg,False,540,5265,0,0.55247,2247,6,540
clean_white,1.0,0.93721,0.93643,0.0,p_6a1f09e462821.jpg,False,540,5266,1,0.52382,2248,1,540
clean_white,1.0,1.0,1.0,0.0,p_6a1f09e462eb6.jpg,False,540,5267,0,0.63819,2248,3,540
review_white,1.0,0.89993,0.89853,0.0,p_6a1f09e46353d.jpg,False,540,5268,0,0.55247,2248,6,540
clean_white,1.0,0.93721,0.93643,0.0,p_6a1f09e5b0c4e.jpg,False,540,5269,1,0.52382,2249,1,540
clean_white,1.0,1.0,1.0,0.0,p_6a1f09e5b1344.jpg,False,540,5270,0,0.63819,2249,3,540
review_white,1.0,0.89993,0.89853,0.0,p_6a1f09e5b19c9.jpg,False,540,5271,0,0.55247,2249,6,540
clean_white,1.0,0.93721,0.93643,0.0,p_6a1f09e6a674f.jpg,False,540,5272,1,0.52382,2250,1,540
clean_white,1.0,1.0,1.0,0.0,p_6a1f09e6a6c48.jpg,False,540,5273,0,0.63819,2250,3,540
review_white,1.0,0.89993,0.89853,0.0,p_6a1f09e6a70c9.jpg,False,540,5274,0,0.55247,2250,6,540
clean_white,1.0,0.93721,0.93643,0.0,p_6a1f09e7a713f.jpg,False,540,5275,1,0.52382,2251,1,540
clean_white,1.0,1.0,1.0,0.0,p_6a1f09e7a7801.jpg,False,540,5276,0,0.63819,2251,3,540
review_white,1.0,0.89993,0.89853,0.0,p_6a1f09e7a7e2d.jpg,False,540,5277,0,0.55247,2251,6,540
clean_white,1.0,0.93721,0.93643,0.0,p_6a1f09e8a0496.jpg,False,540,5278,1,0.52382,2252,1,540
clean_white,1.0,1.0,1.0,0.0,p_6a1f09e8a0ba5.jpg,False,540,5279,0,0.63819,2252,3,540
review_white,1.0,0.89993,0.89853,0.0,p_6a1f09e8a148f.jpg,False,540,5280,0,0.55247,2252,6,540
clean_white,1.0,0.93721,0.93643,0.0,p_6a1f09ea83b98.jpg,False,540,5281,1,0.52382,2253,1,540
clean_white,1.0,1.0,1.0,0.0,p_6a1f09ea841af.jpg,False,540,5282,0,0.63819,2253,3,540
review_white,1.0,0.89993,0.89853,0.0,p_6a1f09ea84822.jpg,False,540,5283,0,0.55247,2253,6,540
clean_white,1.0,0.93721,0.93643,0.0,p_6a1f09eb7d9c3.jpg,False,540,5284,1,0.52382,2254,1,540
clean_white,1.0,1.0,1.0,0.0,p_6a1f09eb7e056.jpg,False,540,5285,0,0.63819,2254,3,540
review_white,1.0,0.89993,0.89853,0.0,p_6a1f09eb7e6a9.jpg,False,540,5286,0,0.55247,2254,6,540
clean_white,1.0,0.93721,0.93643,0.0,p_6a1f09ec77934.jpg,False,540,5287,1,0.52382,2255,1,540
clean_white,1.0,1.0,1.0,0.0,p_6a1f09ec77e43.jpg,False,540,5288,0,0.63819,2255,3,540
review_white,1.0,0.89993,0.89853,0.0,p_6a1f09ec783fe.jpg,False,540,5289,0,0.55247,2255,6,540
clean_white,1.0,0.93721,0.93643,0.0,p_6a1f09ed6cab7.jpg,False,540,5290,1,0.52382,2256,1,540
clean_white,1.0,1.0,1.0,0.0,p_6a1f09ed6d00f.jpg,False,540,5291,0,0.63819,2256,3,540
review_white,1.0,0.89993,0.89853,0.0,p_6a1f09ed6d5ef.jpg,False,540,5292,0,0.55247,2256,6,540
clean_white,1.0,0.93721,0.93643,0.0,p_6a1f09ee66ef6.jpg,False,540,5293,1,0.52382,2257,1,540
clean_white,1.0,1.0,1.0,0.0,p_6a1f09ee675a2.jpg,False,540,5294,0,0.63819,2257,3,540
review_white,1.0,0.89993,0.89853,0.0,p_6a1f09ee67c8d.jpg,False,540,5295,0,0.55247,2257,6,540
clean_white,1.0,0.93721,0.93643,0.0,p_6a1f09ef61a88.jpg,False,540,5296,1,0.52382,2258,1,540
clean_white,1.0,1.0,1.0,0.0,p_6a1f09ef62129.jpg,False,540,5297,0,0.63819,2258,3,540
review_white,1.0,0.89993,0.89853,0.0,p_6a1f09ef627d8.jpg,False,540,5298,0,0.55247,2258,6,540
clean_white,1.0,0.93721,0.93643,0.0,p_6a1f09f0582ba.jpg,False,540,5299,1,0.52382,2259,1,540
clean_white,1.0,1.0,1.0,0.0,p_6a1f09f05897c.jpg,False,540,5300,0,0.63819,2259,3,540
review_white,1.0,0.89993,0.89853,0.0,p_6a1f09f058f53.jpg,False,540,5301,0,0.55247,2259,6,540
clean_white,1.0,0.93721,0.93643,0.0,p_6a1f09f1520da.jpg,False,540,5302,1,0.52382,2260,1,540
clean_white,1.0,1.0,1.0,0.0,p_6a1f09f1526f6.jpg,False,540,5303,0,0.63819,2260,3,540
review_white,1.0,0.89993,0.89853,0.0,p_6a1f09f152c2d.jpg,False,540,5304,0,0.55247,2260,6,540
clean_white,1.0,0.93721,0.93643,0.0,p_6a1f09f24645a.jpg,False,540,5305,1,0.52382,2261,1,540
clean_white,1.0,1.0,1.0,0.0,p_6a1f09f24699b.jpg,False,540,5306,0,0.63819,2261,3,540
review_white,1.0,0.89993,0.89853,0.0,p_6a1f09f246eac.jpg,False,540,5307,0,0.55247,2261,6,540
clean_white,1.0,0.93721,0.93643,0.0,p_6a1f09f33e80e.jpg,False,540,5308,1,0.52382,2262,1,540
clean_white,1.0,1.0,1.0,0.0,p_6a1f09f33eec7.jpg,False,540,5309,0,0.63819,2262,3,540
review_white,1.0,0.89993,0.89853,0.0,p_6a1f09f33f565.jpg,False,540,5310,0,0.55247,2262,6,540
clean_white,1.0,0.93721,0.93643,0.0,p_6a1f09f4377bc.jpg,False,540,5311,1,0.52382,2263,1,540
clean_white,1.0,1.0,1.0,0.0,p_6a1f09f4384f3.jpg,False,540,5312,0,0.63819,2263,3,540
review_white,1.0,0.89993,0.89853,0.0,p_6a1f09f4390d1.jpg,False,540,5313,0,0.55247,2263,6,540
clean_white,1.0,0.93721,0.93643,0.0,p_6a1f09f5823ca.jpg,False,540,5314,1,0.52382,2264,1,540
clean_white,1.0,1.0,1.0,0.0,p_6a1f09f582a83.jpg,False,540,5315,0,0.63819,2264,3,540
review_white,1.0,0.89993,0.89853,0.0,p_6a1f09f583141.jpg,False,540,5316,0,0.55247,2264,6,540
clean_white,1.0,0.93721,0.93643,0.0,p_6a1f09f67c5ae.jpg,False,540,5317,1,0.52382,2265,1,540
clean_white,1.0,1.0,1.0,0.0,p_6a1f09f67cb7a.jpg,False,540,5318,0,0.63819,2265,3,540
review_white,1.0,0.89993,0.89853,0.0,p_6a1f09f67d173.jpg,False,540,5319,0,0.55247,2265,6,540
clean_white,1.0,0.975,0.97287,0.0,p_6a1f09f83a9bc.jpg,False,540,5320,1,0.63701,2266,1,540
clean_white,1.0,1.0,1.0,0.0,p_6a1f09f83b140.jpg,False,540,5321,0,0.70447,2266,3,540
clean_white,1.0,0.93279,0.93129,0.0,p_6a1f09f83b704.jpg,False,540,5322,0,0.53964,2266,6,540
clean_white,1.0,0.93721,0.93643,0.0,p_6a1f09f989912.jpg,False,540,5323,1,0.52382,2267,1,540
clean_white,1.0,1.0,1.0,0.0,p_6a1f09f989eae.jpg,False,540,5324,0,0.63819,2267,3,540
review_white,1.0,0.89993,0.89853,0.0,p_6a1f09f98acec.jpg,False,540,5325,0,0.55247,2267,6,540
clean_white,1.0,0.975,0.97287,0.0,p_6a1f09fb46ab4.jpg,False,540,5326,1,0.63701,2268,1,540
clean_white,1.0,1.0,1.0,0.0,p_6a1f09fb47111.jpg,False,540,5327,0,0.70447,2268,3,540
clean_white,1.0,0.93279,0.93129,0.0,p_6a1f09fb476a6.jpg,False,540,5328,0,0.53964,2268,6,540
clean_white,1.0,0.93721,0.93643,0.0,p_6a1f09fc4bb58.jpg,False,540,5329,1,0.52382,2269,1,540
clean_white,1.0,1.0,1.0,0.0,p_6a1f09fc4c0f1.jpg,False,540,5330,0,0.63819,2269,3,540
review_white,1.0,0.89993,0.89853,0.0,p_6a1f09fc4c693.jpg,False,540,5331,0,0.55247,2269,6,540
clean_white,1.0,0.93721,0.93643,0.0,p_6a1f09fd4b2b7.jpg,False,540,5332,1,0.52382,2270,1,540
clean_white,1.0,1.0,1.0,0.0,p_6a1f09fd4ba02.jpg,False,540,5333,0,0.63819,2270,3,540
review_white,1.0,0.89993,0.89853,0.0,p_6a1f09fd4bfdc.jpg,False,540,5334,0,0.55247,2270,6,540
clean_white,1.0,0.93721,0.93643,0.0,p_6a1f09fe4b5e6.jpg,False,540,5335,1,0.52382,2271,1,540
clean_white,1.0,1.0,1.0,0.0,p_6a1f09fe4bd18.jpg,False,540,5336,0,0.63819,2271,3,540
review_white,1.0,0.89993,0.89853,0.0,p_6a1f09fe4c4ef.jpg,False,540,5337,0,0.55247,2271,6,540
clean_white,1.0,0.93721,0.93643,0.0,p_6a1f09ff4c3d1.jpg,False,540,5338,1,0.52382,2272,1,540
clean_white,1.0,1.0,1.0,0.0,p_6a1f09ff4ca0b.jpg,False,540,5339,0,0.63819,2272,3,540
review_white,1.0,0.89993,0.89853,0.0,p_6a1f09ff4cfca.jpg,False,540,5340,0,0.55247,2272,6,540
clean_white,1.0,0.93721,0.93643,0.0,p_6a1f0a004d1a1.jpg,False,540,5341,1,0.52382,2273,1,540
clean_white,1.0,1.0,1.0,0.0,p_6a1f0a004d7c3.jpg,False,540,5342,0,0.63819,2273,3,540
review_white,1.0,0.89993,0.89853,0.0,p_6a1f0a004df2f.jpg,False,540,5343,0,0.55247,2273,6,540
clean_white,1.0,0.93721,0.93643,0.0,p_6a1f0a014af05.jpg,False,540,5344,1,0.52382,2274,1,540
clean_white,1.0,1.0,1.0,0.0,p_6a1f0a014b59f.jpg,False,540,5345,0,0.63819,2274,3,540
review_white,1.0,0.89993,0.89853,0.0,p_6a1f0a014bad9.jpg,False,540,5346,0,0.55247,2274,6,540
clean_white,1.0,0.93721,0.93643,0.0,p_6a1f0a0255dcd.jpg,False,540,5347,1,0.52382,2275,1,540
clean_white,1.0,1.0,1.0,0.0,p_6a1f0a0256390.jpg,False,540,5348,0,0.63819,2275,3,540
review_white,1.0,0.89993,0.89853,0.0,p_6a1f0a025695b.jpg,False,540,5349,0,0.55247,2275,6,540
clean_white,1.0,0.93721,0.93643,0.0,p_6a1f0a0358b02.jpg,False,540,5350,1,0.52382,2276,1,540
clean_white,1.0,1.0,1.0,0.0,p_6a1f0a0359298.jpg,False,540,5351,0,0.63819,2276,3,540
review_white,1.0,0.89993,0.89853,0.0,p_6a1f0a0359937.jpg,False,540,5352,0,0.55247,2276,6,540
clean_white,1.0,0.93721,0.93643,0.0,p_6a1f0a045b0b7.jpg,False,540,5353,1,0.52382,2277,1,540
clean_white,1.0,1.0,1.0,0.0,p_6a1f0a045b723.jpg,False,540,5354,0,0.63819,2277,3,540
review_white,1.0,0.89993,0.89853,0.0,p_6a1f0a045bcf5.jpg,False,540,5355,0,0.55247,2277,6,540
clean_white,1.0,1.0,1.0,0.0,p_6a1f0a0684255.jpg,False,540,5356,1,0.85174,2278,1,540
clean_white,1.0,1.0,1.0,0.0,p_6a1f0a06847d3.jpg,False,540,5357,0,0.7518,2278,3,540
clean_white,1.0,0.95585,0.9546,0.0,p_6a1f0a0684dda.jpg,False,540,5358,0,0.84651,2278,6,540
clean_white,1.0,0.93721,0.93643,0.0,p_6a1f0a085f158.jpg,False,540,5359,1,0.52382,2279,1,540
clean_white,1.0,1.0,1.0,0.0,p_6a1f0a085f6c3.jpg,False,540,5360,0,0.63819,2279,3,540
review_white,1.0,0.89993,0.89853,0.0,p_6a1f0a085fc8a.jpg,False,540,5361,0,0.55247,2279,6,540
clean_white,1.0,0.93721,0.93643,0.0,p_6a1f0a09a4c94.jpg,False,540,5362,1,0.52382,2280,1,540
clean_white,1.0,1.0,1.0,0.0,p_6a1f0a09a5377.jpg,False,540,5363,0,0.63819,2280,3,540
review_white,1.0,0.89993,0.89853,0.0,p_6a1f0a09a5a65.jpg,False,540,5364,0,0.55247,2280,6,540
clean_white,1.0,0.93721,0.93643,0.0,p_6a1f0a0aa5bc9.jpg,False,540,5365,1,0.52382,2281,1,540
clean_white,1.0,1.0,1.0,0.0,p_6a1f0a0aa633e.jpg,False,540,5366,0,0.63819,2281,3,540
review_white,1.0,0.89993,0.89853,0.0,p_6a1f0a0aa69a4.jpg,False,540,5367,0,0.55247,2281,6,540
clean_white,1.0,0.93721,0.93643,0.0,p_6a1f0a0bc8359.jpg,False,540,5368,1,0.52382,2282,1,540
clean_white,1.0,1.0,1.0,0.0,p_6a1f0a0bc89fe.jpg,False,540,5369,0,0.63819,2282,3,540
review_white,1.0,0.89993,0.89853,0.0,p_6a1f0a0bc9041.jpg,False,540,5370,0,0.55247,2282,6,540
clean_white,1.0,0.93956,0.93897,0.0,p_6a1f0a0dc65f0.jpg,False,540,5371,1,0.55232,2283,1,540
review_white,0.91088,0.98507,0.98371,0.0,p_6a1f0a0dc6b92.jpg,False,540,5372,0,0.64304,2283,3,540
clean_white,1.0,0.95526,0.95338,0.0,p_6a1f0a0dc7584.jpg,False,540,5373,0,0.84756,2283,6,540
clean_white,1.0,0.93956,0.93897,0.0,p_6a1f0a0f6dd1f.jpg,False,540,5374,1,0.55232,2284,1,540
review_white,0.91088,0.98507,0.98371,0.0,p_6a1f0a0f6e24b.jpg,False,540,5375,0,0.64304,2284,3,540
clean_white,1.0,0.95526,0.95338,0.0,p_6a1f0a0f6e7d2.jpg,False,540,5376,0,0.84756,2284,6,540
clean_white,1.0,0.93721,0.93643,0.0,p_6a1f0a1068e29.jpg,False,540,5377,1,0.52382,2285,1,540
clean_white,1.0,1.0,1.0,0.0,p_6a1f0a1069495.jpg,False,540,5378,0,0.63819,2285,3,540
review_white,1.0,0.89993,0.89853,0.0,p_6a1f0a1069a8a.jpg,False,540,5379,0,0.55247,2285,6,540
clean_white,1.0,0.93721,0.93643,0.0,p_6a1f0a1187787.jpg,False,540,5380,1,0.52382,2286,1,540
clean_white,1.0,1.0,1.0,0.0,p_6a1f0a1187da3.jpg,False,540,5381,0,0.63819,2286,3,540
review_white,1.0,0.89993,0.89853,0.0,p_6a1f0a118833c.jpg,False,540,5382,0,0.55247,2286,6,540
clean_white,1.0,1.0,1.0,0.0,p_6a1f0a1346fba.jpg,False,540,5383,1,0.74888,2287,1,540
clean_white,1.0,1.0,1.0,0.0,p_6a1f0a13475c2.jpg,False,540,5384,0,0.72039,2287,3,540
clean_white,1.0,1.0,1.0,0.0,p_6a1f0a1347b0a.jpg,False,540,5385,0,0.72044,2287,6,540
clean_white,1.0,0.93721,0.93643,0.0,p_6a1f0a14468d6.jpg,False,540,5386,1,0.52382,2288,1,540
clean_white,1.0,1.0,1.0,0.0,p_6a1f0a1446f1c.jpg,False,540,5387,0,0.63819,2288,3,540
review_white,1.0,0.89993,0.89853,0.0,p_6a1f0a1447554.jpg,False,540,5388,0,0.55247,2288,6,540
clean_white,1.0,1.0,1.0,0.0,p_6a1f0a15dad2b.jpg,False,540,5389,1,0.74888,2289,1,540
clean_white,1.0,1.0,1.0,0.0,p_6a1f0a15db313.jpg,False,540,5390,0,0.72039,2289,3,540
clean_white,1.0,1.0,1.0,0.0,p_6a1f0a15db91f.jpg,False,540,5391,0,0.72044,2289,6,540
clean_white,1.0,0.93721,0.93643,0.0,p_6a1f0a16d96db.jpg,False,540,5392,1,0.52382,2290,1,540
clean_white,1.0,1.0,1.0,0.0,p_6a1f0a16d9cb0.jpg,False,540,5393,0,0.63819,2290,3,540
review_white,1.0,0.89993,0.89853,0.0,p_6a1f0a16da2bf.jpg,False,540,5394,0,0.55247,2290,6,540
clean_white,1.0,0.93721,0.93643,0.0,p_6a1f0a17d8d2c.jpg,False,540,5395,1,0.52382,2291,1,540
clean_white,1.0,1.0,1.0,0.0,p_6a1f0a17d9307.jpg,False,540,5396,0,0.63819,2291,3,540
review_white,1.0,0.89993,0.89853,0.0,p_6a1f0a17d999b.jpg,False,540,5397,0,0.55247,2291,6,540
clean_white,1.0,0.93721,0.93643,0.0,p_6a1f0a18d4768.jpg,False,540,5398,1,0.52382,2292,1,540
clean_white,1.0,1.0,1.0,0.0,p_6a1f0a18d4e5a.jpg,False,540,5399,0,0.63819,2292,3,540
review_white,1.0,0.89993,0.89853,0.0,p_6a1f0a18d5492.jpg,False,540,5400,0,0.55247,2292,6,540
clean_white,1.0,0.93721,0.93643,0.0,p_6a1f0a19eac89.jpg,False,540,5401,1,0.52382,2293,1,540
clean_white,1.0,1.0,1.0,0.0,p_6a1f0a19eb37b.jpg,False,540,5402,0,0.63819,2293,3,540
review_white,1.0,0.89993,0.89853,0.0,p_6a1f0a19ebc42.jpg,False,540,5403,0,0.55247,2293,6,540
clean_white,1.0,1.0,1.0,0.0,p_6a1f0a1c36057.jpg,False,540,5404,1,0.92508,2294,1,540
clean_white,1.0,0.99033,0.98941,0.0,p_6a1f0a1c3661a.jpg,False,540,5405,0,0.8163,2294,3,540
clean_white,1.0,1.0,1.0,0.0,p_6a1f0a1c36d4c.jpg,False,540,5406,0,0.82264,2294,6,540
clean_white,1.0,0.93721,0.93643,0.0,p_6a1f0a1d98b41.jpg,False,540,5407,1,0.52382,2295,1,540
clean_white,1.0,1.0,1.0,0.0,p_6a1f0a1d991a3.jpg,False,540,5408,0,0.63819,2295,3,540
review_white,1.0,0.89993,0.89853,0.0,p_6a1f0a1d9988f.jpg,False,540,5409,0,0.55247,2295,6,540
clean_white,1.0,1.0,1.0,0.0,p_6a1f0a1f7b6d7.jpg,False,540,5410,1,0.89066,2296,1,540
clean_white,1.0,1.0,1.0,0.0,p_6a1f0a1f7bc6d.jpg,False,540,5411,0,0.96957,2296,3,540
clean_white,1.0,0.96018,0.95934,0.0,p_6a1f0a1f7c24c.jpg,False,540,5412,0,0.57043,2296,6,540
clean_white,1.0,0.93721,0.93643,0.0,p_6a1f0a20bc19c.jpg,False,540,5413,1,0.52382,2297,1,540
clean_white,1.0,1.0,1.0,0.0,p_6a1f0a20bc907.jpg,False,540,5414,0,0.63819,2297,3,540
review_white,1.0,0.89993,0.89853,0.0,p_6a1f0a20bd087.jpg,False,540,5415,0,0.55247,2297,6,540
clean_white,1.0,0.93721,0.93643,0.0,p_6a1f0a21bb654.jpg,False,540,5416,1,0.52382,2298,1,540
clean_white,1.0,1.0,1.0,0.0,p_6a1f0a21bbd53.jpg,False,540,5417,0,0.63819,2298,3,540
review_white,1.0,0.89993,0.89853,0.0,p_6a1f0a21bc480.jpg,False,540,5418,0,0.55247,2298,6,540
clean_white,1.0,0.93721,0.93643,0.0,p_6a1f0a22ba8c9.jpg,False,540,5419,1,0.52382,2299,1,540
clean_white,1.0,1.0,1.0,0.0,p_6a1f0a22baeba.jpg,False,540,5420,0,0.63819,2299,3,540
review_white,1.0,0.89993,0.89853,0.0,p_6a1f0a22bb4bb.jpg,False,540,5421,0,0.55247,2299,6,540
clean_white,1.0,0.93721,0.93643,0.0,p_6a1f0a23b8edc.jpg,False,540,5422,1,0.52382,2300,1,540
clean_white,1.0,1.0,1.0,0.0,p_6a1f0a23b9526.jpg,False,540,5423,0,0.63819,2300,3,540
review_white,1.0,0.89993,0.89853,0.0,p_6a1f0a23b9b2e.jpg,False,540,5424,0,0.55247,2300,6,540
clean_white,1.0,0.93721,0.93643,0.0,p_6a1f0a24b7249.jpg,False,540,5425,1,0.52382,2301,1,540
clean_white,1.0,1.0,1.0,0.0,p_6a1f0a24b78d1.jpg,False,540,5426,0,0.63819,2301,3,540
review_white,1.0,0.89993,0.89853,0.0,p_6a1f0a24b7f9e.jpg,False,540,5427,0,0.55247,2301,6,540
clean_white,1.0,0.93721,0.93643,0.0,p_6a1f0a25b2bb2.jpg,False,540,5428,1,0.52382,2302,1,540
clean_white,1.0,1.0,1.0,0.0,p_6a1f0a25b314d.jpg,False,540,5429,0,0.63819,2302,3,540
review_white,1.0,0.89993,0.89853,0.0,p_6a1f0a25b35e2.jpg,False,540,5430,0,0.55247,2302,6,540
clean_white,1.0,0.93721,0.93643,0.0,p_6a1f0a26adada.jpg,False,540,5431,1,0.52382,2303,1,540
clean_white,1.0,1.0,1.0,0.0,p_6a1f0a26ae0d6.jpg,False,540,5432,0,0.63819,2303,3,540
review_white,1.0,0.89993,0.89853,0.0,p_6a1f0a26ae5b5.jpg,False,540,5433,0,0.55247,2303,6,540
clean_white,1.0,0.93721,0.93643,0.0,p_6a1f0a27c3bcf.jpg,False,540,5434,1,0.52382,2304,1,540
clean_white,1.0,1.0,1.0,0.0,p_6a1f0a27c41ff.jpg,False,540,5435,0,0.63819,2304,3,540
review_white,1.0,0.89993,0.89853,0.0,p_6a1f0a27c48ef.jpg,False,540,5436,0,0.55247,2304,6,540
clean_white,1.0,0.93721,0.93643,0.0,p_6a1f0a290cc3a.jpg,False,540,5437,1,0.52382,2305,1,540
clean_white,1.0,1.0,1.0,0.0,p_6a1f0a290d30c.jpg,False,540,5438,0,0.63819,2305,3,540
review_white,1.0,0.89993,0.89853,0.0,p_6a1f0a290da1e.jpg,False,540,5439,0,0.55247,2305,6,540
clean_white,1.0,0.93721,0.93643,0.0,p_6a1f0a2a084b0.jpg,False,540,5440,1,0.52382,2306,1,540
clean_white,1.0,1.0,1.0,0.0,p_6a1f0a2a08b55.jpg,False,540,5441,0,0.63819,2306,3,540
review_white,1.0,0.89993,0.89853,0.0,p_6a1f0a2a090df.jpg,False,540,5442,0,0.55247,2306,6,540
clean_white,1.0,0.93721,0.93643,0.0,p_6a1f0a2b4b512.jpg,False,540,5443,1,0.52382,2307,1,540
clean_white,1.0,1.0,1.0,0.0,p_6a1f0a2b4bd03.jpg,False,540,5444,0,0.63819,2307,3,540
review_white,1.0,0.89993,0.89853,0.0,p_6a1f0a2b4c3c9.jpg,False,540,5445,0,0.55247,2307,6,540
clean_white,1.0,0.99184,0.99077,0.0,p_6a1f0a2c48efa.jpg,False,540,5446,1,0.79576,2308,1,540
clean_white,1.0,0.99169,0.99114,0.0,p_6a1f0a2c495f9.jpg,False,540,5447,0,0.63782,2308,3,540
clean_white,1.0,1.0,1.0,0.0,p_6a1f0a2c49c4c.jpg,False,540,5448,0,0.75032,2308,6,540
clean_white,1.0,0.99184,0.99077,0.0,p_6a1f0a2d988c8.jpg,False,540,5449,1,0.79576,2309,1,540
clean_white,1.0,0.99169,0.99114,0.0,p_6a1f0a2d98f48.jpg,False,540,5450,0,0.63782,2309,3,540
clean_white,1.0,1.0,1.0,0.0,p_6a1f0a2d9958c.jpg,False,540,5451,0,0.75032,2309,6,540
clean_white,1.0,0.99184,0.99077,0.0,p_6a1f0a2e91ba1.jpg,False,540,5452,1,0.79576,2310,1,540
clean_white,1.0,0.99169,0.99114,0.0,p_6a1f0a2e921c3.jpg,False,540,5453,0,0.63782,2310,3,540
clean_white,1.0,1.0,1.0,0.0,p_6a1f0a2e9280a.jpg,False,540,5454,0,0.75032,2310,6,540
clean_white,1.0,0.99184,0.99077,0.0,p_6a1f0a2f8bf9d.jpg,False,540,5455,1,0.79576,2311,1,540
clean_white,1.0,0.99169,0.99114,0.0,p_6a1f0a2f8c588.jpg,False,540,5456,0,0.63782,2311,3,540
clean_white,1.0,1.0,1.0,0.0,p_6a1f0a2f8cb24.jpg,False,540,5457,0,0.75032,2311,6,540
clean_white,1.0,0.99184,0.99077,0.0,p_6a1f0a30b025f.jpg,False,540,5458,1,0.79576,2312,1,540
clean_white,1.0,0.99169,0.99114,0.0,p_6a1f0a30b1288.jpg,False,540,5459,0,0.63782,2312,3,540
clean_white,1.0,1.0,1.0,0.0,p_6a1f0a30b1f3b.jpg,False,540,5460,0,0.75032,2312,6,540
clean_white,1.0,0.99184,0.99077,0.0,p_6a1f0a324259d.jpg,False,540,5461,1,0.79576,2313,1,540
clean_white,1.0,0.99169,0.99114,0.0,p_6a1f0a3242cd2.jpg,False,540,5462,0,0.63782,2313,3,540
clean_white,1.0,1.0,1.0,0.0,p_6a1f0a324324d.jpg,False,540,5463,0,0.75032,2313,6,540
clean_white,1.0,0.99184,0.99077,0.0,p_6a1f0a3341382.jpg,False,540,5464,1,0.79576,2314,1,540
clean_white,1.0,0.99169,0.99114,0.0,p_6a1f0a3341ff0.jpg,False,540,5465,0,0.63782,2314,3,540
clean_white,1.0,1.0,1.0,0.0,p_6a1f0a3342646.jpg,False,540,5466,0,0.75032,2314,6,540
clean_white,1.0,0.99184,0.99077,0.0,p_6a1f0a34855e8.jpg,False,540,5467,1,0.79576,2315,1,540
clean_white,1.0,0.99169,0.99114,0.0,p_6a1f0a3485c51.jpg,False,540,5468,0,0.63782,2315,3,540
clean_white,1.0,1.0,1.0,0.0,p_6a1f0a3486272.jpg,False,540,5469,0,0.75032,2315,6,540
clean_white,1.0,0.99184,0.99077,0.0,p_6a1f0a357e481.jpg,False,540,5470,1,0.79576,2316,1,540
clean_white,1.0,0.99169,0.99114,0.0,p_6a1f0a357eabc.jpg,False,540,5471,0,0.63782,2316,3,540
clean_white,1.0,1.0,1.0,0.0,p_6a1f0a357f0de.jpg,False,540,5472,0,0.75032,2316,6,540
clean_white,1.0,0.99184,0.99077,0.0,p_6a1f0a367511f.jpg,False,540,5473,1,0.79576,2317,1,540
clean_white,1.0,0.99169,0.99114,0.0,p_6a1f0a3675806.jpg,False,540,5474,0,0.63782,2317,3,540
clean_white,1.0,1.0,1.0,0.0,p_6a1f0a3675d79.jpg,False,540,5475,0,0.75032,2317,6,540
clean_white,1.0,0.99184,0.99077,0.0,p_6a1f0a3770231.jpg,False,540,5476,1,0.79576,2318,1,540
clean_white,1.0,0.99169,0.99114,0.0,p_6a1f0a3770767.jpg,False,540,5477,0,0.63782,2318,3,540
clean_white,1.0,1.0,1.0,0.0,p_6a1f0a3770d65.jpg,False,540,5478,0,0.75032,2318,6,540
clean_white,1.0,0.99184,0.99077,0.0,p_6a1f0a3867fde.jpg,False,540,5479,1,0.79576,2319,1,540
clean_white,1.0,0.99169,0.99114,0.0,p_6a1f0a386861e.jpg,False,540,5480,0,0.63782,2319,3,540
clean_white,1.0,1.0,1.0,0.0,p_6a1f0a3868c02.jpg,False,540,5481,0,0.75032,2319,6,540
clean_white,1.0,0.99184,0.99077,0.0,p_6a1f0a39628c9.jpg,False,540,5482,1,0.79576,2320,1,540
clean_white,1.0,0.99169,0.99114,0.0,p_6a1f0a3962fd4.jpg,False,540,5483,0,0.63782,2320,3,540
clean_white,1.0,1.0,1.0,0.0,p_6a1f0a3963671.jpg,False,540,5484,0,0.75032,2320,6,540
clean_white,1.0,0.99625,0.9961,0.0,p_6a1f0a3b89245.jpg,False,540,5485,1,0.79557,2321,1,540
clean_white,1.0,1.0,1.0,0.0,p_6a1f0a3b89a65.jpg,False,540,5486,0,0.73022,2321,3,540
needs_background,1.0,0.73316,0.73309,0.0,p_6a1f0a3b8a17a.jpg,False,540,5487,0,0.35617,2321,6,540
clean_white,1.0,0.99625,0.9961,0.0,p_6a1f0a3dbea7d.jpg,False,540,5488,1,0.81473,2322,1,540
clean_white,1.0,1.0,1.0,0.0,p_6a1f0a3dbf15a.jpg,False,540,5489,0,0.66211,2322,3,540
clean_white,1.0,1.0,1.0,0.0,p_6a1f0a3dbf787.jpg,False,540,5490,0,0.74789,2322,6,540
clean_white,1.0,0.99184,0.99077,0.0,p_6a1f0a3eba52b.jpg,False,540,5491,1,0.79576,2323,1,540
clean_white,1.0,0.99169,0.99114,0.0,p_6a1f0a3ebab19.jpg,False,540,5492,0,0.63782,2323,3,540
clean_white,1.0,1.0,1.0,0.0,p_6a1f0a3ebb0a9.jpg,False,540,5493,0,0.75032,2323,6,540
clean_white,1.0,1.0,1.0,0.0,p_6a1f0a40a4701.jpg,False,540,5494,1,0.7479,2324,1,540
clean_white,1.0,0.99761,0.9971,0.0,p_6a1f0a40a4d79.jpg,False,540,5495,0,0.67033,2324,3,540
clean_white,1.0,1.0,1.0,0.0,p_6a1f0a40a53d3.jpg,False,540,5496,0,0.79734,2324,6,540
clean_white,1.0,0.99184,0.99077,0.0,p_6a1f0a419c22a.jpg,False,540,5497,1,0.79576,2325,1,540
clean_white,1.0,0.99169,0.99114,0.0,p_6a1f0a419c901.jpg,False,540,5498,0,0.63782,2325,3,540
clean_white,1.0,1.0,1.0,0.0,p_6a1f0a419cf72.jpg,False,540,5499,0,0.75032,2325,6,540
clean_white,1.0,0.99184,0.99077,0.0,p_6a1f0a42934cd.jpg,False,540,5500,1,0.79576,2326,1,540
clean_white,1.0,0.99169,0.99114,0.0,p_6a1f0a4293b4a.jpg,False,540,5501,0,0.63782,2326,3,540
clean_white,1.0,1.0,1.0,0.0,p_6a1f0a4294177.jpg,False,540,5502,0,0.75032,2326,6,540
clean_white,1.0,0.99184,0.99077,0.0,p_6a1f0a438b51d.jpg,False,540,5503,1,0.79576,2327,1,540
clean_white,1.0,0.99169,0.99114,0.0,p_6a1f0a438bb69.jpg,False,540,5504,0,0.63782,2327,3,540
clean_white,1.0,1.0,1.0,0.0,p_6a1f0a438c1d7.jpg,False,540,5505,0,0.75032,2327,6,540
clean_white,1.0,0.99184,0.99077,0.0,p_6a1f0a44aed9d.jpg,False,540,5506,1,0.79576,2328,1,540
clean_white,1.0,0.99169,0.99114,0.0,p_6a1f0a44af48a.jpg,False,540,5507,0,0.63782,2328,3,540
clean_white,1.0,1.0,1.0,0.0,p_6a1f0a44afb35.jpg,False,540,5508,0,0.75032,2328,6,540
clean_white,1.0,0.99184,0.99077,0.0,p_6a1f0a45bd500.jpg,False,540,5509,1,0.79576,2329,1,540
clean_white,1.0,0.99169,0.99114,0.0,p_6a1f0a45bdaa9.jpg,False,540,5510,0,0.63782,2329,3,540
clean_white,1.0,1.0,1.0,0.0,p_6a1f0a45bdfe5.jpg,False,540,5511,0,0.75032,2329,6,540
clean_white,1.0,0.99184,0.99077,0.0,p_6a1f0a46ee7e8.jpg,False,540,5512,1,0.79576,2330,1,540
clean_white,1.0,0.99169,0.99114,0.0,p_6a1f0a46eedf3.jpg,False,540,5513,0,0.63782,2330,3,540
clean_white,1.0,1.0,1.0,0.0,p_6a1f0a46ef39e.jpg,False,540,5514,0,0.75032,2330,6,540
clean_white,1.0,0.99184,0.99077,0.0,p_6a1f0a47e7b8b.jpg,False,540,5515,1,0.79576,2331,1,540
clean_white,1.0,0.99169,0.99114,0.0,p_6a1f0a47e8679.jpg,False,540,5516,0,0.63782,2331,3,540
clean_white,1.0,1.0,1.0,0.0,p_6a1f0a47e8e17.jpg,False,540,5517,0,0.75032,2331,6,540
review_white,1.0,0.86717,0.8143,0.0,p_6a1f0a4a269f1.jpg,False,540,5518,1,0.42918,2332,1,540
clean_white,1.0,1.0,1.0,0.0,p_6a1f0a4a27073.jpg,False,540,5519,0,0.74655,2332,3,540
clean_white,1.0,0.95974,0.95254,0.0,p_6a1f0a4a276d4.jpg,False,540,5520,0,0.72662,2332,6,540
clean_white,1.0,0.99184,0.99077,0.0,p_6a1f0a4b50872.jpg,False,540,5521,1,0.79576,2333,1,540
clean_white,1.0,0.99169,0.99114,0.0,p_6a1f0a4b50ea5.jpg,False,540,5522,0,0.63782,2333,3,540
clean_white,1.0,1.0,1.0,0.0,p_6a1f0a4b51428.jpg,False,540,5523,0,0.75032,2333,6,540
clean_white,1.0,0.99184,0.99077,0.0,p_6a1f0a4c66648.jpg,False,540,5524,1,0.79576,2334,1,540
clean_white,1.0,0.99169,0.99114,0.0,p_6a1f0a4c66ca1.jpg,False,540,5525,0,0.63782,2334,3,540
clean_white,1.0,1.0,1.0,0.0,p_6a1f0a4c6716c.jpg,False,540,5526,0,0.75032,2334,6,540
clean_white,1.0,0.99184,0.99077,0.0,p_6a1f0a4d5e1d0.jpg,False,540,5527,1,0.79576,2335,1,540
clean_white,1.0,0.99169,0.99114,0.0,p_6a1f0a4d5e93f.jpg,False,540,5528,0,0.63782,2335,3,540
clean_white,1.0,1.0,1.0,0.0,p_6a1f0a4d5eee3.jpg,False,540,5529,0,0.75032,2335,6,540
clean_white,1.0,0.99184,0.99077,0.0,p_6a1f0a4ea0804.jpg,False,540,5530,1,0.79576,2336,1,540
clean_white,1.0,0.99169,0.99114,0.0,p_6a1f0a4ea0de1.jpg,False,540,5531,0,0.63782,2336,3,540
clean_white,1.0,1.0,1.0,0.0,p_6a1f0a4ea133d.jpg,False,540,5532,0,0.75032,2336,6,540
clean_white,1.0,1.0,1.0,0.0,p_6a1f0a4f9b0fd.jpg,False,540,5533,1,0.88428,2337,1,540
clean_white,1.0,1.0,1.0,0.0,p_6a1f0a4f9b8a5.jpg,False,540,5534,0,0.91756,2337,3,540
clean_white,1.0,1.0,1.0,0.0,p_6a1f0a4f9bee2.jpg,False,540,5535,0,0.97275,2337,6,540
clean_white,1.0,1.0,1.0,0.0,p_6a1f0a50ef55d.jpg,False,540,5536,1,0.88428,2338,1,540
clean_white,1.0,1.0,1.0,0.0,p_6a1f0a50efb8a.jpg,False,540,5537,0,0.91756,2338,3,540
clean_white,1.0,1.0,1.0,0.0,p_6a1f0a50f01a3.jpg,False,540,5538,0,0.97275,2338,6,540
clean_white,1.0,1.0,1.0,0.0,p_6a1f0a52c2c6a.jpg,False,540,5539,1,0.88428,2339,1,540
clean_white,1.0,1.0,1.0,0.0,p_6a1f0a52c324b.jpg,False,540,5540,0,0.91756,2339,3,540
clean_white,1.0,1.0,1.0,0.0,p_6a1f0a52c3843.jpg,False,540,5541,0,0.97275,2339,6,540
clean_white,1.0,1.0,1.0,0.0,p_6a1f0a543f09f.jpg,False,540,5542,1,0.88428,2340,1,540
clean_white,1.0,1.0,1.0,0.0,p_6a1f0a543f7b5.jpg,False,540,5543,0,0.91756,2340,3,540
clean_white,1.0,1.0,1.0,0.0,p_6a1f0a543fe20.jpg,False,540,5544,0,0.97275,2340,6,540
clean_white,1.0,1.0,1.0,0.0,p_6a1f0a553522e.jpg,False,540,5545,1,0.88428,2341,1,540
clean_white,1.0,1.0,1.0,0.0,p_6a1f0a553585b.jpg,False,540,5546,0,0.91756,2341,3,540
clean_white,1.0,1.0,1.0,0.0,p_6a1f0a5535dca.jpg,False,540,5547,0,0.97275,2341,6,540
clean_white,1.0,1.0,1.0,0.0,p_6a1f0a562d05f.jpg,False,540,5548,1,0.88428,2342,1,540
clean_white,1.0,1.0,1.0,0.0,p_6a1f0a562ea50.jpg,False,540,5549,0,0.91756,2342,3,540
clean_white,1.0,1.0,1.0,0.0,p_6a1f0a562eef3.jpg,False,540,5550,0,0.97275,2342,6,540
clean_white,1.0,1.0,1.0,0.0,p_6a1f0a57256fd.jpg,False,540,5551,1,0.88428,2343,1,540
clean_white,1.0,1.0,1.0,0.0,p_6a1f0a5725d6f.jpg,False,540,5552,0,0.91756,2343,3,540
clean_white,1.0,1.0,1.0,0.0,p_6a1f0a57262ec.jpg,False,540,5553,0,0.97275,2343,6,540
clean_white,1.0,1.0,1.0,0.0,p_6a1f0a581b167.jpg,False,540,5554,1,0.88428,2344,1,540
clean_white,1.0,1.0,1.0,0.0,p_6a1f0a581b71c.jpg,False,540,5555,0,0.91756,2344,3,540
clean_white,1.0,1.0,1.0,0.0,p_6a1f0a581bc63.jpg,False,540,5556,0,0.97275,2344,6,540
clean_white,1.0,1.0,1.0,0.0,p_6a1f0a590f555.jpg,False,540,5557,1,0.88428,2345,1,540
clean_white,1.0,1.0,1.0,0.0,p_6a1f0a590fc86.jpg,False,540,5558,0,0.91756,2345,3,540
clean_white,1.0,1.0,1.0,0.0,p_6a1f0a59102b9.jpg,False,540,5559,0,0.97275,2345,6,540
clean_white,1.0,1.0,1.0,0.0,p_6a1f0a5a09086.jpg,False,540,5560,1,0.88428,2346,1,540
clean_white,1.0,1.0,1.0,0.0,p_6a1f0a5a09898.jpg,False,540,5561,0,0.91756,2346,3,540
clean_white,1.0,1.0,1.0,0.0,p_6a1f0a5a09e84.jpg,False,540,5562,0,0.97275,2346,6,540
clean_white,1.0,1.0,1.0,0.0,p_6a1f0a5b17e9c.jpg,False,540,5563,1,0.88428,2347,1,540
clean_white,1.0,1.0,1.0,0.0,p_6a1f0a5b184fd.jpg,False,540,5564,0,0.91756,2347,3,540
clean_white,1.0,1.0,1.0,0.0,p_6a1f0a5b18ae1.jpg,False,540,5565,0,0.97275,2347,6,540
clean_white,1.0,1.0,1.0,0.0,p_6a1f0a5c10022.jpg,False,540,5566,1,0.88428,2348,1,540
clean_white,1.0,1.0,1.0,0.0,p_6a1f0a5c1067d.jpg,False,540,5567,0,0.91756,2348,3,540
clean_white,1.0,1.0,1.0,0.0,p_6a1f0a5c10bd7.jpg,False,540,5568,0,0.97275,2348,6,540
clean_white,1.0,1.0,1.0,0.0,p_6a1f0a5dcb2bb.jpg,False,540,5569,1,0.84856,2349,1,540
clean_white,1.0,1.0,1.0,0.0,p_6a1f0a5dcb83f.jpg,False,540,5570,0,0.72563,2349,3,540
clean_white,1.0,1.0,1.0,0.0,p_6a1f0a5dcbd43.jpg,False,540,5571,0,0.89965,2349,6,540
clean_white,1.0,1.0,1.0,0.0,p_6a1f0a5ec15cc.jpg,False,540,5572,1,0.88428,2350,1,540
clean_white,1.0,1.0,1.0,0.0,p_6a1f0a5ec1b4a.jpg,False,540,5573,0,0.91756,2350,3,540
clean_white,1.0,1.0,1.0,0.0,p_6a1f0a5ec208a.jpg,False,540,5574,0,0.97275,2350,6,540
clean_white,1.0,1.0,1.0,0.0,p_6a1f0a5fb7522.jpg,False,540,5575,1,0.88428,2351,1,540
clean_white,1.0,1.0,1.0,0.0,p_6a1f0a5fb7b8b.jpg,False,540,5576,0,0.91756,2351,3,540
clean_white,1.0,1.0,1.0,0.0,p_6a1f0a5fb8354.jpg,False,540,5577,0,0.97275,2351,6,540
clean_white,1.0,1.0,1.0,0.0,p_6a1f0a61c8f14.jpg,False,540,5578,1,0.86535,2352,1,540
clean_white,1.0,1.0,1.0,0.0,p_6a1f0a61c98bf.jpg,False,540,5579,0,0.82114,2352,3,540
clean_white,1.0,1.0,1.0,0.0,p_6a1f0a61ca119.jpg,False,540,5580,0,0.88379,2352,6,540
clean_white,1.0,1.0,1.0,0.0,p_6a1f0a62bf6a3.jpg,False,540,5581,1,0.88428,2353,1,540
clean_white,1.0,1.0,1.0,0.0,p_6a1f0a62bfd16.jpg,False,540,5582,0,0.91756,2353,3,540
clean_white,1.0,1.0,1.0,0.0,p_6a1f0a62c02de.jpg,False,540,5583,0,0.97275,2353,6,540
clean_white,1.0,1.0,1.0,0.0,p_6a1f0a6415fbb.jpg,False,540,5584,1,0.88428,2354,1,540
clean_white,1.0,1.0,1.0,0.0,p_6a1f0a6416707.jpg,False,540,5585,0,0.91756,2354,3,540
clean_white,1.0,1.0,1.0,0.0,p_6a1f0a6416dcf.jpg,False,540,5586,0,0.97275,2354,6,540
clean_white,1.0,1.0,1.0,0.0,p_6a1f0a650e1ff.jpg,False,540,5587,1,0.88428,2355,1,540
clean_white,1.0,1.0,1.0,0.0,p_6a1f0a650efa6.jpg,False,540,5588,0,0.91756,2355,3,540
clean_white,1.0,1.0,1.0,0.0,p_6a1f0a650f56f.jpg,False,540,5589,0,0.97275,2355,6,540
clean_white,1.0,1.0,1.0,0.0,p_6a1f0a6606425.jpg,False,540,5590,1,0.88428,2356,1,540
clean_white,1.0,1.0,1.0,0.0,p_6a1f0a6606a51.jpg,False,540,5591,0,0.91756,2356,3,540
clean_white,1.0,1.0,1.0,0.0,p_6a1f0a6606f8c.jpg,False,540,5592,0,0.97275,2356,6,540
clean_white,1.0,1.0,1.0,0.0,p_6a1f0a66ee7dc.jpg,False,540,5593,1,0.88428,2357,1,540
clean_white,1.0,1.0,1.0,0.0,p_6a1f0a66eedbf.jpg,False,540,5594,0,0.91756,2357,3,540
clean_white,1.0,1.0,1.0,0.0,p_6a1f0a66ef35f.jpg,False,540,5595,0,0.97275,2357,6,540
clean_white,1.0,1.0,1.0,0.0,p_6a1f0a67e268a.jpg,False,540,5596,1,0.88428,2358,1,540
clean_white,1.0,1.0,1.0,0.0,p_6a1f0a67e2bef.jpg,False,540,5597,0,0.91756,2358,3,540
clean_white,1.0,1.0,1.0,0.0,p_6a1f0a67e329c.jpg,False,540,5598,0,0.97275,2358,6,540
clean_white,1.0,1.0,1.0,0.0,p_6a1f0a68dade1.jpg,False,540,5599,1,0.88428,2359,1,540
clean_white,1.0,1.0,1.0,0.0,p_6a1f0a68db529.jpg,False,540,5600,0,0.91756,2359,3,540
clean_white,1.0,1.0,1.0,0.0,p_6a1f0a68dbb16.jpg,False,540,5601,0,0.97275,2359,6,540
clean_white,1.0,1.0,1.0,0.0,p_6a1f0a69ce80f.jpg,False,540,5602,1,0.88428,2360,1,540
clean_white,1.0,1.0,1.0,0.0,p_6a1f0a69cef45.jpg,False,540,5603,0,0.91756,2360,3,540
clean_white,1.0,1.0,1.0,0.0,p_6a1f0a69cf57d.jpg,False,540,5604,0,0.97275,2360,6,540
clean_white,1.0,1.0,1.0,0.0,p_6a1f0a6ac735d.jpg,False,540,5605,1,0.88428,2361,1,540
clean_white,1.0,1.0,1.0,0.0,p_6a1f0a6ac79cf.jpg,False,540,5606,0,0.91756,2361,3,540
clean_white,1.0,1.0,1.0,0.0,p_6a1f0a6ac93b1.jpg,False,540,5607,0,0.97275,2361,6,540
clean_white,1.0,1.0,1.0,0.0,p_6a1f088d44fca.jpg,False,540,5608,1,0.88428,2362,1,540
clean_white,1.0,1.0,1.0,0.0,p_6a1f088d455d4.jpg,False,540,5609,0,0.91756,2362,3,540
clean_white,1.0,1.0,1.0,0.0,p_6a1f088d45c67.jpg,False,540,5610,0,0.97275,2362,6,540
clean_white,1.0,1.0,1.0,0.0,p_6a1f088e3e624.jpg,False,540,5611,1,0.88428,2363,1,540
clean_white,1.0,1.0,1.0,0.0,p_6a1f088e3eb9e.jpg,False,540,5612,0,0.91756,2363,3,540
clean_white,1.0,1.0,1.0,0.0,p_6a1f088e3f187.jpg,False,540,5613,0,0.97275,2363,6,540
clean_white,1.0,1.0,1.0,0.0,p_6a1f088f302db.jpg,False,540,5614,1,0.88428,2364,1,540
clean_white,1.0,1.0,1.0,0.0,p_6a1f088f30927.jpg,False,540,5615,0,0.91756,2364,3,540
clean_white,1.0,1.0,1.0,0.0,p_6a1f088f30ed3.jpg,False,540,5616,0,0.97275,2364,6,540
clean_white,1.0,1.0,1.0,0.0,p_6a1f089021405.jpg,False,540,5617,1,0.88428,2365,1,540
clean_white,1.0,1.0,1.0,0.0,p_6a1f089021b52.jpg,False,540,5618,0,0.91756,2365,3,540
clean_white,1.0,1.0,1.0,0.0,p_6a1f0890222cb.jpg,False,540,5619,0,0.97275,2365,6,540
clean_white,1.0,1.0,1.0,0.0,p_6a1f08919f198.jpg,False,540,5620,1,0.88428,2366,1,540
clean_white,1.0,1.0,1.0,0.0,p_6a1f08919fa22.jpg,False,540,5621,0,0.91756,2366,3,540
clean_white,1.0,1.0,1.0,0.0,p_6a1f0891a01ca.jpg,False,540,5622,0,0.97275,2366,6,540
clean_white,1.0,1.0,1.0,0.0,p_6a1f0892c73e0.jpg,False,540,5623,1,0.90461,2367,1,540
clean_white,1.0,0.93338,0.93239,0.0,p_6a1f0892c7b40.jpg,False,540,5624,0,0.82054,2367,3,540
clean_white,1.0,0.98338,0.98243,0.0,p_6a1f0892c812e.jpg,False,540,5625,0,0.92095,2367,6,540
clean_white,1.0,1.0,1.0,0.0,p_6a1f0893c59c6.jpg,False,540,5626,1,0.90461,2368,1,540
clean_white,1.0,0.93338,0.93239,0.0,p_6a1f0893c6039.jpg,False,540,5627,0,0.82054,2368,3,540
clean_white,1.0,0.98338,0.98243,0.0,p_6a1f0893c662c.jpg,False,540,5628,0,0.92095,2368,6,540
clean_white,1.0,1.0,1.0,0.0,p_6a1f08951b076.jpg,False,540,5629,1,0.90461,2369,1,540
clean_white,1.0,0.93338,0.93239,0.0,p_6a1f08951b7a2.jpg,False,540,5630,0,0.82054,2369,3,540
clean_white,1.0,0.98338,0.98243,0.0,p_6a1f08951bd45.jpg,False,540,5631,0,0.92095,2369,6,540
clean_white,1.0,1.0,1.0,0.0,p_6a1f08961278c.jpg,False,540,5632,1,0.90461,2370,1,540
clean_white,1.0,0.93338,0.93239,0.0,p_6a1f089612ddc.jpg,False,540,5633,0,0.82054,2370,3,540
clean_white,1.0,0.98338,0.98243,0.0,p_6a1f0896133ac.jpg,False,540,5634,0,0.92095,2370,6,540
clean_white,1.0,1.0,1.0,0.0,p_6a1f08970bcca.jpg,False,540,5635,1,0.90461,2371,1,540
clean_white,1.0,0.93338,0.93239,0.0,p_6a1f08970c345.jpg,False,540,5636,0,0.82054,2371,3,540
clean_white,1.0,0.98338,0.98243,0.0,p_6a1f08970ca8b.jpg,False,540,5637,0,0.92095,2371,6,540
clean_white,1.0,1.0,1.0,0.0,p_6a1f089809c39.jpg,False,540,5638,1,0.90461,2372,1,540
clean_white,1.0,0.93338,0.93239,0.0,p_6a1f08980a2bc.jpg,False,540,5639,0,0.82054,2372,3,540
clean_white,1.0,0.98338,0.98243,0.0,p_6a1f08980a97b.jpg,False,540,5640,0,0.92095,2372,6,540
clean_white,1.0,1.0,1.0,0.0,p_6a1f089905339.jpg,False,540,5641,1,0.90461,2373,1,540
clean_white,1.0,0.93338,0.93239,0.0,p_6a1f089905acc.jpg,False,540,5642,0,0.82054,2373,3,540
clean_white,1.0,0.98338,0.98243,0.0,p_6a1f089906202.jpg,False,540,5643,0,0.92095,2373,6,540
clean_white,1.0,0.97956,0.97864,0.0,p_6a1f089b1cc3a.jpg,False,540,5644,1,0.58346,2374,1,540
clean_white,1.0,1.0,1.0,0.0,p_6a1f089b1d2a8.jpg,False,540,5645,0,0.84227,2374,3,540
clean_white,1.0,1.0,1.0,0.0,p_6a1f089b1d8df.jpg,False,540,5646,0,0.94082,2374,6,540
clean_white,1.0,1.0,1.0,0.0,p_6a1f089c135fb.jpg,False,540,5647,1,0.90461,2375,1,540
clean_white,1.0,0.93338,0.93239,0.0,p_6a1f089c13bb1.jpg,False,540,5648,0,0.82054,2375,3,540
clean_white,1.0,0.98338,0.98243,0.0,p_6a1f089c142a5.jpg,False,540,5649,0,0.92095,2375,6,540
clean_white,1.0,1.0,1.0,0.0,p_6a1f089d8a57a.jpg,False,540,5650,1,0.90461,2376,1,540
clean_white,1.0,0.93338,0.93239,0.0,p_6a1f089d8abc0.jpg,False,540,5651,0,0.82054,2376,3,540
clean_white,1.0,0.98338,0.98243,0.0,p_6a1f089d8b205.jpg,False,540,5652,0,0.92095,2376,6,540
clean_white,1.0,1.0,1.0,0.0,p_6a1f089e84fcc.jpg,False,540,5653,1,0.90461,2377,1,540
clean_white,1.0,0.93338,0.93239,0.0,p_6a1f089e856ae.jpg,False,540,5654,0,0.82054,2377,3,540
clean_white,1.0,0.98338,0.98243,0.0,p_6a1f089e85c90.jpg,False,540,5655,0,0.92095,2377,6,540
clean_white,1.0,1.0,1.0,0.0,p_6a1f089f92f39.jpg,False,540,5656,1,0.90461,2378,1,540
clean_white,1.0,0.93338,0.93239,0.0,p_6a1f089f934e6.jpg,False,540,5657,0,0.82054,2378,3,540
clean_white,1.0,0.98338,0.98243,0.0,p_6a1f089f93af7.jpg,False,540,5658,0,0.92095,2378,6,540
clean_white,1.0,1.0,1.0,0.0,p_6a1f08a0bf2f2.jpg,False,540,5659,1,0.90461,2379,1,540
clean_white,1.0,0.93338,0.93239,0.0,p_6a1f08a0bf9a8.jpg,False,540,5660,0,0.82054,2379,3,540
clean_white,1.0,0.98338,0.98243,0.0,p_6a1f08a0bff88.jpg,False,540,5661,0,0.92095,2379,6,540
clean_white,1.0,1.0,1.0,0.0,p_6a1f08a1df75e.jpg,False,540,5662,1,0.90461,2380,1,540
clean_white,1.0,0.93338,0.93239,0.0,p_6a1f08a1dfdb3.jpg,False,540,5663,0,0.82054,2380,3,540
clean_white,1.0,0.98338,0.98243,0.0,p_6a1f08a1e04e3.jpg,False,540,5664,0,0.92095,2380,6,540
clean_white,1.0,1.0,1.0,0.0,p_6a1f08a306e81.jpg,False,540,5665,1,0.90461,2381,1,540
clean_white,1.0,0.93338,0.93239,0.0,p_6a1f08a307675.jpg,False,540,5666,0,0.82054,2381,3,540
clean_white,1.0,0.98338,0.98243,0.0,p_6a1f08a307d6b.jpg,False,540,5667,0,0.92095,2381,6,540
clean_white,1.0,1.0,1.0,0.0,p_6a1f08a421856.jpg,False,540,5668,1,0.90461,2382,1,540
clean_white,1.0,0.93338,0.93239,0.0,p_6a1f08a421ec4.jpg,False,540,5669,0,0.82054,2382,3,540
clean_white,1.0,0.98338,0.98243,0.0,p_6a1f08a422593.jpg,False,540,5670,0,0.92095,2382,6,540
clean_white,1.0,1.0,1.0,0.0,p_6a1f08a53b23c.jpg,False,540,5671,1,0.90461,2383,1,540
clean_white,1.0,0.93338,0.93239,0.0,p_6a1f08a53b869.jpg,False,540,5672,0,0.82054,2383,3,540
clean_white,1.0,0.98338,0.98243,0.0,p_6a1f08a53be6b.jpg,False,540,5673,0,0.92095,2383,6,540
clean_white,1.0,1.0,1.0,0.0,p_6a1f08a6a48c9.jpg,False,540,5674,1,0.90461,2384,1,540
clean_white,1.0,0.93338,0.93239,0.0,p_6a1f08a6a4fb7.jpg,False,540,5675,0,0.82054,2384,3,540
clean_white,1.0,0.98338,0.98243,0.0,p_6a1f08a6a5666.jpg,False,540,5676,0,0.92095,2384,6,540
clean_white,1.0,1.0,1.0,0.0,p_6a1f08a7c1c59.jpg,False,540,5677,1,0.90461,2385,1,540
clean_white,1.0,0.93338,0.93239,0.0,p_6a1f08a7c24a1.jpg,False,540,5678,0,0.82054,2385,3,540
clean_white,1.0,0.98338,0.98243,0.0,p_6a1f08a7c2be2.jpg,False,540,5679,0,0.92095,2385,6,540
clean_white,1.0,1.0,1.0,0.0,p_6a1f08a8d55c3.jpg,False,540,5680,1,0.90461,2386,1,540
clean_white,1.0,0.93338,0.93239,0.0,p_6a1f08a8d5cb8.jpg,False,540,5681,0,0.82054,2386,3,540
clean_white,1.0,0.98338,0.98243,0.0,p_6a1f08a8d6349.jpg,False,540,5682,0,0.92095,2386,6,540
clean_white,1.0,1.0,1.0,0.0,p_6a1f08a9e0a2d.jpg,False,540,5683,1,0.90461,2387,1,540
clean_white,1.0,0.93338,0.93239,0.0,p_6a1f08a9e104f.jpg,False,540,5684,0,0.82054,2387,3,540
clean_white,1.0,0.98338,0.98243,0.0,p_6a1f08a9e170b.jpg,False,540,5685,0,0.92095,2387,6,540
clean_white,1.0,1.0,1.0,0.0,p_6a1f08aaefc77.jpg,False,540,5686,1,0.90461,2388,1,540
clean_white,1.0,0.93338,0.93239,0.0,p_6a1f08aaf0201.jpg,False,540,5687,0,0.82054,2388,3,540
clean_white,1.0,0.98338,0.98243,0.0,p_6a1f08aaf0797.jpg,False,540,5688,0,0.92095,2388,6,540
clean_white,1.0,1.0,1.0,0.0,p_6a1f08ac0ac67.jpg,False,540,5689,1,0.90461,2389,1,540
clean_white,1.0,0.93338,0.93239,0.0,p_6a1f08ac0b1d2.jpg,False,540,5690,0,0.82054,2389,3,540
clean_white,1.0,0.98338,0.98243,0.0,p_6a1f08ac0b686.jpg,False,540,5691,0,0.92095,2389,6,540
clean_white,1.0,1.0,1.0,0.0,p_6a1f087265c8f.jpg,False,540,5692,1,0.70087,2390,1,540
clean_white,1.0,0.98801,0.98739,0.0,p_6a1f087266598.jpg,False,540,5693,0,0.57191,2390,3,540
clean_white,1.0,0.98673,0.98566,0.0,p_6a1f087266cff.jpg,False,540,5694,0,0.54647,2390,6,540
clean_white,1.0,0.97055,0.95581,0.0,p_6a1f087475b11.jpg,False,540,5695,1,0.8239,2391,3,540
clean_white,1.0,0.98456,0.83673,0.0,p_6a1f087476073.jpg,False,540,5696,0,0.89312,2391,6,540
clean_white,1.0,0.98754,0.9868,0.0,p_6a1f0876086fd.jpg,False,540,5697,1,0.70887,2392,1,540
clean_white,1.0,0.97055,0.95581,0.0,p_6a1f087608da1.jpg,False,540,5698,0,0.8239,2392,3,540
clean_white,1.0,0.98456,0.83673,0.0,p_6a1f0876093fb.jpg,False,540,5699,0,0.89312,2392,6,540
review_white,1.0,0.90544,0.90085,0.0,p_6a1f0877c5979.jpg,False,540,5700,1,0.75568,2393,1,540
clean_white,1.0,1.0,1.0,0.0,p_6a1f0877c610c.jpg,False,540,5701,0,0.76738,2393,3,540
clean_white,1.0,0.99033,0.98941,0.0,p_6a1f0877c8b43.jpg,False,540,5702,0,0.76794,2393,6,540
clean_white,1.0,0.99846,0.9561,0.0,p_6a1f0879bcc8c.jpg,False,540,5703,1,0.53765,2394,1,540
clean_white,1.0,0.99801,0.99629,0.0,p_6a1f0879be298.jpg,False,540,5704,0,0.56215,2394,3,540
clean_white,1.0,0.95335,0.93713,0.0,p_6a1f0879bea16.jpg,False,540,5705,0,0.70448,2394,6,540
clean_white,1.0,0.95217,0.9264,0.0,p_6a1f087b7b8cc.jpg,False,540,5706,1,0.78131,2395,1,540
clean_white,1.0,1.0,1.0,0.0,p_6a1f087b7bf44.jpg,False,540,5707,0,0.59164,2395,3,540
clean_white,1.0,0.99176,0.98901,0.0,p_6a1f087b7c787.jpg,False,540,5708,0,0.48279,2395,6,540
clean_white,1.0,0.99629,0.9961,0.0,p_6a1f087e78172.jpg,False,540,5709,1,0.70553,2396,1,540
clean_white,1.0,0.99787,0.94529,0.0,p_6a1f087e78790.jpg,False,540,5710,0,0.56812,2396,3,540
clean_white,1.0,0.98507,0.98419,0.0,p_6a1f087e78e97.jpg,False,540,5711,0,0.67371,2396,6,540
clean_white,1.0,0.99629,0.9961,0.0,p_6a1f088047b0f.jpg,False,540,5712,1,0.70553,2397,1,540
clean_white,1.0,0.99787,0.94529,0.0,p_6a1f088048273.jpg,False,540,5713,0,0.56812,2397,3,540
clean_white,1.0,0.98507,0.98419,0.0,p_6a1f088048771.jpg,False,540,5714,0,0.67371,2397,6,540
clean_white,1.0,0.96779,0.95706,0.0,p_6a1f0881e6414.jpg,False,540,5715,1,0.85174,2398,1,540
clean_white,1.0,0.94066,0.92879,0.0,p_6a1f0881e6a7a.jpg,False,540,5716,0,0.8419,2398,3,540
review_white,1.0,0.92316,0.91765,0.0,p_6a1f0881e70d3.jpg,False,540,5717,0,0.75935,2398,6,540
clean_white,1.0,0.99798,0.99364,0.0,p_6a1f0883beb84.jpg,False,540,5718,1,0.83998,2399,1,540
clean_white,1.0,0.94158,0.93904,0.0,p_6a1f0883bf265.jpg,False,540,5719,0,0.70236,2399,3,540
clean_white,1.0,0.93537,0.84621,0.0,p_6a1f0883bf8c5.jpg,False,540,5720,0,0.43184,2399,6,540
clean_white,1.0,0.99798,0.99364,0.0,p_6a1f088570073.jpg,False,540,5721,1,0.83998,2400,1,540
clean_white,1.0,0.94158,0.93904,0.0,p_6a1f088570b34.jpg,False,540,5722,0,0.70236,2400,3,540
clean_white,1.0,0.93537,0.84621,0.0,p_6a1f0885711c6.jpg,False,540,5723,0,0.43184,2400,6,540
needs_background,1.0,0.78419,0.73765,0.0,p_6a1f08873233b.jpg,False,540,5724,1,0.37412,2401,1,540
clean_white,1.0,0.96482,0.96261,0.0,p_6a1f088732a7f.jpg,False,540,5725,0,0.95299,2401,3,540
clean_white,1.0,0.96827,0.96566,0.0,p_6a1f08873312e.jpg,False,540,5726,0,0.63065,2401,6,540
review_white,1.0,0.89062,0.72482,0.0,p_6a1f088924d1c.jpg,False,540,5727,1,0.57299,2402,1,540
clean_white,1.0,0.99033,0.98941,0.0,p_6a1f0889252d3.jpg,False,540,5728,0,0.8319,2402,3,540
clean_white,1.0,1.0,1.0,0.0,p_6a1f088925978.jpg,False,540,5729,0,0.87323,2402,6,540
review_white,1.0,0.89154,0.76187,0.0,p_6a1f088ba22c4.jpg,False,540,5730,1,0.61476,2403,1,540
clean_white,1.0,0.96669,0.96537,0.0,p_6a1f088ba29c2.jpg,False,540,5731,0,0.62289,2403,3,540
clean_white,1.0,0.95349,0.93757,0.0,p_6a1f088ba2f48.jpg,False,540,5732,0,0.81648,2403,6,540
needs_background,0.62867,0.57445,0.45551,0.0,p_6a1f0868eb17b.jpg,False,540,5733,1,0.35919,2415,1,540
clean_white,1.0,0.96897,0.96482,0.0,p_6a1f0868ebefc.jpg,False,540,5734,0,0.85359,2415,6,540
needs_background,0.62867,0.57445,0.45551,0.0,p_6a1f086a52085.jpg,False,540,5735,1,0.35919,2416,1,540
review_white,1.0,0.89085,0.875,0.0,p_6a1f086a52727.jpg,False,540,5736,0,0.66982,2416,3,540
clean_white,1.0,0.96897,0.96482,0.0,p_6a1f086a52d6a.jpg,False,540,5737,0,0.85359,2416,6,540
clean_white,1.0,0.94941,0.94412,0.0,p_6a1f086b89140.jpg,False,540,5738,1,0.76175,2417,3,540
clean_white,1.0,0.96423,0.95904,0.0,p_6a1f086b89789.jpg,False,540,5739,0,0.57184,2417,6,540
clean_white,1.0,1.0,1.0,0.0,p_6a1f086d0a329.jpg,False,540,5740,1,0.79971,2418,1,540
clean_white,1.0,1.0,1.0,0.0,p_6a1f086d0a9e1.jpg,False,540,5741,0,0.59358,2418,3,540
clean_white,1.0,1.0,1.0,0.0,p_6a1f086d0b0a3.jpg,False,540,5742,0,0.68774,2418,6,540
clean_white,1.0,1.0,1.0,0.0,p_6a1f086e097fe.jpg,False,540,5743,1,0.79971,2419,1,540
clean_white,1.0,1.0,1.0,0.0,p_6a1f086e09f3a.jpg,False,540,5744,0,0.59358,2419,3,540
clean_white,1.0,1.0,1.0,0.0,p_6a1f086e0a606.jpg,False,540,5745,0,0.68774,2419,6,540
clean_white,1.0,0.96004,0.95893,0.0,p_6a1f086fb9071.jpg,False,540,5746,1,0.63629,2420,1,540
clean_white,1.0,0.93846,0.93783,0.0,p_6a1f086fb969c.jpg,False,540,5747,0,0.85707,2420,3,540
review_white,1.0,0.91187,0.9086,0.0,p_6a1f086fb9c69.jpg,False,540,5748,0,0.72726,2420,6,540
clean_white,1.0,1.0,1.0,0.0,p_6a1f0870af140.jpg,False,540,5749,1,0.7606,2421,1,540
clean_white,1.0,0.99033,0.98941,0.0,p_6a1f0870af735.jpg,False,540,5750,0,0.77543,2421,3,540
clean_white,1.0,1.0,1.0,0.0,p_6a1f0870afd25.jpg,False,540,5751,0,0.74337,2421,6,540
clean_white,1.0,1.0,1.0,0.0,p_6a1f08657604a.jpg,False,540,5752,1,0.7606,2422,1,540
clean_white,1.0,0.99033,0.98941,0.0,p_6a1f08657661d.jpg,False,540,5753,0,0.77543,2422,3,540
clean_white,1.0,1.0,1.0,0.0,p_6a1f086576c53.jpg,False,540,5754,0,0.74337,2422,6,540
clean_white,1.0,0.99202,0.95235,0.0,p_6a1f0867649cc.jpg,False,540,5755,1,0.55809,2423,1,540
clean_white,1.0,0.99033,0.98974,0.0,p_6a1f086765113.jpg,False,540,5756,0,0.71703,2423,3,540
clean_white,1.0,0.99044,0.98938,0.0,p_6a1f08676576b.jpg,False,540,5757,0,0.71177,2423,6,540
clean_white,1.0,0.94941,0.94412,0.0,p_6a1f0aca5cc6f.jpg,False,540,5758,1,0.73147,2424,1,540
needs_background,0.76389,0.55147,0.55147,0.0,p_6a1f0aca5d896.jpg,False,540,5759,0,0.15856,2424,6,540
clean_white,1.0,0.94941,0.94412,0.0,p_6a1f0ad372e23.jpg,False,540,5760,1,0.73147,2425,1,540
clean_white,1.0,0.96184,0.95809,0.0,p_6a1f0ad37350d.jpg,False,540,5761,0,0.85231,2425,3,540
needs_background,0.76389,0.55147,0.55147,0.0,p_6a1f0ad373a8e.jpg,False,540,5762,0,0.15856,2425,6,540
clean_white,1.0,1.0,1.0,0.0,p_6a1f0ad5b5c96.jpg,False,540,5763,1,0.66658,2426,6,540
needs_background,1.0,0.57647,0.57647,0.0,p_6a1f0ad7dcac0.jpg,False,540,5764,1,0.20539,2427,1,540
clean_white,1.0,0.97018,0.95739,0.0,p_6a1f0ad7dd175.jpg,False,540,5765,0,0.58432,2427,3,540
clean_white,1.0,0.96901,0.96651,0.0,p_6a1f0ad7dd7d8.jpg,False,540,5766,0,0.63959,2427,6,540
needs_background,0.73611,0.54853,0.54853,0.0,p_6a1f0ad9d4c48.jpg,False,540,5767,1,0.15242,2428,1,540
clean_white,1.0,0.99316,0.98783,0.0,p_6a1f0ad9d5966.jpg,False,540,5768,0,0.57197,2428,6,540
clean_white,1.0,0.94272,0.94044,0.0,p_6a1f0b341e05c.jpg,False,540,5769,1,0.83458,2429,1,540
clean_white,1.0,0.94408,0.94044,0.0,p_6a1f0b341ed8a.jpg,False,540,5770,0,0.56915,2429,6,540
needs_background,0.25251,0.36118,0.00029,0.0,p_6a1f0b36125a7.jpg,False,540,5771,1,0.17158,2430,1,540
clean_white,1.0,1.0,1.0,0.0,p_6a1f0b3612bdf.jpg,False,540,5772,0,0.86404,2430,3,540
clean_white,1.0,1.0,1.0,0.0,p_6a1f0b3613271.jpg,False,540,5773,0,0.60481,2430,6,540
review_white,1.0,0.84629,0.84217,0.0,p_6a1f863d77411.jpg,False,540,5774,1,0.31038,2431,1,540
clean_white,1.0,1.0,1.0,0.0,p_6a1f863d7797d.jpg,False,540,5775,0,0.8174,2431,3,540
clean_white,1.0,1.0,1.0,0.0,p_6a1f863d77e68.jpg,False,540,5776,0,0.89599,2431,6,540
review_white,1.0,0.84629,0.84217,0.0,p_6a1f863eeb7ca.jpg,False,540,5777,1,0.31038,2432,1,540
clean_white,1.0,1.0,1.0,0.0,p_6a1f863eebe43.jpg,False,540,5778,0,0.8174,2432,3,540
clean_white,1.0,1.0,1.0,0.0,p_6a1f863eec3ec.jpg,False,540,5779,0,0.89599,2432,6,540
review_white,1.0,0.84629,0.84217,0.0,p_6a1f864042bc7.jpg,False,540,5780,1,0.31038,2433,1,540
clean_white,1.0,1.0,1.0,0.0,p_6a1f86404336a.jpg,False,540,5781,0,0.8174,2433,3,540
clean_white,1.0,1.0,1.0,0.0,p_6a1f864043a36.jpg,False,540,5782,0,0.89599,2433,6,540
clean_white,1.0,0.94941,0.94412,0.0,p_6a1f86426e54e.jpg,False,540,5783,1,0.73407,2434,1,540
needs_background,0.94444,0.57059,0.57059,0.0,p_6a1f86426ec87.jpg,False,540,5784,0,0.19167,2434,3,540
clean_white,1.0,0.93908,0.93665,0.0,p_6a1f86426f404.jpg,False,540,5785,0,0.81585,2434,6,540
clean_white,1.0,0.99033,0.98941,0.0,p_6a1f8643a9243.jpg,False,540,5786,1,0.82963,2435,1,540
needs_background,0.64815,0.6829,0.49176,0.0,p_6a1f8643a9963.jpg,False,540,5787,0,0.4499,2435,3,540
clean_white,1.0,1.0,1.0,0.0,p_6a1f8643aa001.jpg,False,540,5788,0,0.84283,2435,6,540
clean_white,1.0,1.0,1.0,0.0,p_6a1f869f74e88.jpg,False,540,5789,1,0.80577,2436,1,540
review_white,1.0,0.90496,0.89963,0.0,p_6a1f869f75754.jpg,False,540,5790,0,0.48998,2436,3,540
review_white,1.0,0.91632,0.9139,0.0,p_6a1f869f7603a.jpg,False,540,5791,0,0.69448,2436,6,540
clean_white,1.0,1.0,0.99743,0.0,p_6a1f86a19bf7d.jpg,False,540,5792,1,0.60389,2437,1,540
review_white,1.0,0.89886,0.89213,0.0,p_6a1f86a19c527.jpg,False,540,5793,0,0.58149,2437,3,540
clean_white,1.0,0.95335,0.93713,0.0,p_6a1f86a19cba7.jpg,False,540,5794,0,0.75055,2437,6,540
review_white,1.0,0.91827,0.85989,0.0,p_6a1f86a4437f9.jpg,False,540,5795,1,0.47853,2438,1,540
review_white,1.0,0.92761,0.92585,0.0,p_6a1f86a443e7a.jpg,False,540,5796,0,0.72782,2438,3,540
clean_white,1.0,0.99588,0.99147,0.0,p_6a1f86a44452e.jpg,False,540,5797,0,0.85889,2438,6,540
clean_white,1.0,0.99864,0.92772,0.0,p_6a1fdad092167.jpg,False,540,5798,1,0.56319,2441,1,540
review_white,1.0,0.91566,0.89,0.0,p_6a1fdad0927ce.jpg,False,540,5799,0,0.75174,2441,3,540
clean_white,1.0,0.98772,0.98654,0.0,p_6a1fdad092e14.jpg,False,540,5800,0,0.53788,2441,6,540
clean_white,1.0,1.0,1.0,0.0,p_6a1fdad1caf94.jpg,False,540,5801,1,0.74552,2442,1,540
clean_white,1.0,0.99794,0.99735,0.0,p_6a1fdad1cb622.jpg,False,540,5802,0,0.84941,2442,3,540
clean_white,1.0,1.0,1.0,0.0,p_6a1fdad1cbbd2.jpg,False,540,5803,0,0.8673,2442,6,540
clean_white,1.0,0.93963,0.8411,0.0,p_6a1fdad34ee3d.jpg,False,540,5804,1,0.52419,2443,1,540
clean_white,1.0,1.0,1.0,0.0,p_6a1fdad34f44c.jpg,False,540,5805,0,0.85587,2443,3,540
clean_white,1.0,0.99629,0.9961,0.0,p_6a1fdad34fa15.jpg,False,540,5806,0,0.72911,2443,6,540
clean_white,1.0,0.97776,0.91493,0.0,p_6a1fdad453449.jpg,False,540,5807,1,0.49465,2444,1,540
clean_white,1.0,0.96974,0.96599,0.0,p_6a1fdad453983.jpg,False,540,5808,0,0.59405,2444,3,540
clean_white,1.0,0.9886,0.98783,0.0,p_6a1fdad453efa.jpg,False,540,5809,0,0.62467,2444,6,540
review_white,1.0,0.92316,0.91574,0.0,p_6a1fdad58df8f.jpg,False,540,5810,1,0.75734,2445,1,540
clean_white,1.0,0.99195,0.99154,0.0,p_6a1fdad58e617.jpg,False,540,5811,0,0.59337,2445,3,540
clean_white,1.0,0.95335,0.93713,0.0,p_6a1fdad58eb6e.jpg,False,540,5812,0,0.72139,2445,6,540
clean_white,1.0,0.93963,0.8411,0.0,p_6a1fdad6a0418.jpg,False,540,5813,1,0.52419,2446,1,540
clean_white,1.0,1.0,1.0,0.0,p_6a1fdad6a09ef.jpg,False,540,5814,0,0.85587,2446,3,540
clean_white,1.0,0.99629,0.9961,0.0,p_6a1fdad6a0fd3.jpg,False,540,5815,0,0.72911,2446,6,540
clean_white,1.0,0.93173,0.92952,0.0,p_6a1fdad7954d6.jpg,False,540,5816,1,0.79937,2447,1,540
needs_background,0.47704,0.43213,0.1168,0.0,p_6a1fdad795b84.jpg,False,540,5817,0,0.19077,2447,3,540
clean_white,1.0,0.99915,0.99864,0.0,p_6a1fdad79608e.jpg,False,540,5818,0,0.52012,2447,6,540
clean_white,1.0,0.93173,0.92952,0.0,p_6a1fdad886734.jpg,False,540,5819,1,0.79937,2448,1,540
needs_background,0.47704,0.43213,0.1168,0.0,p_6a1fdad886f9c.jpg,False,540,5820,0,0.19077,2448,3,540
clean_white,1.0,0.99915,0.99864,0.0,p_6a1fdad8874cf.jpg,False,540,5821,0,0.52012,2448,6,540
clean_white,1.0,0.975,0.97287,0.0,p_6a1fdad94ba77.jpg,False,540,5822,1,0.63701,2449,1,540
clean_white,1.0,1.0,1.0,0.0,p_6a1fdad94c032.jpg,False,540,5823,0,0.70447,2449,3,540
clean_white,1.0,0.93279,0.93129,0.0,p_6a1fdad94c6e5.jpg,False,540,5824,0,0.53964,2449,6,540
clean_white,1.0,0.975,0.97287,0.0,p_6a1fdada05798.jpg,False,540,5825,1,0.63701,2450,1,540
clean_white,1.0,1.0,1.0,0.0,p_6a1fdada05df2.jpg,False,540,5826,0,0.70447,2450,3,540
clean_white,1.0,0.93279,0.93129,0.0,p_6a1fdada06491.jpg,False,540,5827,0,0.53964,2450,6,540
clean_white,1.0,1.0,1.0,0.0,p_6a1fdadaecfcf.jpg,False,540,5828,1,0.85174,2451,1,540
clean_white,1.0,1.0,1.0,0.0,p_6a1fdadaed643.jpg,False,540,5829,0,0.7518,2451,3,540
clean_white,1.0,0.95585,0.9546,0.0,p_6a1fdadaedbd4.jpg,False,540,5830,0,0.84651,2451,6,540
clean_white,1.0,1.0,1.0,0.0,p_6a1fdadbf1177.jpg,False,540,5831,1,0.92508,2452,1,540
clean_white,1.0,0.99033,0.98941,0.0,p_6a1fdadbf1c93.jpg,False,540,5832,0,0.8163,2452,3,540
clean_white,1.0,1.0,1.0,0.0,p_6a1fdadbf230f.jpg,False,540,5833,0,0.82264,2452,6,540
clean_white,1.0,1.0,1.0,0.0,p_6a1fdadcb62bd.jpg,False,540,5834,1,0.86535,2453,1,540
clean_white,1.0,1.0,1.0,0.0,p_6a1fdadcb696e.jpg,False,540,5835,0,0.82114,2453,3,540
clean_white,1.0,1.0,1.0,0.0,p_6a1fdadcb6faf.jpg,False,540,5836,0,0.88379,2453,6,540
clean_white,1.0,1.0,1.0,0.0,p_6a1fdadd6f017.jpg,False,540,5837,1,0.88428,2454,1,540
clean_white,1.0,1.0,1.0,0.0,p_6a1fdadd6f714.jpg,False,540,5838,0,0.91756,2454,3,540
clean_white,1.0,1.0,1.0,0.0,p_6a1fdadd6fcb0.jpg,False,540,5839,0,0.97275,2454,6,540
review_white,1.0,0.90544,0.90085,0.0,p_6a1fdade7f6c8.jpg,False,540,5840,1,0.75568,2455,1,540
clean_white,1.0,1.0,1.0,0.0,p_6a1fdade7fc79.jpg,False,540,5841,0,0.76738,2455,3,540
clean_white,1.0,0.99033,0.98941,0.0,p_6a1fdade80230.jpg,False,540,5842,0,0.76794,2455,6,540
clean_white,1.0,0.99846,0.9561,0.0,p_6a1fdadfd94cb.jpg,False,540,5843,1,0.53765,2456,1,540
clean_white,1.0,0.99801,0.99629,0.0,p_6a1fdadfd9aaf.jpg,False,540,5844,0,0.56215,2456,3,540
clean_white,1.0,0.95335,0.93713,0.0,p_6a1fdadfda043.jpg,False,540,5845,0,0.70448,2456,6,540
clean_white,1.0,0.95217,0.9264,0.0,p_6a1fdae1640cd.jpg,False,540,5846,1,0.78131,2457,1,540
clean_white,1.0,1.0,1.0,0.0,p_6a1fdae16481f.jpg,False,540,5847,0,0.59164,2457,3,540
clean_white,1.0,0.99176,0.98901,0.0,p_6a1fdae164ee3.jpg,False,540,5848,0,0.48279,2457,6,540
clean_white,1.0,0.99629,0.9961,0.0,p_6a1fdae2cbec7.jpg,False,540,5849,1,0.70553,2458,1,540
clean_white,1.0,0.99787,0.94529,0.0,p_6a1fdae2cc41a.jpg,False,540,5850,0,0.56812,2458,3,540
clean_white,1.0,0.98507,0.98419,0.0,p_6a1fdae2cc9e0.jpg,False,540,5851,0,0.67371,2458,6,540
clean_white,1.0,0.99629,0.9961,0.0,p_6a1fdae3e26fb.jpg,False,540,5852,1,0.70553,2459,1,540
clean_white,1.0,0.99787,0.94529,0.0,p_6a1fdae3e2d84.jpg,False,540,5853,0,0.56812,2459,3,540
clean_white,1.0,0.98507,0.98419,0.0,p_6a1fdae3e32d5.jpg,False,540,5854,0,0.67371,2459,6,540
clean_white,1.0,0.96779,0.95706,0.0,p_6a1fdae4e356d.jpg,False,540,5855,1,0.85174,2460,1,540
clean_white,1.0,0.94066,0.92879,0.0,p_6a1fdae4e3c89.jpg,False,540,5856,0,0.8419,2460,3,540
review_white,1.0,0.92316,0.91765,0.0,p_6a1fdae4e42ad.jpg,False,540,5857,0,0.75935,2460,6,540
review_white,1.0,0.89062,0.72482,0.0,p_6a1fdae5a8629.jpg,False,540,5858,1,0.57299,2461,1,540
clean_white,1.0,0.99033,0.98941,0.0,p_6a1fdae5a8db4.jpg,False,540,5859,0,0.8319,2461,3,540
clean_white,1.0,1.0,1.0,0.0,p_6a1fdae5a934d.jpg,False,540,5860,0,0.87323,2461,6,540
needs_background,0.62867,0.57445,0.45551,0.0,p_6a1fdae6c5f13.jpg,False,540,5861,1,0.35919,2462,1,540
review_white,1.0,0.89085,0.875,0.0,p_6a1fdae6c6501.jpg,False,540,5862,0,0.66982,2462,3,540
clean_white,1.0,0.96897,0.96482,0.0,p_6a1fdae6c6a4e.jpg,False,540,5863,0,0.85359,2462,6,540
needs_background,0.62867,0.57445,0.45551,0.0,p_6a1fdae822fa4.jpg,False,540,5864,1,0.35919,2463,1,540
review_white,1.0,0.89085,0.875,0.0,p_6a1fdae823500.jpg,False,540,5865,0,0.66982,2463,3,540
clean_white,1.0,0.96897,0.96482,0.0,p_6a1fdae823b74.jpg,False,540,5866,0,0.85359,2463,6,540
review_white,1.0,0.88761,0.87243,0.0,p_6a1fdae96bed1.jpg,False,540,5867,1,0.67516,2464,1,540
clean_white,1.0,0.94941,0.94412,0.0,p_6a1fdae96c3d2.jpg,False,540,5868,0,0.76175,2464,3,540
clean_white,1.0,0.96423,0.95904,0.0,p_6a1fdae96c89a.jpg,False,540,5869,0,0.57184,2464,6,540
clean_white,1.0,0.96004,0.95893,0.0,p_6a1fdaeb447f2.jpg,False,540,5870,1,0.63629,2465,1,540
clean_white,1.0,0.93846,0.93783,0.0,p_6a1fdaeb44e49.jpg,False,540,5871,0,0.85707,2465,3,540
review_white,1.0,0.91187,0.9086,0.0,p_6a1fdaeb4542a.jpg,False,540,5872,0,0.72726,2465,6,540
clean_white,1.0,0.99202,0.95235,0.0,p_6a1fdaed4606d.jpg,False,540,5873,1,0.55809,2466,1,540
clean_white,1.0,0.99033,0.98974,0.0,p_6a1fdaed46761.jpg,False,540,5874,0,0.71703,2466,3,540
clean_white,1.0,0.99044,0.98938,0.0,p_6a1fdaed46d55.jpg,False,540,5875,0,0.71177,2466,6,540
clean_white,1.0,0.94941,0.94412,0.0,p_6a1fdaef2af18.jpg,False,540,5876,1,0.73147,2467,1,540
clean_white,1.0,0.96184,0.95809,0.0,p_6a1fdaef2b5f0.jpg,False,540,5877,0,0.85231,2467,3,540
needs_background,0.76389,0.55147,0.55147,0.0,p_6a1fdaef2bc05.jpg,False,540,5878,0,0.15856,2467,6,540
clean_white,1.0,0.94941,0.94412,0.0,p_6a1fdaf0aa166.jpg,False,540,5879,1,0.73147,2468,1,540
clean_white,1.0,0.96184,0.95809,0.0,p_6a1fdaf0aa94a.jpg,False,540,5880,0,0.85231,2468,3,540
needs_background,0.76389,0.55147,0.55147,0.0,p_6a1fdaf0ab0d6.jpg,False,540,5881,0,0.15856,2468,6,540
clean_white,1.0,0.9546,0.95324,0.0,p_6a1fdaf236238.jpg,False,540,5882,1,0.83549,2469,1,540
clean_white,1.0,0.99629,0.9961,0.0,p_6a1fdaf237524.jpg,False,540,5883,0,0.83331,2469,3,540
clean_white,1.0,1.0,1.0,0.0,p_6a1fdaf237c1f.jpg,False,540,5884,0,0.66658,2469,6,540
needs_background,1.0,0.57647,0.57647,0.0,p_6a1fdaf3a8776.jpg,False,540,5885,1,0.20539,2470,1,540
clean_white,1.0,0.97018,0.95739,0.0,p_6a1fdaf3a8eb4.jpg,False,540,5886,0,0.58432,2470,3,540
clean_white,1.0,0.96901,0.96651,0.0,p_6a1fdaf3a93f4.jpg,False,540,5887,0,0.63959,2470,6,540
needs_background,0.73611,0.54853,0.54853,0.0,p_6a1fdaf618471.jpg,False,540,5888,1,0.15242,2471,1,540
clean_white,1.0,0.99629,0.9961,0.0,p_6a1fdaf618abd.jpg,False,540,5889,0,0.83331,2471,3,540
clean_white,1.0,0.99316,0.98783,0.0,p_6a1fdaf619058.jpg,False,540,5890,0,0.57197,2471,6,540
clean_white,1.0,0.94272,0.94044,0.0,p_6a1fdaf836a99.jpg,False,540,5891,1,0.83458,2472,1,540
clean_white,1.0,0.96551,0.95577,0.0,p_6a1fdaf8370b4.jpg,False,540,5892,0,0.82856,2472,3,540
clean_white,1.0,0.94408,0.94044,0.0,p_6a1fdaf8376e2.jpg,False,540,5893,0,0.56915,2472,6,540
needs_background,0.25251,0.36118,0.00029,0.0,p_6a1fdaf9ba924.jpg,False,540,5894,1,0.17158,2473,1,540
clean_white,1.0,1.0,1.0,0.0,p_6a1fdaf9baf13.jpg,False,540,5895,0,0.86404,2473,3,540
clean_white,1.0,1.0,1.0,0.0,p_6a1fdaf9bb538.jpg,False,540,5896,0,0.60481,2473,6,540
clean_white,1.0,1.0,1.0,0.0,p_6a1fdafb1149a.jpg,False,540,5897,1,0.8174,2474,0,540
review_white,1.0,0.84629,0.84217,0.0,p_6a1fdafb10e64.jpg,False,540,5898,0,0.31038,2474,1,540
clean_white,1.0,1.0,1.0,0.0,p_6a1fdafb11a64.jpg,False,540,5899,0,0.89599,2474,2,540
review_white,1.0,0.84629,0.84217,0.0,p_6a1fdafc14e8f.jpg,False,540,5900,1,0.31038,2475,1,540
clean_white,1.0,1.0,1.0,0.0,p_6a1fdafc15430.jpg,False,540,5901,0,0.8174,2475,3,540
clean_white,1.0,1.0,1.0,0.0,p_6a1fdafc159ff.jpg,False,540,5902,0,0.89599,2475,6,540
review_white,1.0,0.84629,0.84217,0.0,p_6a1fdafd2804f.jpg,False,540,5903,1,0.31038,2476,1,540
clean_white,1.0,1.0,1.0,0.0,p_6a1fdafd28623.jpg,False,540,5904,0,0.8174,2476,3,540
clean_white,1.0,1.0,1.0,0.0,p_6a1fdafd28c06.jpg,False,540,5905,0,0.89599,2476,6,540
clean_white,1.0,0.94941,0.94412,0.0,p_6a1fdafe85caa.jpg,False,540,5906,1,0.73407,2477,1,540
needs_background,0.94444,0.57059,0.57059,0.0,p_6a1fdafe863f3.jpg,False,540,5907,0,0.19167,2477,3,540
clean_white,1.0,0.93908,0.93665,0.0,p_6a1fdafe86975.jpg,False,540,5908,0,0.81585,2477,6,540
clean_white,1.0,0.99033,0.98941,0.0,p_6a1fdaff914af.jpg,False,540,5909,1,0.82963,2478,1,540
needs_background,0.64815,0.6829,0.49176,0.0,p_6a1fdaff91c22.jpg,False,540,5910,0,0.4499,2478,3,540
clean_white,1.0,1.0,1.0,0.0,p_6a1fdaff921ad.jpg,False,540,5911,0,0.84283,2478,6,540
review_white,1.0,0.91827,0.85989,0.0,p_6a1fdb00770c6.jpg,False,540,5912,1,0.47853,2479,1,540
review_white,1.0,0.92761,0.92585,0.0,p_6a1fdb007773f.jpg,False,540,5913,0,0.72782,2479,3,540
clean_white,1.0,0.99588,0.99147,0.0,p_6a1fdb0077d0d.jpg,False,540,5914,0,0.85889,2479,6,540
clean_white,1.0,0.94489,0.94298,0.0,p_6a1fdde02946b.jpg,False,540,5915,1,0.84052,2480,1,540
review_white,1.0,0.92283,0.91846,0.0,p_6a1fdde029af3.jpg,False,540,5916,0,0.54779,2480,3,540
clean_white,1.0,1.0,1.0,0.0,p_6a1fdde02a0b4.jpg,False,540,5917,0,0.83054,2480,6,540
clean_white,1.0,1.0,0.9975,0.0,p_6a1fdde166385.jpg,False,540,5918,1,0.86775,2481,1,540
clean_white,1.0,1.0,1.0,0.0,p_6a1fdde166a72.jpg,False,540,5919,0,0.72441,2481,3,540
clean_white,1.0,1.0,1.0,0.0,p_6a1fdde16718d.jpg,False,540,5920,0,0.78904,2481,6,540
clean_white,1.0,1.0,1.0,0.0,p_6a1fdde2716c6.jpg,False,540,5921,1,0.68808,2482,1,540
clean_white,1.0,1.0,1.0,0.0,p_6a1fdde271e1e.jpg,False,540,5922,0,0.81906,2482,3,540
clean_white,1.0,1.0,1.0,0.0,p_6a1fdde2724d3.jpg,False,540,5923,0,0.8146,2482,6,540
needs_background,0.0,0.0,0.0,0.0,bw935a001-3.jpg,False,4096,5924,1,0.0,2517,0,3072
needs_background,0.0,0.0,0.0,0.0,bw935a001-1.jpg,False,4096,5925,0,9e-05,2517,1,3072
needs_background,0.0,0.0,0.0,0.0,bw935a001-2.jpg,False,4096,5926,0,3e-05,2517,2,3072
